id,day,brand_id,brand_code,brand_name,brand_voice,brand_color,platform,slot_utc,char_limit,content_type,template_id,template_name,template_slot,body_template,suggested_hashtags,status,notes
1,1,1,veridian,Veridian,"trust, restraint, regional rootedness",peacock dark,X,08:00 UTC,280,short text + 2 hashtags,T2,Build-in-public,Daily ship,Day {day}/{total_days}: {shipped_today} — {brand_voice} cut. #BuildInPublic #FreeLeased,#BuildInPublic #FutureCaribbean #FreeLeased,draft,
2,1,2,quill,Quill,"gravitas, editorial craft, serious publication",ivory/ink-red,X,08:00 UTC,280,short text + 2 hashtags,T3,Stat-callout,Numbers,{brand_voice} number drop: {stat} · {stat_context} #FutureCaribbean,#BuildInPublic #FutureCaribbean #FreeLeased,draft,
3,1,3,monolith,Monolith,"clarity, terminal aesthetics, no-nonsense shipping",black/signal-yellow,X,08:00 UTC,280,short text + 2 hashtags,T4,Caribbean-context,Region,Caribbean lens ({jurisdiction}): {regional_observation} — {brand_voice} framing. #CaribbeanAI,#BuildInPublic #FutureCaribbean #FreeLeased,draft,
4,1,4,canopy,Canopy,"cultural rootedness, sustainability, climate-resilience",forest/parrot,X,08:00 UTC,280,short text + 2 hashtags,T5,Honest-disclosure,Discipline,"{brand_voice} honesty: {disclosure} — no overclaim, no hype. #ResponsibleAI",#BuildInPublic #FutureCaribbean #FreeLeased,draft,
5,1,5,coral,Coral,"approachability, resident-led design, plain-language UX",coral/sand/lagoon,X,08:00 UTC,280,short text + 2 hashtags,T6,Call-to-action,Pilot/CTA,Pilot slot open: {ask} — {brand_voice} voice. Reply or DM. #FreeLeased,#BuildInPublic #FutureCaribbean #FreeLeased,draft,
6,1,1,veridian,Veridian,"trust, restraint, regional rootedness",peacock dark,LinkedIn,14:00 UTC,3000,4-6 sentence long-form,T2,Build-in-public,Daily ship,Day {day}/{total_days}: {shipped_today} — {brand_voice} cut. #BuildInPublic #FreeLeased,#BuildInPublic #FutureCaribbean #FreeLeased,draft,
7,1,2,quill,Quill,"gravitas, editorial craft, serious publication",ivory/ink-red,LinkedIn,14:00 UTC,3000,4-6 sentence long-form,T3,Stat-callout,Numbers,{brand_voice} number drop: {stat} · {stat_context} #FutureCaribbean,#BuildInPublic #FutureCaribbean #FreeLeased,draft,
8,1,3,monolith,Monolith,"clarity, terminal aesthetics, no-nonsense shipping",black/signal-yellow,LinkedIn,14:00 UTC,3000,4-6 sentence long-form,T4,Caribbean-context,Region,Caribbean lens ({jurisdiction}): {regional_observation} — {brand_voice} framing. #CaribbeanAI,#BuildInPublic #FutureCaribbean #FreeLeased,draft,
9,1,4,canopy,Canopy,"cultural rootedness, sustainability, climate-resilience",forest/parrot,LinkedIn,14:00 UTC,3000,4-6 sentence long-form,T5,Honest-disclosure,Discipline,"{brand_voice} honesty: {disclosure} — no overclaim, no hype. #ResponsibleAI",#BuildInPublic #FutureCaribbean #FreeLeased,draft,
10,1,5,coral,Coral,"approachability, resident-led design, plain-language UX",coral/sand/lagoon,LinkedIn,14:00 UTC,3000,4-6 sentence long-form,T6,Call-to-action,Pilot/CTA,Pilot slot open: {ask} — {brand_voice} voice. Reply or DM. #FreeLeased,#BuildInPublic #FutureCaribbean #FreeLeased,draft,
11,1,1,veridian,Veridian,"trust, restraint, regional rootedness",peacock dark,Mastodon,09:00 UTC,500,short text + open tag,T2,Build-in-public,Daily ship,Day {day}/{total_days}: {shipped_today} — {brand_voice} cut. #BuildInPublic #FreeLeased,#BuildInPublic #FutureCaribbean #FreeLeased,draft,
12,1,2,quill,Quill,"gravitas, editorial craft, serious publication",ivory/ink-red,Mastodon,09:00 UTC,500,short text + open tag,T3,Stat-callout,Numbers,{brand_voice} number drop: {stat} · {stat_context} #FutureCaribbean,#BuildInPublic #FutureCaribbean #FreeLeased,draft,
13,1,3,monolith,Monolith,"clarity, terminal aesthetics, no-nonsense shipping",black/signal-yellow,Mastodon,09:00 UTC,500,short text + open tag,T4,Caribbean-context,Region,Caribbean lens ({jurisdiction}): {regional_observation} — {brand_voice} framing. #CaribbeanAI,#BuildInPublic #FutureCaribbean #FreeLeased,draft,
14,1,4,canopy,Canopy,"cultural rootedness, sustainability, climate-resilience",forest/parrot,Mastodon,09:00 UTC,500,short text + open tag,T5,Honest-disclosure,Discipline,"{brand_voice} honesty: {disclosure} — no overclaim, no hype. #ResponsibleAI",#BuildInPublic #FutureCaribbean #FreeLeased,draft,
15,1,5,coral,Coral,"approachability, resident-led design, plain-language UX",coral/sand/lagoon,Mastodon,09:00 UTC,500,short text + open tag,T6,Call-to-action,Pilot/CTA,Pilot slot open: {ask} — {brand_voice} voice. Reply or DM. #FreeLeased,#BuildInPublic #FutureCaribbean #FreeLeased,draft,
16,1,1,veridian,Veridian,"trust, restraint, regional rootedness",peacock dark,Bluesky,10:00 UTC,300,short text + custom feed tag,T2,Build-in-public,Daily ship,Day {day}/{total_days}: {shipped_today} — {brand_voice} cut. #BuildInPublic #FreeLeased,#BuildInPublic #FutureCaribbean #FreeLeased,draft,
17,1,2,quill,Quill,"gravitas, editorial craft, serious publication",ivory/ink-red,Bluesky,10:00 UTC,300,short text + custom feed tag,T3,Stat-callout,Numbers,{brand_voice} number drop: {stat} · {stat_context} #FutureCaribbean,#BuildInPublic #FutureCaribbean #FreeLeased,draft,
18,1,3,monolith,Monolith,"clarity, terminal aesthetics, no-nonsense shipping",black/signal-yellow,Bluesky,10:00 UTC,300,short text + custom feed tag,T4,Caribbean-context,Region,Caribbean lens ({jurisdiction}): {regional_observation} — {brand_voice} framing. #CaribbeanAI,#BuildInPublic #FutureCaribbean #FreeLeased,draft,
19,1,4,canopy,Canopy,"cultural rootedness, sustainability, climate-resilience",forest/parrot,Bluesky,10:00 UTC,300,short text + custom feed tag,T5,Honest-disclosure,Discipline,"{brand_voice} honesty: {disclosure} — no overclaim, no hype. #ResponsibleAI",#BuildInPublic #FutureCaribbean #FreeLeased,draft,
20,1,5,coral,Coral,"approachability, resident-led design, plain-language UX",coral/sand/lagoon,Bluesky,10:00 UTC,300,short text + custom feed tag,T6,Call-to-action,Pilot/CTA,Pilot slot open: {ask} — {brand_voice} voice. Reply or DM. #FreeLeased,#BuildInPublic #FutureCaribbean #FreeLeased,draft,
21,1,1,veridian,Veridian,"trust, restraint, regional rootedness",peacock dark,Threads,16:00 UTC,500,"conversational, question-led",T2,Build-in-public,Daily ship,Day {day}/{total_days}: {shipped_today} — {brand_voice} cut. #BuildInPublic #FreeLeased,#BuildInPublic #FutureCaribbean #FreeLeased,draft,
22,1,2,quill,Quill,"gravitas, editorial craft, serious publication",ivory/ink-red,Threads,16:00 UTC,500,"conversational, question-led",T3,Stat-callout,Numbers,{brand_voice} number drop: {stat} · {stat_context} #FutureCaribbean,#BuildInPublic #FutureCaribbean #FreeLeased,draft,
23,1,3,monolith,Monolith,"clarity, terminal aesthetics, no-nonsense shipping",black/signal-yellow,Threads,16:00 UTC,500,"conversational, question-led",T4,Caribbean-context,Region,Caribbean lens ({jurisdiction}): {regional_observation} — {brand_voice} framing. #CaribbeanAI,#BuildInPublic #FutureCaribbean #FreeLeased,draft,
24,1,4,canopy,Canopy,"cultural rootedness, sustainability, climate-resilience",forest/parrot,Threads,16:00 UTC,500,"conversational, question-led",T5,Honest-disclosure,Discipline,"{brand_voice} honesty: {disclosure} — no overclaim, no hype. #ResponsibleAI",#BuildInPublic #FutureCaribbean #FreeLeased,draft,
25,1,5,coral,Coral,"approachability, resident-led design, plain-language UX",coral/sand/lagoon,Threads,16:00 UTC,500,"conversational, question-led",T6,Call-to-action,Pilot/CTA,Pilot slot open: {ask} — {brand_voice} voice. Reply or DM. #FreeLeased,#BuildInPublic #FutureCaribbean #FreeLeased,draft,
26,2,1,veridian,Veridian,"trust, restraint, regional rootedness",peacock dark,X,08:00 UTC,280,short text + 2 hashtags,T3,Stat-callout,Numbers,{brand_voice} number drop: {stat} · {stat_context} #FutureCaribbean,#BuildInPublic #FutureCaribbean #FreeLeased,draft,
27,2,2,quill,Quill,"gravitas, editorial craft, serious publication",ivory/ink-red,X,08:00 UTC,280,short text + 2 hashtags,T4,Caribbean-context,Region,Caribbean lens ({jurisdiction}): {regional_observation} — {brand_voice} framing. #CaribbeanAI,#BuildInPublic #FutureCaribbean #FreeLeased,draft,
28,2,3,monolith,Monolith,"clarity, terminal aesthetics, no-nonsense shipping",black/signal-yellow,X,08:00 UTC,280,short text + 2 hashtags,T5,Honest-disclosure,Discipline,"{brand_voice} honesty: {disclosure} — no overclaim, no hype. #ResponsibleAI",#BuildInPublic #FutureCaribbean #FreeLeased,draft,
29,2,4,canopy,Canopy,"cultural rootedness, sustainability, climate-resilience",forest/parrot,X,08:00 UTC,280,short text + 2 hashtags,T6,Call-to-action,Pilot/CTA,Pilot slot open: {ask} — {brand_voice} voice. Reply or DM. #FreeLeased,#BuildInPublic #FutureCaribbean #FreeLeased,draft,
30,2,5,coral,Coral,"approachability, resident-led design, plain-language UX",coral/sand/lagoon,X,08:00 UTC,280,short text + 2 hashtags,T1,Problem-stat,POV,{brand_voice} framing: {problem_statement} · #FutureCaribbean #BuildInPublic,#BuildInPublic #FutureCaribbean #FreeLeased,draft,
31,2,1,veridian,Veridian,"trust, restraint, regional rootedness",peacock dark,LinkedIn,14:00 UTC,3000,4-6 sentence long-form,T3,Stat-callout,Numbers,{brand_voice} number drop: {stat} · {stat_context} #FutureCaribbean,#BuildInPublic #FutureCaribbean #FreeLeased,draft,
32,2,2,quill,Quill,"gravitas, editorial craft, serious publication",ivory/ink-red,LinkedIn,14:00 UTC,3000,4-6 sentence long-form,T4,Caribbean-context,Region,Caribbean lens ({jurisdiction}): {regional_observation} — {brand_voice} framing. #CaribbeanAI,#BuildInPublic #FutureCaribbean #FreeLeased,draft,
33,2,3,monolith,Monolith,"clarity, terminal aesthetics, no-nonsense shipping",black/signal-yellow,LinkedIn,14:00 UTC,3000,4-6 sentence long-form,T5,Honest-disclosure,Discipline,"{brand_voice} honesty: {disclosure} — no overclaim, no hype. #ResponsibleAI",#BuildInPublic #FutureCaribbean #FreeLeased,draft,
34,2,4,canopy,Canopy,"cultural rootedness, sustainability, climate-resilience",forest/parrot,LinkedIn,14:00 UTC,3000,4-6 sentence long-form,T6,Call-to-action,Pilot/CTA,Pilot slot open: {ask} — {brand_voice} voice. Reply or DM. #FreeLeased,#BuildInPublic #FutureCaribbean #FreeLeased,draft,
35,2,5,coral,Coral,"approachability, resident-led design, plain-language UX",coral/sand/lagoon,LinkedIn,14:00 UTC,3000,4-6 sentence long-form,T1,Problem-stat,POV,{brand_voice} framing: {problem_statement} · #FutureCaribbean #BuildInPublic,#BuildInPublic #FutureCaribbean #FreeLeased,draft,
36,2,1,veridian,Veridian,"trust, restraint, regional rootedness",peacock dark,Mastodon,09:00 UTC,500,short text + open tag,T3,Stat-callout,Numbers,{brand_voice} number drop: {stat} · {stat_context} #FutureCaribbean,#BuildInPublic #FutureCaribbean #FreeLeased,draft,
37,2,2,quill,Quill,"gravitas, editorial craft, serious publication",ivory/ink-red,Mastodon,09:00 UTC,500,short text + open tag,T4,Caribbean-context,Region,Caribbean lens ({jurisdiction}): {regional_observation} — {brand_voice} framing. #CaribbeanAI,#BuildInPublic #FutureCaribbean #FreeLeased,draft,
38,2,3,monolith,Monolith,"clarity, terminal aesthetics, no-nonsense shipping",black/signal-yellow,Mastodon,09:00 UTC,500,short text + open tag,T5,Honest-disclosure,Discipline,"{brand_voice} honesty: {disclosure} — no overclaim, no hype. #ResponsibleAI",#BuildInPublic #FutureCaribbean #FreeLeased,draft,
39,2,4,canopy,Canopy,"cultural rootedness, sustainability, climate-resilience",forest/parrot,Mastodon,09:00 UTC,500,short text + open tag,T6,Call-to-action,Pilot/CTA,Pilot slot open: {ask} — {brand_voice} voice. Reply or DM. #FreeLeased,#BuildInPublic #FutureCaribbean #FreeLeased,draft,
40,2,5,coral,Coral,"approachability, resident-led design, plain-language UX",coral/sand/lagoon,Mastodon,09:00 UTC,500,short text + open tag,T1,Problem-stat,POV,{brand_voice} framing: {problem_statement} · #FutureCaribbean #BuildInPublic,#BuildInPublic #FutureCaribbean #FreeLeased,draft,
41,2,1,veridian,Veridian,"trust, restraint, regional rootedness",peacock dark,Bluesky,10:00 UTC,300,short text + custom feed tag,T3,Stat-callout,Numbers,{brand_voice} number drop: {stat} · {stat_context} #FutureCaribbean,#BuildInPublic #FutureCaribbean #FreeLeased,draft,
42,2,2,quill,Quill,"gravitas, editorial craft, serious publication",ivory/ink-red,Bluesky,10:00 UTC,300,short text + custom feed tag,T4,Caribbean-context,Region,Caribbean lens ({jurisdiction}): {regional_observation} — {brand_voice} framing. #CaribbeanAI,#BuildInPublic #FutureCaribbean #FreeLeased,draft,
43,2,3,monolith,Monolith,"clarity, terminal aesthetics, no-nonsense shipping",black/signal-yellow,Bluesky,10:00 UTC,300,short text + custom feed tag,T5,Honest-disclosure,Discipline,"{brand_voice} honesty: {disclosure} — no overclaim, no hype. #ResponsibleAI",#BuildInPublic #FutureCaribbean #FreeLeased,draft,
44,2,4,canopy,Canopy,"cultural rootedness, sustainability, climate-resilience",forest/parrot,Bluesky,10:00 UTC,300,short text + custom feed tag,T6,Call-to-action,Pilot/CTA,Pilot slot open: {ask} — {brand_voice} voice. Reply or DM. #FreeLeased,#BuildInPublic #FutureCaribbean #FreeLeased,draft,
45,2,5,coral,Coral,"approachability, resident-led design, plain-language UX",coral/sand/lagoon,Bluesky,10:00 UTC,300,short text + custom feed tag,T1,Problem-stat,POV,{brand_voice} framing: {problem_statement} · #FutureCaribbean #BuildInPublic,#BuildInPublic #FutureCaribbean #FreeLeased,draft,
46,2,1,veridian,Veridian,"trust, restraint, regional rootedness",peacock dark,Threads,16:00 UTC,500,"conversational, question-led",T3,Stat-callout,Numbers,{brand_voice} number drop: {stat} · {stat_context} #FutureCaribbean,#BuildInPublic #FutureCaribbean #FreeLeased,draft,
47,2,2,quill,Quill,"gravitas, editorial craft, serious publication",ivory/ink-red,Threads,16:00 UTC,500,"conversational, question-led",T4,Caribbean-context,Region,Caribbean lens ({jurisdiction}): {regional_observation} — {brand_voice} framing. #CaribbeanAI,#BuildInPublic #FutureCaribbean #FreeLeased,draft,
48,2,3,monolith,Monolith,"clarity, terminal aesthetics, no-nonsense shipping",black/signal-yellow,Threads,16:00 UTC,500,"conversational, question-led",T5,Honest-disclosure,Discipline,"{brand_voice} honesty: {disclosure} — no overclaim, no hype. #ResponsibleAI",#BuildInPublic #FutureCaribbean #FreeLeased,draft,
49,2,4,canopy,Canopy,"cultural rootedness, sustainability, climate-resilience",forest/parrot,Threads,16:00 UTC,500,"conversational, question-led",T6,Call-to-action,Pilot/CTA,Pilot slot open: {ask} — {brand_voice} voice. Reply or DM. #FreeLeased,#BuildInPublic #FutureCaribbean #FreeLeased,draft,
50,2,5,coral,Coral,"approachability, resident-led design, plain-language UX",coral/sand/lagoon,Threads,16:00 UTC,500,"conversational, question-led",T1,Problem-stat,POV,{brand_voice} framing: {problem_statement} · #FutureCaribbean #BuildInPublic,#BuildInPublic #FutureCaribbean #FreeLeased,draft,
51,3,1,veridian,Veridian,"trust, restraint, regional rootedness",peacock dark,X,08:00 UTC,280,short text + 2 hashtags,T4,Caribbean-context,Region,Caribbean lens ({jurisdiction}): {regional_observation} — {brand_voice} framing. #CaribbeanAI,#BuildInPublic #FutureCaribbean #FreeLeased,draft,
52,3,2,quill,Quill,"gravitas, editorial craft, serious publication",ivory/ink-red,X,08:00 UTC,280,short text + 2 hashtags,T5,Honest-disclosure,Discipline,"{brand_voice} honesty: {disclosure} — no overclaim, no hype. #ResponsibleAI",#BuildInPublic #FutureCaribbean #FreeLeased,draft,
53,3,3,monolith,Monolith,"clarity, terminal aesthetics, no-nonsense shipping",black/signal-yellow,X,08:00 UTC,280,short text + 2 hashtags,T6,Call-to-action,Pilot/CTA,Pilot slot open: {ask} — {brand_voice} voice. Reply or DM. #FreeLeased,#BuildInPublic #FutureCaribbean #FreeLeased,draft,
54,3,4,canopy,Canopy,"cultural rootedness, sustainability, climate-resilience",forest/parrot,X,08:00 UTC,280,short text + 2 hashtags,T1,Problem-stat,POV,{brand_voice} framing: {problem_statement} · #FutureCaribbean #BuildInPublic,#BuildInPublic #FutureCaribbean #FreeLeased,draft,
55,3,5,coral,Coral,"approachability, resident-led design, plain-language UX",coral/sand/lagoon,X,08:00 UTC,280,short text + 2 hashtags,T2,Build-in-public,Daily ship,Day {day}/{total_days}: {shipped_today} — {brand_voice} cut. #BuildInPublic #FreeLeased,#BuildInPublic #FutureCaribbean #FreeLeased,draft,
56,3,1,veridian,Veridian,"trust, restraint, regional rootedness",peacock dark,LinkedIn,14:00 UTC,3000,4-6 sentence long-form,T4,Caribbean-context,Region,Caribbean lens ({jurisdiction}): {regional_observation} — {brand_voice} framing. #CaribbeanAI,#BuildInPublic #FutureCaribbean #FreeLeased,draft,
57,3,2,quill,Quill,"gravitas, editorial craft, serious publication",ivory/ink-red,LinkedIn,14:00 UTC,3000,4-6 sentence long-form,T5,Honest-disclosure,Discipline,"{brand_voice} honesty: {disclosure} — no overclaim, no hype. #ResponsibleAI",#BuildInPublic #FutureCaribbean #FreeLeased,draft,
58,3,3,monolith,Monolith,"clarity, terminal aesthetics, no-nonsense shipping",black/signal-yellow,LinkedIn,14:00 UTC,3000,4-6 sentence long-form,T6,Call-to-action,Pilot/CTA,Pilot slot open: {ask} — {brand_voice} voice. Reply or DM. #FreeLeased,#BuildInPublic #FutureCaribbean #FreeLeased,draft,
59,3,4,canopy,Canopy,"cultural rootedness, sustainability, climate-resilience",forest/parrot,LinkedIn,14:00 UTC,3000,4-6 sentence long-form,T1,Problem-stat,POV,{brand_voice} framing: {problem_statement} · #FutureCaribbean #BuildInPublic,#BuildInPublic #FutureCaribbean #FreeLeased,draft,
60,3,5,coral,Coral,"approachability, resident-led design, plain-language UX",coral/sand/lagoon,LinkedIn,14:00 UTC,3000,4-6 sentence long-form,T2,Build-in-public,Daily ship,Day {day}/{total_days}: {shipped_today} — {brand_voice} cut. #BuildInPublic #FreeLeased,#BuildInPublic #FutureCaribbean #FreeLeased,draft,
61,3,1,veridian,Veridian,"trust, restraint, regional rootedness",peacock dark,Mastodon,09:00 UTC,500,short text + open tag,T4,Caribbean-context,Region,Caribbean lens ({jurisdiction}): {regional_observation} — {brand_voice} framing. #CaribbeanAI,#BuildInPublic #FutureCaribbean #FreeLeased,draft,
62,3,2,quill,Quill,"gravitas, editorial craft, serious publication",ivory/ink-red,Mastodon,09:00 UTC,500,short text + open tag,T5,Honest-disclosure,Discipline,"{brand_voice} honesty: {disclosure} — no overclaim, no hype. #ResponsibleAI",#BuildInPublic #FutureCaribbean #FreeLeased,draft,
63,3,3,monolith,Monolith,"clarity, terminal aesthetics, no-nonsense shipping",black/signal-yellow,Mastodon,09:00 UTC,500,short text + open tag,T6,Call-to-action,Pilot/CTA,Pilot slot open: {ask} — {brand_voice} voice. Reply or DM. #FreeLeased,#BuildInPublic #FutureCaribbean #FreeLeased,draft,
64,3,4,canopy,Canopy,"cultural rootedness, sustainability, climate-resilience",forest/parrot,Mastodon,09:00 UTC,500,short text + open tag,T1,Problem-stat,POV,{brand_voice} framing: {problem_statement} · #FutureCaribbean #BuildInPublic,#BuildInPublic #FutureCaribbean #FreeLeased,draft,
65,3,5,coral,Coral,"approachability, resident-led design, plain-language UX",coral/sand/lagoon,Mastodon,09:00 UTC,500,short text + open tag,T2,Build-in-public,Daily ship,Day {day}/{total_days}: {shipped_today} — {brand_voice} cut. #BuildInPublic #FreeLeased,#BuildInPublic #FutureCaribbean #FreeLeased,draft,
66,3,1,veridian,Veridian,"trust, restraint, regional rootedness",peacock dark,Bluesky,10:00 UTC,300,short text + custom feed tag,T4,Caribbean-context,Region,Caribbean lens ({jurisdiction}): {regional_observation} — {brand_voice} framing. #CaribbeanAI,#BuildInPublic #FutureCaribbean #FreeLeased,draft,
67,3,2,quill,Quill,"gravitas, editorial craft, serious publication",ivory/ink-red,Bluesky,10:00 UTC,300,short text + custom feed tag,T5,Honest-disclosure,Discipline,"{brand_voice} honesty: {disclosure} — no overclaim, no hype. #ResponsibleAI",#BuildInPublic #FutureCaribbean #FreeLeased,draft,
68,3,3,monolith,Monolith,"clarity, terminal aesthetics, no-nonsense shipping",black/signal-yellow,Bluesky,10:00 UTC,300,short text + custom feed tag,T6,Call-to-action,Pilot/CTA,Pilot slot open: {ask} — {brand_voice} voice. Reply or DM. #FreeLeased,#BuildInPublic #FutureCaribbean #FreeLeased,draft,
69,3,4,canopy,Canopy,"cultural rootedness, sustainability, climate-resilience",forest/parrot,Bluesky,10:00 UTC,300,short text + custom feed tag,T1,Problem-stat,POV,{brand_voice} framing: {problem_statement} · #FutureCaribbean #BuildInPublic,#BuildInPublic #FutureCaribbean #FreeLeased,draft,
70,3,5,coral,Coral,"approachability, resident-led design, plain-language UX",coral/sand/lagoon,Bluesky,10:00 UTC,300,short text + custom feed tag,T2,Build-in-public,Daily ship,Day {day}/{total_days}: {shipped_today} — {brand_voice} cut. #BuildInPublic #FreeLeased,#BuildInPublic #FutureCaribbean #FreeLeased,draft,
71,3,1,veridian,Veridian,"trust, restraint, regional rootedness",peacock dark,Threads,16:00 UTC,500,"conversational, question-led",T4,Caribbean-context,Region,Caribbean lens ({jurisdiction}): {regional_observation} — {brand_voice} framing. #CaribbeanAI,#BuildInPublic #FutureCaribbean #FreeLeased,draft,
72,3,2,quill,Quill,"gravitas, editorial craft, serious publication",ivory/ink-red,Threads,16:00 UTC,500,"conversational, question-led",T5,Honest-disclosure,Discipline,"{brand_voice} honesty: {disclosure} — no overclaim, no hype. #ResponsibleAI",#BuildInPublic #FutureCaribbean #FreeLeased,draft,
73,3,3,monolith,Monolith,"clarity, terminal aesthetics, no-nonsense shipping",black/signal-yellow,Threads,16:00 UTC,500,"conversational, question-led",T6,Call-to-action,Pilot/CTA,Pilot slot open: {ask} — {brand_voice} voice. Reply or DM. #FreeLeased,#BuildInPublic #FutureCaribbean #FreeLeased,draft,
74,3,4,canopy,Canopy,"cultural rootedness, sustainability, climate-resilience",forest/parrot,Threads,16:00 UTC,500,"conversational, question-led",T1,Problem-stat,POV,{brand_voice} framing: {problem_statement} · #FutureCaribbean #BuildInPublic,#BuildInPublic #FutureCaribbean #FreeLeased,draft,
75,3,5,coral,Coral,"approachability, resident-led design, plain-language UX",coral/sand/lagoon,Threads,16:00 UTC,500,"conversational, question-led",T2,Build-in-public,Daily ship,Day {day}/{total_days}: {shipped_today} — {brand_voice} cut. #BuildInPublic #FreeLeased,#BuildInPublic #FutureCaribbean #FreeLeased,draft,
76,4,1,veridian,Veridian,"trust, restraint, regional rootedness",peacock dark,X,08:00 UTC,280,short text + 2 hashtags,T5,Honest-disclosure,Discipline,"{brand_voice} honesty: {disclosure} — no overclaim, no hype. #ResponsibleAI",#BuildInPublic #FutureCaribbean #FreeLeased,draft,
77,4,2,quill,Quill,"gravitas, editorial craft, serious publication",ivory/ink-red,X,08:00 UTC,280,short text + 2 hashtags,T6,Call-to-action,Pilot/CTA,Pilot slot open: {ask} — {brand_voice} voice. Reply or DM. #FreeLeased,#BuildInPublic #FutureCaribbean #FreeLeased,draft,
78,4,3,monolith,Monolith,"clarity, terminal aesthetics, no-nonsense shipping",black/signal-yellow,X,08:00 UTC,280,short text + 2 hashtags,T1,Problem-stat,POV,{brand_voice} framing: {problem_statement} · #FutureCaribbean #BuildInPublic,#BuildInPublic #FutureCaribbean #FreeLeased,draft,
79,4,4,canopy,Canopy,"cultural rootedness, sustainability, climate-resilience",forest/parrot,X,08:00 UTC,280,short text + 2 hashtags,T2,Build-in-public,Daily ship,Day {day}/{total_days}: {shipped_today} — {brand_voice} cut. #BuildInPublic #FreeLeased,#BuildInPublic #FutureCaribbean #FreeLeased,draft,
80,4,5,coral,Coral,"approachability, resident-led design, plain-language UX",coral/sand/lagoon,X,08:00 UTC,280,short text + 2 hashtags,T3,Stat-callout,Numbers,{brand_voice} number drop: {stat} · {stat_context} #FutureCaribbean,#BuildInPublic #FutureCaribbean #FreeLeased,draft,
81,4,1,veridian,Veridian,"trust, restraint, regional rootedness",peacock dark,LinkedIn,14:00 UTC,3000,4-6 sentence long-form,T5,Honest-disclosure,Discipline,"{brand_voice} honesty: {disclosure} — no overclaim, no hype. #ResponsibleAI",#BuildInPublic #FutureCaribbean #FreeLeased,draft,
82,4,2,quill,Quill,"gravitas, editorial craft, serious publication",ivory/ink-red,LinkedIn,14:00 UTC,3000,4-6 sentence long-form,T6,Call-to-action,Pilot/CTA,Pilot slot open: {ask} — {brand_voice} voice. Reply or DM. #FreeLeased,#BuildInPublic #FutureCaribbean #FreeLeased,draft,
83,4,3,monolith,Monolith,"clarity, terminal aesthetics, no-nonsense shipping",black/signal-yellow,LinkedIn,14:00 UTC,3000,4-6 sentence long-form,T1,Problem-stat,POV,{brand_voice} framing: {problem_statement} · #FutureCaribbean #BuildInPublic,#BuildInPublic #FutureCaribbean #FreeLeased,draft,
84,4,4,canopy,Canopy,"cultural rootedness, sustainability, climate-resilience",forest/parrot,LinkedIn,14:00 UTC,3000,4-6 sentence long-form,T2,Build-in-public,Daily ship,Day {day}/{total_days}: {shipped_today} — {brand_voice} cut. #BuildInPublic #FreeLeased,#BuildInPublic #FutureCaribbean #FreeLeased,draft,
85,4,5,coral,Coral,"approachability, resident-led design, plain-language UX",coral/sand/lagoon,LinkedIn,14:00 UTC,3000,4-6 sentence long-form,T3,Stat-callout,Numbers,{brand_voice} number drop: {stat} · {stat_context} #FutureCaribbean,#BuildInPublic #FutureCaribbean #FreeLeased,draft,
86,4,1,veridian,Veridian,"trust, restraint, regional rootedness",peacock dark,Mastodon,09:00 UTC,500,short text + open tag,T5,Honest-disclosure,Discipline,"{brand_voice} honesty: {disclosure} — no overclaim, no hype. #ResponsibleAI",#BuildInPublic #FutureCaribbean #FreeLeased,draft,
87,4,2,quill,Quill,"gravitas, editorial craft, serious publication",ivory/ink-red,Mastodon,09:00 UTC,500,short text + open tag,T6,Call-to-action,Pilot/CTA,Pilot slot open: {ask} — {brand_voice} voice. Reply or DM. #FreeLeased,#BuildInPublic #FutureCaribbean #FreeLeased,draft,
88,4,3,monolith,Monolith,"clarity, terminal aesthetics, no-nonsense shipping",black/signal-yellow,Mastodon,09:00 UTC,500,short text + open tag,T1,Problem-stat,POV,{brand_voice} framing: {problem_statement} · #FutureCaribbean #BuildInPublic,#BuildInPublic #FutureCaribbean #FreeLeased,draft,
89,4,4,canopy,Canopy,"cultural rootedness, sustainability, climate-resilience",forest/parrot,Mastodon,09:00 UTC,500,short text + open tag,T2,Build-in-public,Daily ship,Day {day}/{total_days}: {shipped_today} — {brand_voice} cut. #BuildInPublic #FreeLeased,#BuildInPublic #FutureCaribbean #FreeLeased,draft,
90,4,5,coral,Coral,"approachability, resident-led design, plain-language UX",coral/sand/lagoon,Mastodon,09:00 UTC,500,short text + open tag,T3,Stat-callout,Numbers,{brand_voice} number drop: {stat} · {stat_context} #FutureCaribbean,#BuildInPublic #FutureCaribbean #FreeLeased,draft,
91,4,1,veridian,Veridian,"trust, restraint, regional rootedness",peacock dark,Bluesky,10:00 UTC,300,short text + custom feed tag,T5,Honest-disclosure,Discipline,"{brand_voice} honesty: {disclosure} — no overclaim, no hype. #ResponsibleAI",#BuildInPublic #FutureCaribbean #FreeLeased,draft,
92,4,2,quill,Quill,"gravitas, editorial craft, serious publication",ivory/ink-red,Bluesky,10:00 UTC,300,short text + custom feed tag,T6,Call-to-action,Pilot/CTA,Pilot slot open: {ask} — {brand_voice} voice. Reply or DM. #FreeLeased,#BuildInPublic #FutureCaribbean #FreeLeased,draft,
93,4,3,monolith,Monolith,"clarity, terminal aesthetics, no-nonsense shipping",black/signal-yellow,Bluesky,10:00 UTC,300,short text + custom feed tag,T1,Problem-stat,POV,{brand_voice} framing: {problem_statement} · #FutureCaribbean #BuildInPublic,#BuildInPublic #FutureCaribbean #FreeLeased,draft,
94,4,4,canopy,Canopy,"cultural rootedness, sustainability, climate-resilience",forest/parrot,Bluesky,10:00 UTC,300,short text + custom feed tag,T2,Build-in-public,Daily ship,Day {day}/{total_days}: {shipped_today} — {brand_voice} cut. #BuildInPublic #FreeLeased,#BuildInPublic #FutureCaribbean #FreeLeased,draft,
95,4,5,coral,Coral,"approachability, resident-led design, plain-language UX",coral/sand/lagoon,Bluesky,10:00 UTC,300,short text + custom feed tag,T3,Stat-callout,Numbers,{brand_voice} number drop: {stat} · {stat_context} #FutureCaribbean,#BuildInPublic #FutureCaribbean #FreeLeased,draft,
96,4,1,veridian,Veridian,"trust, restraint, regional rootedness",peacock dark,Threads,16:00 UTC,500,"conversational, question-led",T5,Honest-disclosure,Discipline,"{brand_voice} honesty: {disclosure} — no overclaim, no hype. #ResponsibleAI",#BuildInPublic #FutureCaribbean #FreeLeased,draft,
97,4,2,quill,Quill,"gravitas, editorial craft, serious publication",ivory/ink-red,Threads,16:00 UTC,500,"conversational, question-led",T6,Call-to-action,Pilot/CTA,Pilot slot open: {ask} — {brand_voice} voice. Reply or DM. #FreeLeased,#BuildInPublic #FutureCaribbean #FreeLeased,draft,
98,4,3,monolith,Monolith,"clarity, terminal aesthetics, no-nonsense shipping",black/signal-yellow,Threads,16:00 UTC,500,"conversational, question-led",T1,Problem-stat,POV,{brand_voice} framing: {problem_statement} · #FutureCaribbean #BuildInPublic,#BuildInPublic #FutureCaribbean #FreeLeased,draft,
99,4,4,canopy,Canopy,"cultural rootedness, sustainability, climate-resilience",forest/parrot,Threads,16:00 UTC,500,"conversational, question-led",T2,Build-in-public,Daily ship,Day {day}/{total_days}: {shipped_today} — {brand_voice} cut. #BuildInPublic #FreeLeased,#BuildInPublic #FutureCaribbean #FreeLeased,draft,
100,4,5,coral,Coral,"approachability, resident-led design, plain-language UX",coral/sand/lagoon,Threads,16:00 UTC,500,"conversational, question-led",T3,Stat-callout,Numbers,{brand_voice} number drop: {stat} · {stat_context} #FutureCaribbean,#BuildInPublic #FutureCaribbean #FreeLeased,draft,
101,5,1,veridian,Veridian,"trust, restraint, regional rootedness",peacock dark,X,08:00 UTC,280,short text + 2 hashtags,T6,Call-to-action,Pilot/CTA,Pilot slot open: {ask} — {brand_voice} voice. Reply or DM. #FreeLeased,#BuildInPublic #FutureCaribbean #FreeLeased,draft,
102,5,2,quill,Quill,"gravitas, editorial craft, serious publication",ivory/ink-red,X,08:00 UTC,280,short text + 2 hashtags,T1,Problem-stat,POV,{brand_voice} framing: {problem_statement} · #FutureCaribbean #BuildInPublic,#BuildInPublic #FutureCaribbean #FreeLeased,draft,
103,5,3,monolith,Monolith,"clarity, terminal aesthetics, no-nonsense shipping",black/signal-yellow,X,08:00 UTC,280,short text + 2 hashtags,T2,Build-in-public,Daily ship,Day {day}/{total_days}: {shipped_today} — {brand_voice} cut. #BuildInPublic #FreeLeased,#BuildInPublic #FutureCaribbean #FreeLeased,draft,
104,5,4,canopy,Canopy,"cultural rootedness, sustainability, climate-resilience",forest/parrot,X,08:00 UTC,280,short text + 2 hashtags,T3,Stat-callout,Numbers,{brand_voice} number drop: {stat} · {stat_context} #FutureCaribbean,#BuildInPublic #FutureCaribbean #FreeLeased,draft,
105,5,5,coral,Coral,"approachability, resident-led design, plain-language UX",coral/sand/lagoon,X,08:00 UTC,280,short text + 2 hashtags,T4,Caribbean-context,Region,Caribbean lens ({jurisdiction}): {regional_observation} — {brand_voice} framing. #CaribbeanAI,#BuildInPublic #FutureCaribbean #FreeLeased,draft,
106,5,1,veridian,Veridian,"trust, restraint, regional rootedness",peacock dark,LinkedIn,14:00 UTC,3000,4-6 sentence long-form,T6,Call-to-action,Pilot/CTA,Pilot slot open: {ask} — {brand_voice} voice. Reply or DM. #FreeLeased,#BuildInPublic #FutureCaribbean #FreeLeased,draft,
107,5,2,quill,Quill,"gravitas, editorial craft, serious publication",ivory/ink-red,LinkedIn,14:00 UTC,3000,4-6 sentence long-form,T1,Problem-stat,POV,{brand_voice} framing: {problem_statement} · #FutureCaribbean #BuildInPublic,#BuildInPublic #FutureCaribbean #FreeLeased,draft,
108,5,3,monolith,Monolith,"clarity, terminal aesthetics, no-nonsense shipping",black/signal-yellow,LinkedIn,14:00 UTC,3000,4-6 sentence long-form,T2,Build-in-public,Daily ship,Day {day}/{total_days}: {shipped_today} — {brand_voice} cut. #BuildInPublic #FreeLeased,#BuildInPublic #FutureCaribbean #FreeLeased,draft,
109,5,4,canopy,Canopy,"cultural rootedness, sustainability, climate-resilience",forest/parrot,LinkedIn,14:00 UTC,3000,4-6 sentence long-form,T3,Stat-callout,Numbers,{brand_voice} number drop: {stat} · {stat_context} #FutureCaribbean,#BuildInPublic #FutureCaribbean #FreeLeased,draft,
110,5,5,coral,Coral,"approachability, resident-led design, plain-language UX",coral/sand/lagoon,LinkedIn,14:00 UTC,3000,4-6 sentence long-form,T4,Caribbean-context,Region,Caribbean lens ({jurisdiction}): {regional_observation} — {brand_voice} framing. #CaribbeanAI,#BuildInPublic #FutureCaribbean #FreeLeased,draft,
111,5,1,veridian,Veridian,"trust, restraint, regional rootedness",peacock dark,Mastodon,09:00 UTC,500,short text + open tag,T6,Call-to-action,Pilot/CTA,Pilot slot open: {ask} — {brand_voice} voice. Reply or DM. #FreeLeased,#BuildInPublic #FutureCaribbean #FreeLeased,draft,
112,5,2,quill,Quill,"gravitas, editorial craft, serious publication",ivory/ink-red,Mastodon,09:00 UTC,500,short text + open tag,T1,Problem-stat,POV,{brand_voice} framing: {problem_statement} · #FutureCaribbean #BuildInPublic,#BuildInPublic #FutureCaribbean #FreeLeased,draft,
113,5,3,monolith,Monolith,"clarity, terminal aesthetics, no-nonsense shipping",black/signal-yellow,Mastodon,09:00 UTC,500,short text + open tag,T2,Build-in-public,Daily ship,Day {day}/{total_days}: {shipped_today} — {brand_voice} cut. #BuildInPublic #FreeLeased,#BuildInPublic #FutureCaribbean #FreeLeased,draft,
114,5,4,canopy,Canopy,"cultural rootedness, sustainability, climate-resilience",forest/parrot,Mastodon,09:00 UTC,500,short text + open tag,T3,Stat-callout,Numbers,{brand_voice} number drop: {stat} · {stat_context} #FutureCaribbean,#BuildInPublic #FutureCaribbean #FreeLeased,draft,
115,5,5,coral,Coral,"approachability, resident-led design, plain-language UX",coral/sand/lagoon,Mastodon,09:00 UTC,500,short text + open tag,T4,Caribbean-context,Region,Caribbean lens ({jurisdiction}): {regional_observation} — {brand_voice} framing. #CaribbeanAI,#BuildInPublic #FutureCaribbean #FreeLeased,draft,
116,5,1,veridian,Veridian,"trust, restraint, regional rootedness",peacock dark,Bluesky,10:00 UTC,300,short text + custom feed tag,T6,Call-to-action,Pilot/CTA,Pilot slot open: {ask} — {brand_voice} voice. Reply or DM. #FreeLeased,#BuildInPublic #FutureCaribbean #FreeLeased,draft,
117,5,2,quill,Quill,"gravitas, editorial craft, serious publication",ivory/ink-red,Bluesky,10:00 UTC,300,short text + custom feed tag,T1,Problem-stat,POV,{brand_voice} framing: {problem_statement} · #FutureCaribbean #BuildInPublic,#BuildInPublic #FutureCaribbean #FreeLeased,draft,
118,5,3,monolith,Monolith,"clarity, terminal aesthetics, no-nonsense shipping",black/signal-yellow,Bluesky,10:00 UTC,300,short text + custom feed tag,T2,Build-in-public,Daily ship,Day {day}/{total_days}: {shipped_today} — {brand_voice} cut. #BuildInPublic #FreeLeased,#BuildInPublic #FutureCaribbean #FreeLeased,draft,
119,5,4,canopy,Canopy,"cultural rootedness, sustainability, climate-resilience",forest/parrot,Bluesky,10:00 UTC,300,short text + custom feed tag,T3,Stat-callout,Numbers,{brand_voice} number drop: {stat} · {stat_context} #FutureCaribbean,#BuildInPublic #FutureCaribbean #FreeLeased,draft,
120,5,5,coral,Coral,"approachability, resident-led design, plain-language UX",coral/sand/lagoon,Bluesky,10:00 UTC,300,short text + custom feed tag,T4,Caribbean-context,Region,Caribbean lens ({jurisdiction}): {regional_observation} — {brand_voice} framing. #CaribbeanAI,#BuildInPublic #FutureCaribbean #FreeLeased,draft,
121,5,1,veridian,Veridian,"trust, restraint, regional rootedness",peacock dark,Threads,16:00 UTC,500,"conversational, question-led",T6,Call-to-action,Pilot/CTA,Pilot slot open: {ask} — {brand_voice} voice. Reply or DM. #FreeLeased,#BuildInPublic #FutureCaribbean #FreeLeased,draft,
122,5,2,quill,Quill,"gravitas, editorial craft, serious publication",ivory/ink-red,Threads,16:00 UTC,500,"conversational, question-led",T1,Problem-stat,POV,{brand_voice} framing: {problem_statement} · #FutureCaribbean #BuildInPublic,#BuildInPublic #FutureCaribbean #FreeLeased,draft,
123,5,3,monolith,Monolith,"clarity, terminal aesthetics, no-nonsense shipping",black/signal-yellow,Threads,16:00 UTC,500,"conversational, question-led",T2,Build-in-public,Daily ship,Day {day}/{total_days}: {shipped_today} — {brand_voice} cut. #BuildInPublic #FreeLeased,#BuildInPublic #FutureCaribbean #FreeLeased,draft,
124,5,4,canopy,Canopy,"cultural rootedness, sustainability, climate-resilience",forest/parrot,Threads,16:00 UTC,500,"conversational, question-led",T3,Stat-callout,Numbers,{brand_voice} number drop: {stat} · {stat_context} #FutureCaribbean,#BuildInPublic #FutureCaribbean #FreeLeased,draft,
125,5,5,coral,Coral,"approachability, resident-led design, plain-language UX",coral/sand/lagoon,Threads,16:00 UTC,500,"conversational, question-led",T4,Caribbean-context,Region,Caribbean lens ({jurisdiction}): {regional_observation} — {brand_voice} framing. #CaribbeanAI,#BuildInPublic #FutureCaribbean #FreeLeased,draft,
126,6,1,veridian,Veridian,"trust, restraint, regional rootedness",peacock dark,X,08:00 UTC,280,short text + 2 hashtags,T1,Problem-stat,POV,{brand_voice} framing: {problem_statement} · #FutureCaribbean #BuildInPublic,#BuildInPublic #FutureCaribbean #FreeLeased,draft,
127,6,2,quill,Quill,"gravitas, editorial craft, serious publication",ivory/ink-red,X,08:00 UTC,280,short text + 2 hashtags,T2,Build-in-public,Daily ship,Day {day}/{total_days}: {shipped_today} — {brand_voice} cut. #BuildInPublic #FreeLeased,#BuildInPublic #FutureCaribbean #FreeLeased,draft,
128,6,3,monolith,Monolith,"clarity, terminal aesthetics, no-nonsense shipping",black/signal-yellow,X,08:00 UTC,280,short text + 2 hashtags,T3,Stat-callout,Numbers,{brand_voice} number drop: {stat} · {stat_context} #FutureCaribbean,#BuildInPublic #FutureCaribbean #FreeLeased,draft,
129,6,4,canopy,Canopy,"cultural rootedness, sustainability, climate-resilience",forest/parrot,X,08:00 UTC,280,short text + 2 hashtags,T4,Caribbean-context,Region,Caribbean lens ({jurisdiction}): {regional_observation} — {brand_voice} framing. #CaribbeanAI,#BuildInPublic #FutureCaribbean #FreeLeased,draft,
130,6,5,coral,Coral,"approachability, resident-led design, plain-language UX",coral/sand/lagoon,X,08:00 UTC,280,short text + 2 hashtags,T5,Honest-disclosure,Discipline,"{brand_voice} honesty: {disclosure} — no overclaim, no hype. #ResponsibleAI",#BuildInPublic #FutureCaribbean #FreeLeased,draft,
131,6,1,veridian,Veridian,"trust, restraint, regional rootedness",peacock dark,LinkedIn,14:00 UTC,3000,4-6 sentence long-form,T1,Problem-stat,POV,{brand_voice} framing: {problem_statement} · #FutureCaribbean #BuildInPublic,#BuildInPublic #FutureCaribbean #FreeLeased,draft,
132,6,2,quill,Quill,"gravitas, editorial craft, serious publication",ivory/ink-red,LinkedIn,14:00 UTC,3000,4-6 sentence long-form,T2,Build-in-public,Daily ship,Day {day}/{total_days}: {shipped_today} — {brand_voice} cut. #BuildInPublic #FreeLeased,#BuildInPublic #FutureCaribbean #FreeLeased,draft,
133,6,3,monolith,Monolith,"clarity, terminal aesthetics, no-nonsense shipping",black/signal-yellow,LinkedIn,14:00 UTC,3000,4-6 sentence long-form,T3,Stat-callout,Numbers,{brand_voice} number drop: {stat} · {stat_context} #FutureCaribbean,#BuildInPublic #FutureCaribbean #FreeLeased,draft,
134,6,4,canopy,Canopy,"cultural rootedness, sustainability, climate-resilience",forest/parrot,LinkedIn,14:00 UTC,3000,4-6 sentence long-form,T4,Caribbean-context,Region,Caribbean lens ({jurisdiction}): {regional_observation} — {brand_voice} framing. #CaribbeanAI,#BuildInPublic #FutureCaribbean #FreeLeased,draft,
135,6,5,coral,Coral,"approachability, resident-led design, plain-language UX",coral/sand/lagoon,LinkedIn,14:00 UTC,3000,4-6 sentence long-form,T5,Honest-disclosure,Discipline,"{brand_voice} honesty: {disclosure} — no overclaim, no hype. #ResponsibleAI",#BuildInPublic #FutureCaribbean #FreeLeased,draft,
136,6,1,veridian,Veridian,"trust, restraint, regional rootedness",peacock dark,Mastodon,09:00 UTC,500,short text + open tag,T1,Problem-stat,POV,{brand_voice} framing: {problem_statement} · #FutureCaribbean #BuildInPublic,#BuildInPublic #FutureCaribbean #FreeLeased,draft,
137,6,2,quill,Quill,"gravitas, editorial craft, serious publication",ivory/ink-red,Mastodon,09:00 UTC,500,short text + open tag,T2,Build-in-public,Daily ship,Day {day}/{total_days}: {shipped_today} — {brand_voice} cut. #BuildInPublic #FreeLeased,#BuildInPublic #FutureCaribbean #FreeLeased,draft,
138,6,3,monolith,Monolith,"clarity, terminal aesthetics, no-nonsense shipping",black/signal-yellow,Mastodon,09:00 UTC,500,short text + open tag,T3,Stat-callout,Numbers,{brand_voice} number drop: {stat} · {stat_context} #FutureCaribbean,#BuildInPublic #FutureCaribbean #FreeLeased,draft,
139,6,4,canopy,Canopy,"cultural rootedness, sustainability, climate-resilience",forest/parrot,Mastodon,09:00 UTC,500,short text + open tag,T4,Caribbean-context,Region,Caribbean lens ({jurisdiction}): {regional_observation} — {brand_voice} framing. #CaribbeanAI,#BuildInPublic #FutureCaribbean #FreeLeased,draft,
140,6,5,coral,Coral,"approachability, resident-led design, plain-language UX",coral/sand/lagoon,Mastodon,09:00 UTC,500,short text + open tag,T5,Honest-disclosure,Discipline,"{brand_voice} honesty: {disclosure} — no overclaim, no hype. #ResponsibleAI",#BuildInPublic #FutureCaribbean #FreeLeased,draft,
141,6,1,veridian,Veridian,"trust, restraint, regional rootedness",peacock dark,Bluesky,10:00 UTC,300,short text + custom feed tag,T1,Problem-stat,POV,{brand_voice} framing: {problem_statement} · #FutureCaribbean #BuildInPublic,#BuildInPublic #FutureCaribbean #FreeLeased,draft,
142,6,2,quill,Quill,"gravitas, editorial craft, serious publication",ivory/ink-red,Bluesky,10:00 UTC,300,short text + custom feed tag,T2,Build-in-public,Daily ship,Day {day}/{total_days}: {shipped_today} — {brand_voice} cut. #BuildInPublic #FreeLeased,#BuildInPublic #FutureCaribbean #FreeLeased,draft,
143,6,3,monolith,Monolith,"clarity, terminal aesthetics, no-nonsense shipping",black/signal-yellow,Bluesky,10:00 UTC,300,short text + custom feed tag,T3,Stat-callout,Numbers,{brand_voice} number drop: {stat} · {stat_context} #FutureCaribbean,#BuildInPublic #FutureCaribbean #FreeLeased,draft,
144,6,4,canopy,Canopy,"cultural rootedness, sustainability, climate-resilience",forest/parrot,Bluesky,10:00 UTC,300,short text + custom feed tag,T4,Caribbean-context,Region,Caribbean lens ({jurisdiction}): {regional_observation} — {brand_voice} framing. #CaribbeanAI,#BuildInPublic #FutureCaribbean #FreeLeased,draft,
145,6,5,coral,Coral,"approachability, resident-led design, plain-language UX",coral/sand/lagoon,Bluesky,10:00 UTC,300,short text + custom feed tag,T5,Honest-disclosure,Discipline,"{brand_voice} honesty: {disclosure} — no overclaim, no hype. #ResponsibleAI",#BuildInPublic #FutureCaribbean #FreeLeased,draft,
146,6,1,veridian,Veridian,"trust, restraint, regional rootedness",peacock dark,Threads,16:00 UTC,500,"conversational, question-led",T1,Problem-stat,POV,{brand_voice} framing: {problem_statement} · #FutureCaribbean #BuildInPublic,#BuildInPublic #FutureCaribbean #FreeLeased,draft,
147,6,2,quill,Quill,"gravitas, editorial craft, serious publication",ivory/ink-red,Threads,16:00 UTC,500,"conversational, question-led",T2,Build-in-public,Daily ship,Day {day}/{total_days}: {shipped_today} — {brand_voice} cut. #BuildInPublic #FreeLeased,#BuildInPublic #FutureCaribbean #FreeLeased,draft,
148,6,3,monolith,Monolith,"clarity, terminal aesthetics, no-nonsense shipping",black/signal-yellow,Threads,16:00 UTC,500,"conversational, question-led",T3,Stat-callout,Numbers,{brand_voice} number drop: {stat} · {stat_context} #FutureCaribbean,#BuildInPublic #FutureCaribbean #FreeLeased,draft,
149,6,4,canopy,Canopy,"cultural rootedness, sustainability, climate-resilience",forest/parrot,Threads,16:00 UTC,500,"conversational, question-led",T4,Caribbean-context,Region,Caribbean lens ({jurisdiction}): {regional_observation} — {brand_voice} framing. #CaribbeanAI,#BuildInPublic #FutureCaribbean #FreeLeased,draft,
150,6,5,coral,Coral,"approachability, resident-led design, plain-language UX",coral/sand/lagoon,Threads,16:00 UTC,500,"conversational, question-led",T5,Honest-disclosure,Discipline,"{brand_voice} honesty: {disclosure} — no overclaim, no hype. #ResponsibleAI",#BuildInPublic #FutureCaribbean #FreeLeased,draft,
151,7,1,veridian,Veridian,"trust, restraint, regional rootedness",peacock dark,X,08:00 UTC,280,short text + 2 hashtags,T2,Build-in-public,Daily ship,Day {day}/{total_days}: {shipped_today} — {brand_voice} cut. #BuildInPublic #FreeLeased,#BuildInPublic #FutureCaribbean #FreeLeased,draft,
152,7,2,quill,Quill,"gravitas, editorial craft, serious publication",ivory/ink-red,X,08:00 UTC,280,short text + 2 hashtags,T3,Stat-callout,Numbers,{brand_voice} number drop: {stat} · {stat_context} #FutureCaribbean,#BuildInPublic #FutureCaribbean #FreeLeased,draft,
153,7,3,monolith,Monolith,"clarity, terminal aesthetics, no-nonsense shipping",black/signal-yellow,X,08:00 UTC,280,short text + 2 hashtags,T4,Caribbean-context,Region,Caribbean lens ({jurisdiction}): {regional_observation} — {brand_voice} framing. #CaribbeanAI,#BuildInPublic #FutureCaribbean #FreeLeased,draft,
154,7,4,canopy,Canopy,"cultural rootedness, sustainability, climate-resilience",forest/parrot,X,08:00 UTC,280,short text + 2 hashtags,T5,Honest-disclosure,Discipline,"{brand_voice} honesty: {disclosure} — no overclaim, no hype. #ResponsibleAI",#BuildInPublic #FutureCaribbean #FreeLeased,draft,
155,7,5,coral,Coral,"approachability, resident-led design, plain-language UX",coral/sand/lagoon,X,08:00 UTC,280,short text + 2 hashtags,T6,Call-to-action,Pilot/CTA,Pilot slot open: {ask} — {brand_voice} voice. Reply or DM. #FreeLeased,#BuildInPublic #FutureCaribbean #FreeLeased,draft,
156,7,1,veridian,Veridian,"trust, restraint, regional rootedness",peacock dark,LinkedIn,14:00 UTC,3000,4-6 sentence long-form,T2,Build-in-public,Daily ship,Day {day}/{total_days}: {shipped_today} — {brand_voice} cut. #BuildInPublic #FreeLeased,#BuildInPublic #FutureCaribbean #FreeLeased,draft,
157,7,2,quill,Quill,"gravitas, editorial craft, serious publication",ivory/ink-red,LinkedIn,14:00 UTC,3000,4-6 sentence long-form,T3,Stat-callout,Numbers,{brand_voice} number drop: {stat} · {stat_context} #FutureCaribbean,#BuildInPublic #FutureCaribbean #FreeLeased,draft,
158,7,3,monolith,Monolith,"clarity, terminal aesthetics, no-nonsense shipping",black/signal-yellow,LinkedIn,14:00 UTC,3000,4-6 sentence long-form,T4,Caribbean-context,Region,Caribbean lens ({jurisdiction}): {regional_observation} — {brand_voice} framing. #CaribbeanAI,#BuildInPublic #FutureCaribbean #FreeLeased,draft,
159,7,4,canopy,Canopy,"cultural rootedness, sustainability, climate-resilience",forest/parrot,LinkedIn,14:00 UTC,3000,4-6 sentence long-form,T5,Honest-disclosure,Discipline,"{brand_voice} honesty: {disclosure} — no overclaim, no hype. #ResponsibleAI",#BuildInPublic #FutureCaribbean #FreeLeased,draft,
160,7,5,coral,Coral,"approachability, resident-led design, plain-language UX",coral/sand/lagoon,LinkedIn,14:00 UTC,3000,4-6 sentence long-form,T6,Call-to-action,Pilot/CTA,Pilot slot open: {ask} — {brand_voice} voice. Reply or DM. #FreeLeased,#BuildInPublic #FutureCaribbean #FreeLeased,draft,
161,7,1,veridian,Veridian,"trust, restraint, regional rootedness",peacock dark,Mastodon,09:00 UTC,500,short text + open tag,T2,Build-in-public,Daily ship,Day {day}/{total_days}: {shipped_today} — {brand_voice} cut. #BuildInPublic #FreeLeased,#BuildInPublic #FutureCaribbean #FreeLeased,draft,
162,7,2,quill,Quill,"gravitas, editorial craft, serious publication",ivory/ink-red,Mastodon,09:00 UTC,500,short text + open tag,T3,Stat-callout,Numbers,{brand_voice} number drop: {stat} · {stat_context} #FutureCaribbean,#BuildInPublic #FutureCaribbean #FreeLeased,draft,
163,7,3,monolith,Monolith,"clarity, terminal aesthetics, no-nonsense shipping",black/signal-yellow,Mastodon,09:00 UTC,500,short text + open tag,T4,Caribbean-context,Region,Caribbean lens ({jurisdiction}): {regional_observation} — {brand_voice} framing. #CaribbeanAI,#BuildInPublic #FutureCaribbean #FreeLeased,draft,
164,7,4,canopy,Canopy,"cultural rootedness, sustainability, climate-resilience",forest/parrot,Mastodon,09:00 UTC,500,short text + open tag,T5,Honest-disclosure,Discipline,"{brand_voice} honesty: {disclosure} — no overclaim, no hype. #ResponsibleAI",#BuildInPublic #FutureCaribbean #FreeLeased,draft,
165,7,5,coral,Coral,"approachability, resident-led design, plain-language UX",coral/sand/lagoon,Mastodon,09:00 UTC,500,short text + open tag,T6,Call-to-action,Pilot/CTA,Pilot slot open: {ask} — {brand_voice} voice. Reply or DM. #FreeLeased,#BuildInPublic #FutureCaribbean #FreeLeased,draft,
166,7,1,veridian,Veridian,"trust, restraint, regional rootedness",peacock dark,Bluesky,10:00 UTC,300,short text + custom feed tag,T2,Build-in-public,Daily ship,Day {day}/{total_days}: {shipped_today} — {brand_voice} cut. #BuildInPublic #FreeLeased,#BuildInPublic #FutureCaribbean #FreeLeased,draft,
167,7,2,quill,Quill,"gravitas, editorial craft, serious publication",ivory/ink-red,Bluesky,10:00 UTC,300,short text + custom feed tag,T3,Stat-callout,Numbers,{brand_voice} number drop: {stat} · {stat_context} #FutureCaribbean,#BuildInPublic #FutureCaribbean #FreeLeased,draft,
168,7,3,monolith,Monolith,"clarity, terminal aesthetics, no-nonsense shipping",black/signal-yellow,Bluesky,10:00 UTC,300,short text + custom feed tag,T4,Caribbean-context,Region,Caribbean lens ({jurisdiction}): {regional_observation} — {brand_voice} framing. #CaribbeanAI,#BuildInPublic #FutureCaribbean #FreeLeased,draft,
169,7,4,canopy,Canopy,"cultural rootedness, sustainability, climate-resilience",forest/parrot,Bluesky,10:00 UTC,300,short text + custom feed tag,T5,Honest-disclosure,Discipline,"{brand_voice} honesty: {disclosure} — no overclaim, no hype. #ResponsibleAI",#BuildInPublic #FutureCaribbean #FreeLeased,draft,
170,7,5,coral,Coral,"approachability, resident-led design, plain-language UX",coral/sand/lagoon,Bluesky,10:00 UTC,300,short text + custom feed tag,T6,Call-to-action,Pilot/CTA,Pilot slot open: {ask} — {brand_voice} voice. Reply or DM. #FreeLeased,#BuildInPublic #FutureCaribbean #FreeLeased,draft,
171,7,1,veridian,Veridian,"trust, restraint, regional rootedness",peacock dark,Threads,16:00 UTC,500,"conversational, question-led",T2,Build-in-public,Daily ship,Day {day}/{total_days}: {shipped_today} — {brand_voice} cut. #BuildInPublic #FreeLeased,#BuildInPublic #FutureCaribbean #FreeLeased,draft,
172,7,2,quill,Quill,"gravitas, editorial craft, serious publication",ivory/ink-red,Threads,16:00 UTC,500,"conversational, question-led",T3,Stat-callout,Numbers,{brand_voice} number drop: {stat} · {stat_context} #FutureCaribbean,#BuildInPublic #FutureCaribbean #FreeLeased,draft,
173,7,3,monolith,Monolith,"clarity, terminal aesthetics, no-nonsense shipping",black/signal-yellow,Threads,16:00 UTC,500,"conversational, question-led",T4,Caribbean-context,Region,Caribbean lens ({jurisdiction}): {regional_observation} — {brand_voice} framing. #CaribbeanAI,#BuildInPublic #FutureCaribbean #FreeLeased,draft,
174,7,4,canopy,Canopy,"cultural rootedness, sustainability, climate-resilience",forest/parrot,Threads,16:00 UTC,500,"conversational, question-led",T5,Honest-disclosure,Discipline,"{brand_voice} honesty: {disclosure} — no overclaim, no hype. #ResponsibleAI",#BuildInPublic #FutureCaribbean #FreeLeased,draft,
175,7,5,coral,Coral,"approachability, resident-led design, plain-language UX",coral/sand/lagoon,Threads,16:00 UTC,500,"conversational, question-led",T6,Call-to-action,Pilot/CTA,Pilot slot open: {ask} — {brand_voice} voice. Reply or DM. #FreeLeased,#BuildInPublic #FutureCaribbean #FreeLeased,draft,
176,8,1,veridian,Veridian,"trust, restraint, regional rootedness",peacock dark,X,08:00 UTC,280,short text + 2 hashtags,T3,Stat-callout,Numbers,{brand_voice} number drop: {stat} · {stat_context} #FutureCaribbean,#BuildInPublic #FutureCaribbean #FreeLeased,draft,
177,8,2,quill,Quill,"gravitas, editorial craft, serious publication",ivory/ink-red,X,08:00 UTC,280,short text + 2 hashtags,T4,Caribbean-context,Region,Caribbean lens ({jurisdiction}): {regional_observation} — {brand_voice} framing. #CaribbeanAI,#BuildInPublic #FutureCaribbean #FreeLeased,draft,
178,8,3,monolith,Monolith,"clarity, terminal aesthetics, no-nonsense shipping",black/signal-yellow,X,08:00 UTC,280,short text + 2 hashtags,T5,Honest-disclosure,Discipline,"{brand_voice} honesty: {disclosure} — no overclaim, no hype. #ResponsibleAI",#BuildInPublic #FutureCaribbean #FreeLeased,draft,
179,8,4,canopy,Canopy,"cultural rootedness, sustainability, climate-resilience",forest/parrot,X,08:00 UTC,280,short text + 2 hashtags,T6,Call-to-action,Pilot/CTA,Pilot slot open: {ask} — {brand_voice} voice. Reply or DM. #FreeLeased,#BuildInPublic #FutureCaribbean #FreeLeased,draft,
180,8,5,coral,Coral,"approachability, resident-led design, plain-language UX",coral/sand/lagoon,X,08:00 UTC,280,short text + 2 hashtags,T1,Problem-stat,POV,{brand_voice} framing: {problem_statement} · #FutureCaribbean #BuildInPublic,#BuildInPublic #FutureCaribbean #FreeLeased,draft,
181,8,1,veridian,Veridian,"trust, restraint, regional rootedness",peacock dark,LinkedIn,14:00 UTC,3000,4-6 sentence long-form,T3,Stat-callout,Numbers,{brand_voice} number drop: {stat} · {stat_context} #FutureCaribbean,#BuildInPublic #FutureCaribbean #FreeLeased,draft,
182,8,2,quill,Quill,"gravitas, editorial craft, serious publication",ivory/ink-red,LinkedIn,14:00 UTC,3000,4-6 sentence long-form,T4,Caribbean-context,Region,Caribbean lens ({jurisdiction}): {regional_observation} — {brand_voice} framing. #CaribbeanAI,#BuildInPublic #FutureCaribbean #FreeLeased,draft,
183,8,3,monolith,Monolith,"clarity, terminal aesthetics, no-nonsense shipping",black/signal-yellow,LinkedIn,14:00 UTC,3000,4-6 sentence long-form,T5,Honest-disclosure,Discipline,"{brand_voice} honesty: {disclosure} — no overclaim, no hype. #ResponsibleAI",#BuildInPublic #FutureCaribbean #FreeLeased,draft,
184,8,4,canopy,Canopy,"cultural rootedness, sustainability, climate-resilience",forest/parrot,LinkedIn,14:00 UTC,3000,4-6 sentence long-form,T6,Call-to-action,Pilot/CTA,Pilot slot open: {ask} — {brand_voice} voice. Reply or DM. #FreeLeased,#BuildInPublic #FutureCaribbean #FreeLeased,draft,
185,8,5,coral,Coral,"approachability, resident-led design, plain-language UX",coral/sand/lagoon,LinkedIn,14:00 UTC,3000,4-6 sentence long-form,T1,Problem-stat,POV,{brand_voice} framing: {problem_statement} · #FutureCaribbean #BuildInPublic,#BuildInPublic #FutureCaribbean #FreeLeased,draft,
186,8,1,veridian,Veridian,"trust, restraint, regional rootedness",peacock dark,Mastodon,09:00 UTC,500,short text + open tag,T3,Stat-callout,Numbers,{brand_voice} number drop: {stat} · {stat_context} #FutureCaribbean,#BuildInPublic #FutureCaribbean #FreeLeased,draft,
187,8,2,quill,Quill,"gravitas, editorial craft, serious publication",ivory/ink-red,Mastodon,09:00 UTC,500,short text + open tag,T4,Caribbean-context,Region,Caribbean lens ({jurisdiction}): {regional_observation} — {brand_voice} framing. #CaribbeanAI,#BuildInPublic #FutureCaribbean #FreeLeased,draft,
188,8,3,monolith,Monolith,"clarity, terminal aesthetics, no-nonsense shipping",black/signal-yellow,Mastodon,09:00 UTC,500,short text + open tag,T5,Honest-disclosure,Discipline,"{brand_voice} honesty: {disclosure} — no overclaim, no hype. #ResponsibleAI",#BuildInPublic #FutureCaribbean #FreeLeased,draft,
189,8,4,canopy,Canopy,"cultural rootedness, sustainability, climate-resilience",forest/parrot,Mastodon,09:00 UTC,500,short text + open tag,T6,Call-to-action,Pilot/CTA,Pilot slot open: {ask} — {brand_voice} voice. Reply or DM. #FreeLeased,#BuildInPublic #FutureCaribbean #FreeLeased,draft,
190,8,5,coral,Coral,"approachability, resident-led design, plain-language UX",coral/sand/lagoon,Mastodon,09:00 UTC,500,short text + open tag,T1,Problem-stat,POV,{brand_voice} framing: {problem_statement} · #FutureCaribbean #BuildInPublic,#BuildInPublic #FutureCaribbean #FreeLeased,draft,
191,8,1,veridian,Veridian,"trust, restraint, regional rootedness",peacock dark,Bluesky,10:00 UTC,300,short text + custom feed tag,T3,Stat-callout,Numbers,{brand_voice} number drop: {stat} · {stat_context} #FutureCaribbean,#BuildInPublic #FutureCaribbean #FreeLeased,draft,
192,8,2,quill,Quill,"gravitas, editorial craft, serious publication",ivory/ink-red,Bluesky,10:00 UTC,300,short text + custom feed tag,T4,Caribbean-context,Region,Caribbean lens ({jurisdiction}): {regional_observation} — {brand_voice} framing. #CaribbeanAI,#BuildInPublic #FutureCaribbean #FreeLeased,draft,
193,8,3,monolith,Monolith,"clarity, terminal aesthetics, no-nonsense shipping",black/signal-yellow,Bluesky,10:00 UTC,300,short text + custom feed tag,T5,Honest-disclosure,Discipline,"{brand_voice} honesty: {disclosure} — no overclaim, no hype. #ResponsibleAI",#BuildInPublic #FutureCaribbean #FreeLeased,draft,
194,8,4,canopy,Canopy,"cultural rootedness, sustainability, climate-resilience",forest/parrot,Bluesky,10:00 UTC,300,short text + custom feed tag,T6,Call-to-action,Pilot/CTA,Pilot slot open: {ask} — {brand_voice} voice. Reply or DM. #FreeLeased,#BuildInPublic #FutureCaribbean #FreeLeased,draft,
195,8,5,coral,Coral,"approachability, resident-led design, plain-language UX",coral/sand/lagoon,Bluesky,10:00 UTC,300,short text + custom feed tag,T1,Problem-stat,POV,{brand_voice} framing: {problem_statement} · #FutureCaribbean #BuildInPublic,#BuildInPublic #FutureCaribbean #FreeLeased,draft,
196,8,1,veridian,Veridian,"trust, restraint, regional rootedness",peacock dark,Threads,16:00 UTC,500,"conversational, question-led",T3,Stat-callout,Numbers,{brand_voice} number drop: {stat} · {stat_context} #FutureCaribbean,#BuildInPublic #FutureCaribbean #FreeLeased,draft,
197,8,2,quill,Quill,"gravitas, editorial craft, serious publication",ivory/ink-red,Threads,16:00 UTC,500,"conversational, question-led",T4,Caribbean-context,Region,Caribbean lens ({jurisdiction}): {regional_observation} — {brand_voice} framing. #CaribbeanAI,#BuildInPublic #FutureCaribbean #FreeLeased,draft,
198,8,3,monolith,Monolith,"clarity, terminal aesthetics, no-nonsense shipping",black/signal-yellow,Threads,16:00 UTC,500,"conversational, question-led",T5,Honest-disclosure,Discipline,"{brand_voice} honesty: {disclosure} — no overclaim, no hype. #ResponsibleAI",#BuildInPublic #FutureCaribbean #FreeLeased,draft,
199,8,4,canopy,Canopy,"cultural rootedness, sustainability, climate-resilience",forest/parrot,Threads,16:00 UTC,500,"conversational, question-led",T6,Call-to-action,Pilot/CTA,Pilot slot open: {ask} — {brand_voice} voice. Reply or DM. #FreeLeased,#BuildInPublic #FutureCaribbean #FreeLeased,draft,
200,8,5,coral,Coral,"approachability, resident-led design, plain-language UX",coral/sand/lagoon,Threads,16:00 UTC,500,"conversational, question-led",T1,Problem-stat,POV,{brand_voice} framing: {problem_statement} · #FutureCaribbean #BuildInPublic,#BuildInPublic #FutureCaribbean #FreeLeased,draft,
201,9,1,veridian,Veridian,"trust, restraint, regional rootedness",peacock dark,X,08:00 UTC,280,short text + 2 hashtags,T4,Caribbean-context,Region,Caribbean lens ({jurisdiction}): {regional_observation} — {brand_voice} framing. #CaribbeanAI,#BuildInPublic #FutureCaribbean #FreeLeased,draft,
202,9,2,quill,Quill,"gravitas, editorial craft, serious publication",ivory/ink-red,X,08:00 UTC,280,short text + 2 hashtags,T5,Honest-disclosure,Discipline,"{brand_voice} honesty: {disclosure} — no overclaim, no hype. #ResponsibleAI",#BuildInPublic #FutureCaribbean #FreeLeased,draft,
203,9,3,monolith,Monolith,"clarity, terminal aesthetics, no-nonsense shipping",black/signal-yellow,X,08:00 UTC,280,short text + 2 hashtags,T6,Call-to-action,Pilot/CTA,Pilot slot open: {ask} — {brand_voice} voice. Reply or DM. #FreeLeased,#BuildInPublic #FutureCaribbean #FreeLeased,draft,
204,9,4,canopy,Canopy,"cultural rootedness, sustainability, climate-resilience",forest/parrot,X,08:00 UTC,280,short text + 2 hashtags,T1,Problem-stat,POV,{brand_voice} framing: {problem_statement} · #FutureCaribbean #BuildInPublic,#BuildInPublic #FutureCaribbean #FreeLeased,draft,
205,9,5,coral,Coral,"approachability, resident-led design, plain-language UX",coral/sand/lagoon,X,08:00 UTC,280,short text + 2 hashtags,T2,Build-in-public,Daily ship,Day {day}/{total_days}: {shipped_today} — {brand_voice} cut. #BuildInPublic #FreeLeased,#BuildInPublic #FutureCaribbean #FreeLeased,draft,
206,9,1,veridian,Veridian,"trust, restraint, regional rootedness",peacock dark,LinkedIn,14:00 UTC,3000,4-6 sentence long-form,T4,Caribbean-context,Region,Caribbean lens ({jurisdiction}): {regional_observation} — {brand_voice} framing. #CaribbeanAI,#BuildInPublic #FutureCaribbean #FreeLeased,draft,
207,9,2,quill,Quill,"gravitas, editorial craft, serious publication",ivory/ink-red,LinkedIn,14:00 UTC,3000,4-6 sentence long-form,T5,Honest-disclosure,Discipline,"{brand_voice} honesty: {disclosure} — no overclaim, no hype. #ResponsibleAI",#BuildInPublic #FutureCaribbean #FreeLeased,draft,
208,9,3,monolith,Monolith,"clarity, terminal aesthetics, no-nonsense shipping",black/signal-yellow,LinkedIn,14:00 UTC,3000,4-6 sentence long-form,T6,Call-to-action,Pilot/CTA,Pilot slot open: {ask} — {brand_voice} voice. Reply or DM. #FreeLeased,#BuildInPublic #FutureCaribbean #FreeLeased,draft,
209,9,4,canopy,Canopy,"cultural rootedness, sustainability, climate-resilience",forest/parrot,LinkedIn,14:00 UTC,3000,4-6 sentence long-form,T1,Problem-stat,POV,{brand_voice} framing: {problem_statement} · #FutureCaribbean #BuildInPublic,#BuildInPublic #FutureCaribbean #FreeLeased,draft,
210,9,5,coral,Coral,"approachability, resident-led design, plain-language UX",coral/sand/lagoon,LinkedIn,14:00 UTC,3000,4-6 sentence long-form,T2,Build-in-public,Daily ship,Day {day}/{total_days}: {shipped_today} — {brand_voice} cut. #BuildInPublic #FreeLeased,#BuildInPublic #FutureCaribbean #FreeLeased,draft,
211,9,1,veridian,Veridian,"trust, restraint, regional rootedness",peacock dark,Mastodon,09:00 UTC,500,short text + open tag,T4,Caribbean-context,Region,Caribbean lens ({jurisdiction}): {regional_observation} — {brand_voice} framing. #CaribbeanAI,#BuildInPublic #FutureCaribbean #FreeLeased,draft,
212,9,2,quill,Quill,"gravitas, editorial craft, serious publication",ivory/ink-red,Mastodon,09:00 UTC,500,short text + open tag,T5,Honest-disclosure,Discipline,"{brand_voice} honesty: {disclosure} — no overclaim, no hype. #ResponsibleAI",#BuildInPublic #FutureCaribbean #FreeLeased,draft,
213,9,3,monolith,Monolith,"clarity, terminal aesthetics, no-nonsense shipping",black/signal-yellow,Mastodon,09:00 UTC,500,short text + open tag,T6,Call-to-action,Pilot/CTA,Pilot slot open: {ask} — {brand_voice} voice. Reply or DM. #FreeLeased,#BuildInPublic #FutureCaribbean #FreeLeased,draft,
214,9,4,canopy,Canopy,"cultural rootedness, sustainability, climate-resilience",forest/parrot,Mastodon,09:00 UTC,500,short text + open tag,T1,Problem-stat,POV,{brand_voice} framing: {problem_statement} · #FutureCaribbean #BuildInPublic,#BuildInPublic #FutureCaribbean #FreeLeased,draft,
215,9,5,coral,Coral,"approachability, resident-led design, plain-language UX",coral/sand/lagoon,Mastodon,09:00 UTC,500,short text + open tag,T2,Build-in-public,Daily ship,Day {day}/{total_days}: {shipped_today} — {brand_voice} cut. #BuildInPublic #FreeLeased,#BuildInPublic #FutureCaribbean #FreeLeased,draft,
216,9,1,veridian,Veridian,"trust, restraint, regional rootedness",peacock dark,Bluesky,10:00 UTC,300,short text + custom feed tag,T4,Caribbean-context,Region,Caribbean lens ({jurisdiction}): {regional_observation} — {brand_voice} framing. #CaribbeanAI,#BuildInPublic #FutureCaribbean #FreeLeased,draft,
217,9,2,quill,Quill,"gravitas, editorial craft, serious publication",ivory/ink-red,Bluesky,10:00 UTC,300,short text + custom feed tag,T5,Honest-disclosure,Discipline,"{brand_voice} honesty: {disclosure} — no overclaim, no hype. #ResponsibleAI",#BuildInPublic #FutureCaribbean #FreeLeased,draft,
218,9,3,monolith,Monolith,"clarity, terminal aesthetics, no-nonsense shipping",black/signal-yellow,Bluesky,10:00 UTC,300,short text + custom feed tag,T6,Call-to-action,Pilot/CTA,Pilot slot open: {ask} — {brand_voice} voice. Reply or DM. #FreeLeased,#BuildInPublic #FutureCaribbean #FreeLeased,draft,
219,9,4,canopy,Canopy,"cultural rootedness, sustainability, climate-resilience",forest/parrot,Bluesky,10:00 UTC,300,short text + custom feed tag,T1,Problem-stat,POV,{brand_voice} framing: {problem_statement} · #FutureCaribbean #BuildInPublic,#BuildInPublic #FutureCaribbean #FreeLeased,draft,
220,9,5,coral,Coral,"approachability, resident-led design, plain-language UX",coral/sand/lagoon,Bluesky,10:00 UTC,300,short text + custom feed tag,T2,Build-in-public,Daily ship,Day {day}/{total_days}: {shipped_today} — {brand_voice} cut. #BuildInPublic #FreeLeased,#BuildInPublic #FutureCaribbean #FreeLeased,draft,
221,9,1,veridian,Veridian,"trust, restraint, regional rootedness",peacock dark,Threads,16:00 UTC,500,"conversational, question-led",T4,Caribbean-context,Region,Caribbean lens ({jurisdiction}): {regional_observation} — {brand_voice} framing. #CaribbeanAI,#BuildInPublic #FutureCaribbean #FreeLeased,draft,
222,9,2,quill,Quill,"gravitas, editorial craft, serious publication",ivory/ink-red,Threads,16:00 UTC,500,"conversational, question-led",T5,Honest-disclosure,Discipline,"{brand_voice} honesty: {disclosure} — no overclaim, no hype. #ResponsibleAI",#BuildInPublic #FutureCaribbean #FreeLeased,draft,
223,9,3,monolith,Monolith,"clarity, terminal aesthetics, no-nonsense shipping",black/signal-yellow,Threads,16:00 UTC,500,"conversational, question-led",T6,Call-to-action,Pilot/CTA,Pilot slot open: {ask} — {brand_voice} voice. Reply or DM. #FreeLeased,#BuildInPublic #FutureCaribbean #FreeLeased,draft,
224,9,4,canopy,Canopy,"cultural rootedness, sustainability, climate-resilience",forest/parrot,Threads,16:00 UTC,500,"conversational, question-led",T1,Problem-stat,POV,{brand_voice} framing: {problem_statement} · #FutureCaribbean #BuildInPublic,#BuildInPublic #FutureCaribbean #FreeLeased,draft,
225,9,5,coral,Coral,"approachability, resident-led design, plain-language UX",coral/sand/lagoon,Threads,16:00 UTC,500,"conversational, question-led",T2,Build-in-public,Daily ship,Day {day}/{total_days}: {shipped_today} — {brand_voice} cut. #BuildInPublic #FreeLeased,#BuildInPublic #FutureCaribbean #FreeLeased,draft,
226,10,1,veridian,Veridian,"trust, restraint, regional rootedness",peacock dark,X,08:00 UTC,280,short text + 2 hashtags,T5,Honest-disclosure,Discipline,"{brand_voice} honesty: {disclosure} — no overclaim, no hype. #ResponsibleAI",#BuildInPublic #FutureCaribbean #FreeLeased,draft,
227,10,2,quill,Quill,"gravitas, editorial craft, serious publication",ivory/ink-red,X,08:00 UTC,280,short text + 2 hashtags,T6,Call-to-action,Pilot/CTA,Pilot slot open: {ask} — {brand_voice} voice. Reply or DM. #FreeLeased,#BuildInPublic #FutureCaribbean #FreeLeased,draft,
228,10,3,monolith,Monolith,"clarity, terminal aesthetics, no-nonsense shipping",black/signal-yellow,X,08:00 UTC,280,short text + 2 hashtags,T1,Problem-stat,POV,{brand_voice} framing: {problem_statement} · #FutureCaribbean #BuildInPublic,#BuildInPublic #FutureCaribbean #FreeLeased,draft,
229,10,4,canopy,Canopy,"cultural rootedness, sustainability, climate-resilience",forest/parrot,X,08:00 UTC,280,short text + 2 hashtags,T2,Build-in-public,Daily ship,Day {day}/{total_days}: {shipped_today} — {brand_voice} cut. #BuildInPublic #FreeLeased,#BuildInPublic #FutureCaribbean #FreeLeased,draft,
230,10,5,coral,Coral,"approachability, resident-led design, plain-language UX",coral/sand/lagoon,X,08:00 UTC,280,short text + 2 hashtags,T3,Stat-callout,Numbers,{brand_voice} number drop: {stat} · {stat_context} #FutureCaribbean,#BuildInPublic #FutureCaribbean #FreeLeased,draft,
231,10,1,veridian,Veridian,"trust, restraint, regional rootedness",peacock dark,LinkedIn,14:00 UTC,3000,4-6 sentence long-form,T5,Honest-disclosure,Discipline,"{brand_voice} honesty: {disclosure} — no overclaim, no hype. #ResponsibleAI",#BuildInPublic #FutureCaribbean #FreeLeased,draft,
232,10,2,quill,Quill,"gravitas, editorial craft, serious publication",ivory/ink-red,LinkedIn,14:00 UTC,3000,4-6 sentence long-form,T6,Call-to-action,Pilot/CTA,Pilot slot open: {ask} — {brand_voice} voice. Reply or DM. #FreeLeased,#BuildInPublic #FutureCaribbean #FreeLeased,draft,
233,10,3,monolith,Monolith,"clarity, terminal aesthetics, no-nonsense shipping",black/signal-yellow,LinkedIn,14:00 UTC,3000,4-6 sentence long-form,T1,Problem-stat,POV,{brand_voice} framing: {problem_statement} · #FutureCaribbean #BuildInPublic,#BuildInPublic #FutureCaribbean #FreeLeased,draft,
234,10,4,canopy,Canopy,"cultural rootedness, sustainability, climate-resilience",forest/parrot,LinkedIn,14:00 UTC,3000,4-6 sentence long-form,T2,Build-in-public,Daily ship,Day {day}/{total_days}: {shipped_today} — {brand_voice} cut. #BuildInPublic #FreeLeased,#BuildInPublic #FutureCaribbean #FreeLeased,draft,
235,10,5,coral,Coral,"approachability, resident-led design, plain-language UX",coral/sand/lagoon,LinkedIn,14:00 UTC,3000,4-6 sentence long-form,T3,Stat-callout,Numbers,{brand_voice} number drop: {stat} · {stat_context} #FutureCaribbean,#BuildInPublic #FutureCaribbean #FreeLeased,draft,
236,10,1,veridian,Veridian,"trust, restraint, regional rootedness",peacock dark,Mastodon,09:00 UTC,500,short text + open tag,T5,Honest-disclosure,Discipline,"{brand_voice} honesty: {disclosure} — no overclaim, no hype. #ResponsibleAI",#BuildInPublic #FutureCaribbean #FreeLeased,draft,
237,10,2,quill,Quill,"gravitas, editorial craft, serious publication",ivory/ink-red,Mastodon,09:00 UTC,500,short text + open tag,T6,Call-to-action,Pilot/CTA,Pilot slot open: {ask} — {brand_voice} voice. Reply or DM. #FreeLeased,#BuildInPublic #FutureCaribbean #FreeLeased,draft,
238,10,3,monolith,Monolith,"clarity, terminal aesthetics, no-nonsense shipping",black/signal-yellow,Mastodon,09:00 UTC,500,short text + open tag,T1,Problem-stat,POV,{brand_voice} framing: {problem_statement} · #FutureCaribbean #BuildInPublic,#BuildInPublic #FutureCaribbean #FreeLeased,draft,
239,10,4,canopy,Canopy,"cultural rootedness, sustainability, climate-resilience",forest/parrot,Mastodon,09:00 UTC,500,short text + open tag,T2,Build-in-public,Daily ship,Day {day}/{total_days}: {shipped_today} — {brand_voice} cut. #BuildInPublic #FreeLeased,#BuildInPublic #FutureCaribbean #FreeLeased,draft,
240,10,5,coral,Coral,"approachability, resident-led design, plain-language UX",coral/sand/lagoon,Mastodon,09:00 UTC,500,short text + open tag,T3,Stat-callout,Numbers,{brand_voice} number drop: {stat} · {stat_context} #FutureCaribbean,#BuildInPublic #FutureCaribbean #FreeLeased,draft,
241,10,1,veridian,Veridian,"trust, restraint, regional rootedness",peacock dark,Bluesky,10:00 UTC,300,short text + custom feed tag,T5,Honest-disclosure,Discipline,"{brand_voice} honesty: {disclosure} — no overclaim, no hype. #ResponsibleAI",#BuildInPublic #FutureCaribbean #FreeLeased,draft,
242,10,2,quill,Quill,"gravitas, editorial craft, serious publication",ivory/ink-red,Bluesky,10:00 UTC,300,short text + custom feed tag,T6,Call-to-action,Pilot/CTA,Pilot slot open: {ask} — {brand_voice} voice. Reply or DM. #FreeLeased,#BuildInPublic #FutureCaribbean #FreeLeased,draft,
243,10,3,monolith,Monolith,"clarity, terminal aesthetics, no-nonsense shipping",black/signal-yellow,Bluesky,10:00 UTC,300,short text + custom feed tag,T1,Problem-stat,POV,{brand_voice} framing: {problem_statement} · #FutureCaribbean #BuildInPublic,#BuildInPublic #FutureCaribbean #FreeLeased,draft,
244,10,4,canopy,Canopy,"cultural rootedness, sustainability, climate-resilience",forest/parrot,Bluesky,10:00 UTC,300,short text + custom feed tag,T2,Build-in-public,Daily ship,Day {day}/{total_days}: {shipped_today} — {brand_voice} cut. #BuildInPublic #FreeLeased,#BuildInPublic #FutureCaribbean #FreeLeased,draft,
245,10,5,coral,Coral,"approachability, resident-led design, plain-language UX",coral/sand/lagoon,Bluesky,10:00 UTC,300,short text + custom feed tag,T3,Stat-callout,Numbers,{brand_voice} number drop: {stat} · {stat_context} #FutureCaribbean,#BuildInPublic #FutureCaribbean #FreeLeased,draft,
246,10,1,veridian,Veridian,"trust, restraint, regional rootedness",peacock dark,Threads,16:00 UTC,500,"conversational, question-led",T5,Honest-disclosure,Discipline,"{brand_voice} honesty: {disclosure} — no overclaim, no hype. #ResponsibleAI",#BuildInPublic #FutureCaribbean #FreeLeased,draft,
247,10,2,quill,Quill,"gravitas, editorial craft, serious publication",ivory/ink-red,Threads,16:00 UTC,500,"conversational, question-led",T6,Call-to-action,Pilot/CTA,Pilot slot open: {ask} — {brand_voice} voice. Reply or DM. #FreeLeased,#BuildInPublic #FutureCaribbean #FreeLeased,draft,
248,10,3,monolith,Monolith,"clarity, terminal aesthetics, no-nonsense shipping",black/signal-yellow,Threads,16:00 UTC,500,"conversational, question-led",T1,Problem-stat,POV,{brand_voice} framing: {problem_statement} · #FutureCaribbean #BuildInPublic,#BuildInPublic #FutureCaribbean #FreeLeased,draft,
249,10,4,canopy,Canopy,"cultural rootedness, sustainability, climate-resilience",forest/parrot,Threads,16:00 UTC,500,"conversational, question-led",T2,Build-in-public,Daily ship,Day {day}/{total_days}: {shipped_today} — {brand_voice} cut. #BuildInPublic #FreeLeased,#BuildInPublic #FutureCaribbean #FreeLeased,draft,
250,10,5,coral,Coral,"approachability, resident-led design, plain-language UX",coral/sand/lagoon,Threads,16:00 UTC,500,"conversational, question-led",T3,Stat-callout,Numbers,{brand_voice} number drop: {stat} · {stat_context} #FutureCaribbean,#BuildInPublic #FutureCaribbean #FreeLeased,draft,
251,11,1,veridian,Veridian,"trust, restraint, regional rootedness",peacock dark,X,08:00 UTC,280,short text + 2 hashtags,T6,Call-to-action,Pilot/CTA,Pilot slot open: {ask} — {brand_voice} voice. Reply or DM. #FreeLeased,#BuildInPublic #FutureCaribbean #FreeLeased,draft,
252,11,2,quill,Quill,"gravitas, editorial craft, serious publication",ivory/ink-red,X,08:00 UTC,280,short text + 2 hashtags,T1,Problem-stat,POV,{brand_voice} framing: {problem_statement} · #FutureCaribbean #BuildInPublic,#BuildInPublic #FutureCaribbean #FreeLeased,draft,
253,11,3,monolith,Monolith,"clarity, terminal aesthetics, no-nonsense shipping",black/signal-yellow,X,08:00 UTC,280,short text + 2 hashtags,T2,Build-in-public,Daily ship,Day {day}/{total_days}: {shipped_today} — {brand_voice} cut. #BuildInPublic #FreeLeased,#BuildInPublic #FutureCaribbean #FreeLeased,draft,
254,11,4,canopy,Canopy,"cultural rootedness, sustainability, climate-resilience",forest/parrot,X,08:00 UTC,280,short text + 2 hashtags,T3,Stat-callout,Numbers,{brand_voice} number drop: {stat} · {stat_context} #FutureCaribbean,#BuildInPublic #FutureCaribbean #FreeLeased,draft,
255,11,5,coral,Coral,"approachability, resident-led design, plain-language UX",coral/sand/lagoon,X,08:00 UTC,280,short text + 2 hashtags,T4,Caribbean-context,Region,Caribbean lens ({jurisdiction}): {regional_observation} — {brand_voice} framing. #CaribbeanAI,#BuildInPublic #FutureCaribbean #FreeLeased,draft,
256,11,1,veridian,Veridian,"trust, restraint, regional rootedness",peacock dark,LinkedIn,14:00 UTC,3000,4-6 sentence long-form,T6,Call-to-action,Pilot/CTA,Pilot slot open: {ask} — {brand_voice} voice. Reply or DM. #FreeLeased,#BuildInPublic #FutureCaribbean #FreeLeased,draft,
257,11,2,quill,Quill,"gravitas, editorial craft, serious publication",ivory/ink-red,LinkedIn,14:00 UTC,3000,4-6 sentence long-form,T1,Problem-stat,POV,{brand_voice} framing: {problem_statement} · #FutureCaribbean #BuildInPublic,#BuildInPublic #FutureCaribbean #FreeLeased,draft,
258,11,3,monolith,Monolith,"clarity, terminal aesthetics, no-nonsense shipping",black/signal-yellow,LinkedIn,14:00 UTC,3000,4-6 sentence long-form,T2,Build-in-public,Daily ship,Day {day}/{total_days}: {shipped_today} — {brand_voice} cut. #BuildInPublic #FreeLeased,#BuildInPublic #FutureCaribbean #FreeLeased,draft,
259,11,4,canopy,Canopy,"cultural rootedness, sustainability, climate-resilience",forest/parrot,LinkedIn,14:00 UTC,3000,4-6 sentence long-form,T3,Stat-callout,Numbers,{brand_voice} number drop: {stat} · {stat_context} #FutureCaribbean,#BuildInPublic #FutureCaribbean #FreeLeased,draft,
260,11,5,coral,Coral,"approachability, resident-led design, plain-language UX",coral/sand/lagoon,LinkedIn,14:00 UTC,3000,4-6 sentence long-form,T4,Caribbean-context,Region,Caribbean lens ({jurisdiction}): {regional_observation} — {brand_voice} framing. #CaribbeanAI,#BuildInPublic #FutureCaribbean #FreeLeased,draft,
261,11,1,veridian,Veridian,"trust, restraint, regional rootedness",peacock dark,Mastodon,09:00 UTC,500,short text + open tag,T6,Call-to-action,Pilot/CTA,Pilot slot open: {ask} — {brand_voice} voice. Reply or DM. #FreeLeased,#BuildInPublic #FutureCaribbean #FreeLeased,draft,
262,11,2,quill,Quill,"gravitas, editorial craft, serious publication",ivory/ink-red,Mastodon,09:00 UTC,500,short text + open tag,T1,Problem-stat,POV,{brand_voice} framing: {problem_statement} · #FutureCaribbean #BuildInPublic,#BuildInPublic #FutureCaribbean #FreeLeased,draft,
263,11,3,monolith,Monolith,"clarity, terminal aesthetics, no-nonsense shipping",black/signal-yellow,Mastodon,09:00 UTC,500,short text + open tag,T2,Build-in-public,Daily ship,Day {day}/{total_days}: {shipped_today} — {brand_voice} cut. #BuildInPublic #FreeLeased,#BuildInPublic #FutureCaribbean #FreeLeased,draft,
264,11,4,canopy,Canopy,"cultural rootedness, sustainability, climate-resilience",forest/parrot,Mastodon,09:00 UTC,500,short text + open tag,T3,Stat-callout,Numbers,{brand_voice} number drop: {stat} · {stat_context} #FutureCaribbean,#BuildInPublic #FutureCaribbean #FreeLeased,draft,
265,11,5,coral,Coral,"approachability, resident-led design, plain-language UX",coral/sand/lagoon,Mastodon,09:00 UTC,500,short text + open tag,T4,Caribbean-context,Region,Caribbean lens ({jurisdiction}): {regional_observation} — {brand_voice} framing. #CaribbeanAI,#BuildInPublic #FutureCaribbean #FreeLeased,draft,
266,11,1,veridian,Veridian,"trust, restraint, regional rootedness",peacock dark,Bluesky,10:00 UTC,300,short text + custom feed tag,T6,Call-to-action,Pilot/CTA,Pilot slot open: {ask} — {brand_voice} voice. Reply or DM. #FreeLeased,#BuildInPublic #FutureCaribbean #FreeLeased,draft,
267,11,2,quill,Quill,"gravitas, editorial craft, serious publication",ivory/ink-red,Bluesky,10:00 UTC,300,short text + custom feed tag,T1,Problem-stat,POV,{brand_voice} framing: {problem_statement} · #FutureCaribbean #BuildInPublic,#BuildInPublic #FutureCaribbean #FreeLeased,draft,
268,11,3,monolith,Monolith,"clarity, terminal aesthetics, no-nonsense shipping",black/signal-yellow,Bluesky,10:00 UTC,300,short text + custom feed tag,T2,Build-in-public,Daily ship,Day {day}/{total_days}: {shipped_today} — {brand_voice} cut. #BuildInPublic #FreeLeased,#BuildInPublic #FutureCaribbean #FreeLeased,draft,
269,11,4,canopy,Canopy,"cultural rootedness, sustainability, climate-resilience",forest/parrot,Bluesky,10:00 UTC,300,short text + custom feed tag,T3,Stat-callout,Numbers,{brand_voice} number drop: {stat} · {stat_context} #FutureCaribbean,#BuildInPublic #FutureCaribbean #FreeLeased,draft,
270,11,5,coral,Coral,"approachability, resident-led design, plain-language UX",coral/sand/lagoon,Bluesky,10:00 UTC,300,short text + custom feed tag,T4,Caribbean-context,Region,Caribbean lens ({jurisdiction}): {regional_observation} — {brand_voice} framing. #CaribbeanAI,#BuildInPublic #FutureCaribbean #FreeLeased,draft,
271,11,1,veridian,Veridian,"trust, restraint, regional rootedness",peacock dark,Threads,16:00 UTC,500,"conversational, question-led",T6,Call-to-action,Pilot/CTA,Pilot slot open: {ask} — {brand_voice} voice. Reply or DM. #FreeLeased,#BuildInPublic #FutureCaribbean #FreeLeased,draft,
272,11,2,quill,Quill,"gravitas, editorial craft, serious publication",ivory/ink-red,Threads,16:00 UTC,500,"conversational, question-led",T1,Problem-stat,POV,{brand_voice} framing: {problem_statement} · #FutureCaribbean #BuildInPublic,#BuildInPublic #FutureCaribbean #FreeLeased,draft,
273,11,3,monolith,Monolith,"clarity, terminal aesthetics, no-nonsense shipping",black/signal-yellow,Threads,16:00 UTC,500,"conversational, question-led",T2,Build-in-public,Daily ship,Day {day}/{total_days}: {shipped_today} — {brand_voice} cut. #BuildInPublic #FreeLeased,#BuildInPublic #FutureCaribbean #FreeLeased,draft,
274,11,4,canopy,Canopy,"cultural rootedness, sustainability, climate-resilience",forest/parrot,Threads,16:00 UTC,500,"conversational, question-led",T3,Stat-callout,Numbers,{brand_voice} number drop: {stat} · {stat_context} #FutureCaribbean,#BuildInPublic #FutureCaribbean #FreeLeased,draft,
275,11,5,coral,Coral,"approachability, resident-led design, plain-language UX",coral/sand/lagoon,Threads,16:00 UTC,500,"conversational, question-led",T4,Caribbean-context,Region,Caribbean lens ({jurisdiction}): {regional_observation} — {brand_voice} framing. #CaribbeanAI,#BuildInPublic #FutureCaribbean #FreeLeased,draft,
276,12,1,veridian,Veridian,"trust, restraint, regional rootedness",peacock dark,X,08:00 UTC,280,short text + 2 hashtags,T1,Problem-stat,POV,{brand_voice} framing: {problem_statement} · #FutureCaribbean #BuildInPublic,#BuildInPublic #FutureCaribbean #FreeLeased,draft,
277,12,2,quill,Quill,"gravitas, editorial craft, serious publication",ivory/ink-red,X,08:00 UTC,280,short text + 2 hashtags,T2,Build-in-public,Daily ship,Day {day}/{total_days}: {shipped_today} — {brand_voice} cut. #BuildInPublic #FreeLeased,#BuildInPublic #FutureCaribbean #FreeLeased,draft,
278,12,3,monolith,Monolith,"clarity, terminal aesthetics, no-nonsense shipping",black/signal-yellow,X,08:00 UTC,280,short text + 2 hashtags,T3,Stat-callout,Numbers,{brand_voice} number drop: {stat} · {stat_context} #FutureCaribbean,#BuildInPublic #FutureCaribbean #FreeLeased,draft,
279,12,4,canopy,Canopy,"cultural rootedness, sustainability, climate-resilience",forest/parrot,X,08:00 UTC,280,short text + 2 hashtags,T4,Caribbean-context,Region,Caribbean lens ({jurisdiction}): {regional_observation} — {brand_voice} framing. #CaribbeanAI,#BuildInPublic #FutureCaribbean #FreeLeased,draft,
280,12,5,coral,Coral,"approachability, resident-led design, plain-language UX",coral/sand/lagoon,X,08:00 UTC,280,short text + 2 hashtags,T5,Honest-disclosure,Discipline,"{brand_voice} honesty: {disclosure} — no overclaim, no hype. #ResponsibleAI",#BuildInPublic #FutureCaribbean #FreeLeased,draft,
281,12,1,veridian,Veridian,"trust, restraint, regional rootedness",peacock dark,LinkedIn,14:00 UTC,3000,4-6 sentence long-form,T1,Problem-stat,POV,{brand_voice} framing: {problem_statement} · #FutureCaribbean #BuildInPublic,#BuildInPublic #FutureCaribbean #FreeLeased,draft,
282,12,2,quill,Quill,"gravitas, editorial craft, serious publication",ivory/ink-red,LinkedIn,14:00 UTC,3000,4-6 sentence long-form,T2,Build-in-public,Daily ship,Day {day}/{total_days}: {shipped_today} — {brand_voice} cut. #BuildInPublic #FreeLeased,#BuildInPublic #FutureCaribbean #FreeLeased,draft,
283,12,3,monolith,Monolith,"clarity, terminal aesthetics, no-nonsense shipping",black/signal-yellow,LinkedIn,14:00 UTC,3000,4-6 sentence long-form,T3,Stat-callout,Numbers,{brand_voice} number drop: {stat} · {stat_context} #FutureCaribbean,#BuildInPublic #FutureCaribbean #FreeLeased,draft,
284,12,4,canopy,Canopy,"cultural rootedness, sustainability, climate-resilience",forest/parrot,LinkedIn,14:00 UTC,3000,4-6 sentence long-form,T4,Caribbean-context,Region,Caribbean lens ({jurisdiction}): {regional_observation} — {brand_voice} framing. #CaribbeanAI,#BuildInPublic #FutureCaribbean #FreeLeased,draft,
285,12,5,coral,Coral,"approachability, resident-led design, plain-language UX",coral/sand/lagoon,LinkedIn,14:00 UTC,3000,4-6 sentence long-form,T5,Honest-disclosure,Discipline,"{brand_voice} honesty: {disclosure} — no overclaim, no hype. #ResponsibleAI",#BuildInPublic #FutureCaribbean #FreeLeased,draft,
286,12,1,veridian,Veridian,"trust, restraint, regional rootedness",peacock dark,Mastodon,09:00 UTC,500,short text + open tag,T1,Problem-stat,POV,{brand_voice} framing: {problem_statement} · #FutureCaribbean #BuildInPublic,#BuildInPublic #FutureCaribbean #FreeLeased,draft,
287,12,2,quill,Quill,"gravitas, editorial craft, serious publication",ivory/ink-red,Mastodon,09:00 UTC,500,short text + open tag,T2,Build-in-public,Daily ship,Day {day}/{total_days}: {shipped_today} — {brand_voice} cut. #BuildInPublic #FreeLeased,#BuildInPublic #FutureCaribbean #FreeLeased,draft,
288,12,3,monolith,Monolith,"clarity, terminal aesthetics, no-nonsense shipping",black/signal-yellow,Mastodon,09:00 UTC,500,short text + open tag,T3,Stat-callout,Numbers,{brand_voice} number drop: {stat} · {stat_context} #FutureCaribbean,#BuildInPublic #FutureCaribbean #FreeLeased,draft,
289,12,4,canopy,Canopy,"cultural rootedness, sustainability, climate-resilience",forest/parrot,Mastodon,09:00 UTC,500,short text + open tag,T4,Caribbean-context,Region,Caribbean lens ({jurisdiction}): {regional_observation} — {brand_voice} framing. #CaribbeanAI,#BuildInPublic #FutureCaribbean #FreeLeased,draft,
290,12,5,coral,Coral,"approachability, resident-led design, plain-language UX",coral/sand/lagoon,Mastodon,09:00 UTC,500,short text + open tag,T5,Honest-disclosure,Discipline,"{brand_voice} honesty: {disclosure} — no overclaim, no hype. #ResponsibleAI",#BuildInPublic #FutureCaribbean #FreeLeased,draft,
291,12,1,veridian,Veridian,"trust, restraint, regional rootedness",peacock dark,Bluesky,10:00 UTC,300,short text + custom feed tag,T1,Problem-stat,POV,{brand_voice} framing: {problem_statement} · #FutureCaribbean #BuildInPublic,#BuildInPublic #FutureCaribbean #FreeLeased,draft,
292,12,2,quill,Quill,"gravitas, editorial craft, serious publication",ivory/ink-red,Bluesky,10:00 UTC,300,short text + custom feed tag,T2,Build-in-public,Daily ship,Day {day}/{total_days}: {shipped_today} — {brand_voice} cut. #BuildInPublic #FreeLeased,#BuildInPublic #FutureCaribbean #FreeLeased,draft,
293,12,3,monolith,Monolith,"clarity, terminal aesthetics, no-nonsense shipping",black/signal-yellow,Bluesky,10:00 UTC,300,short text + custom feed tag,T3,Stat-callout,Numbers,{brand_voice} number drop: {stat} · {stat_context} #FutureCaribbean,#BuildInPublic #FutureCaribbean #FreeLeased,draft,
294,12,4,canopy,Canopy,"cultural rootedness, sustainability, climate-resilience",forest/parrot,Bluesky,10:00 UTC,300,short text + custom feed tag,T4,Caribbean-context,Region,Caribbean lens ({jurisdiction}): {regional_observation} — {brand_voice} framing. #CaribbeanAI,#BuildInPublic #FutureCaribbean #FreeLeased,draft,
295,12,5,coral,Coral,"approachability, resident-led design, plain-language UX",coral/sand/lagoon,Bluesky,10:00 UTC,300,short text + custom feed tag,T5,Honest-disclosure,Discipline,"{brand_voice} honesty: {disclosure} — no overclaim, no hype. #ResponsibleAI",#BuildInPublic #FutureCaribbean #FreeLeased,draft,
296,12,1,veridian,Veridian,"trust, restraint, regional rootedness",peacock dark,Threads,16:00 UTC,500,"conversational, question-led",T1,Problem-stat,POV,{brand_voice} framing: {problem_statement} · #FutureCaribbean #BuildInPublic,#BuildInPublic #FutureCaribbean #FreeLeased,draft,
297,12,2,quill,Quill,"gravitas, editorial craft, serious publication",ivory/ink-red,Threads,16:00 UTC,500,"conversational, question-led",T2,Build-in-public,Daily ship,Day {day}/{total_days}: {shipped_today} — {brand_voice} cut. #BuildInPublic #FreeLeased,#BuildInPublic #FutureCaribbean #FreeLeased,draft,
298,12,3,monolith,Monolith,"clarity, terminal aesthetics, no-nonsense shipping",black/signal-yellow,Threads,16:00 UTC,500,"conversational, question-led",T3,Stat-callout,Numbers,{brand_voice} number drop: {stat} · {stat_context} #FutureCaribbean,#BuildInPublic #FutureCaribbean #FreeLeased,draft,
299,12,4,canopy,Canopy,"cultural rootedness, sustainability, climate-resilience",forest/parrot,Threads,16:00 UTC,500,"conversational, question-led",T4,Caribbean-context,Region,Caribbean lens ({jurisdiction}): {regional_observation} — {brand_voice} framing. #CaribbeanAI,#BuildInPublic #FutureCaribbean #FreeLeased,draft,
300,12,5,coral,Coral,"approachability, resident-led design, plain-language UX",coral/sand/lagoon,Threads,16:00 UTC,500,"conversational, question-led",T5,Honest-disclosure,Discipline,"{brand_voice} honesty: {disclosure} — no overclaim, no hype. #ResponsibleAI",#BuildInPublic #FutureCaribbean #FreeLeased,draft,
301,13,1,veridian,Veridian,"trust, restraint, regional rootedness",peacock dark,X,08:00 UTC,280,short text + 2 hashtags,T2,Build-in-public,Daily ship,Day {day}/{total_days}: {shipped_today} — {brand_voice} cut. #BuildInPublic #FreeLeased,#BuildInPublic #FutureCaribbean #FreeLeased,draft,
302,13,2,quill,Quill,"gravitas, editorial craft, serious publication",ivory/ink-red,X,08:00 UTC,280,short text + 2 hashtags,T3,Stat-callout,Numbers,{brand_voice} number drop: {stat} · {stat_context} #FutureCaribbean,#BuildInPublic #FutureCaribbean #FreeLeased,draft,
303,13,3,monolith,Monolith,"clarity, terminal aesthetics, no-nonsense shipping",black/signal-yellow,X,08:00 UTC,280,short text + 2 hashtags,T4,Caribbean-context,Region,Caribbean lens ({jurisdiction}): {regional_observation} — {brand_voice} framing. #CaribbeanAI,#BuildInPublic #FutureCaribbean #FreeLeased,draft,
304,13,4,canopy,Canopy,"cultural rootedness, sustainability, climate-resilience",forest/parrot,X,08:00 UTC,280,short text + 2 hashtags,T5,Honest-disclosure,Discipline,"{brand_voice} honesty: {disclosure} — no overclaim, no hype. #ResponsibleAI",#BuildInPublic #FutureCaribbean #FreeLeased,draft,
305,13,5,coral,Coral,"approachability, resident-led design, plain-language UX",coral/sand/lagoon,X,08:00 UTC,280,short text + 2 hashtags,T6,Call-to-action,Pilot/CTA,Pilot slot open: {ask} — {brand_voice} voice. Reply or DM. #FreeLeased,#BuildInPublic #FutureCaribbean #FreeLeased,draft,
306,13,1,veridian,Veridian,"trust, restraint, regional rootedness",peacock dark,LinkedIn,14:00 UTC,3000,4-6 sentence long-form,T2,Build-in-public,Daily ship,Day {day}/{total_days}: {shipped_today} — {brand_voice} cut. #BuildInPublic #FreeLeased,#BuildInPublic #FutureCaribbean #FreeLeased,draft,
307,13,2,quill,Quill,"gravitas, editorial craft, serious publication",ivory/ink-red,LinkedIn,14:00 UTC,3000,4-6 sentence long-form,T3,Stat-callout,Numbers,{brand_voice} number drop: {stat} · {stat_context} #FutureCaribbean,#BuildInPublic #FutureCaribbean #FreeLeased,draft,
308,13,3,monolith,Monolith,"clarity, terminal aesthetics, no-nonsense shipping",black/signal-yellow,LinkedIn,14:00 UTC,3000,4-6 sentence long-form,T4,Caribbean-context,Region,Caribbean lens ({jurisdiction}): {regional_observation} — {brand_voice} framing. #CaribbeanAI,#BuildInPublic #FutureCaribbean #FreeLeased,draft,
309,13,4,canopy,Canopy,"cultural rootedness, sustainability, climate-resilience",forest/parrot,LinkedIn,14:00 UTC,3000,4-6 sentence long-form,T5,Honest-disclosure,Discipline,"{brand_voice} honesty: {disclosure} — no overclaim, no hype. #ResponsibleAI",#BuildInPublic #FutureCaribbean #FreeLeased,draft,
310,13,5,coral,Coral,"approachability, resident-led design, plain-language UX",coral/sand/lagoon,LinkedIn,14:00 UTC,3000,4-6 sentence long-form,T6,Call-to-action,Pilot/CTA,Pilot slot open: {ask} — {brand_voice} voice. Reply or DM. #FreeLeased,#BuildInPublic #FutureCaribbean #FreeLeased,draft,
311,13,1,veridian,Veridian,"trust, restraint, regional rootedness",peacock dark,Mastodon,09:00 UTC,500,short text + open tag,T2,Build-in-public,Daily ship,Day {day}/{total_days}: {shipped_today} — {brand_voice} cut. #BuildInPublic #FreeLeased,#BuildInPublic #FutureCaribbean #FreeLeased,draft,
312,13,2,quill,Quill,"gravitas, editorial craft, serious publication",ivory/ink-red,Mastodon,09:00 UTC,500,short text + open tag,T3,Stat-callout,Numbers,{brand_voice} number drop: {stat} · {stat_context} #FutureCaribbean,#BuildInPublic #FutureCaribbean #FreeLeased,draft,
313,13,3,monolith,Monolith,"clarity, terminal aesthetics, no-nonsense shipping",black/signal-yellow,Mastodon,09:00 UTC,500,short text + open tag,T4,Caribbean-context,Region,Caribbean lens ({jurisdiction}): {regional_observation} — {brand_voice} framing. #CaribbeanAI,#BuildInPublic #FutureCaribbean #FreeLeased,draft,
314,13,4,canopy,Canopy,"cultural rootedness, sustainability, climate-resilience",forest/parrot,Mastodon,09:00 UTC,500,short text + open tag,T5,Honest-disclosure,Discipline,"{brand_voice} honesty: {disclosure} — no overclaim, no hype. #ResponsibleAI",#BuildInPublic #FutureCaribbean #FreeLeased,draft,
315,13,5,coral,Coral,"approachability, resident-led design, plain-language UX",coral/sand/lagoon,Mastodon,09:00 UTC,500,short text + open tag,T6,Call-to-action,Pilot/CTA,Pilot slot open: {ask} — {brand_voice} voice. Reply or DM. #FreeLeased,#BuildInPublic #FutureCaribbean #FreeLeased,draft,
316,13,1,veridian,Veridian,"trust, restraint, regional rootedness",peacock dark,Bluesky,10:00 UTC,300,short text + custom feed tag,T2,Build-in-public,Daily ship,Day {day}/{total_days}: {shipped_today} — {brand_voice} cut. #BuildInPublic #FreeLeased,#BuildInPublic #FutureCaribbean #FreeLeased,draft,
317,13,2,quill,Quill,"gravitas, editorial craft, serious publication",ivory/ink-red,Bluesky,10:00 UTC,300,short text + custom feed tag,T3,Stat-callout,Numbers,{brand_voice} number drop: {stat} · {stat_context} #FutureCaribbean,#BuildInPublic #FutureCaribbean #FreeLeased,draft,
318,13,3,monolith,Monolith,"clarity, terminal aesthetics, no-nonsense shipping",black/signal-yellow,Bluesky,10:00 UTC,300,short text + custom feed tag,T4,Caribbean-context,Region,Caribbean lens ({jurisdiction}): {regional_observation} — {brand_voice} framing. #CaribbeanAI,#BuildInPublic #FutureCaribbean #FreeLeased,draft,
319,13,4,canopy,Canopy,"cultural rootedness, sustainability, climate-resilience",forest/parrot,Bluesky,10:00 UTC,300,short text + custom feed tag,T5,Honest-disclosure,Discipline,"{brand_voice} honesty: {disclosure} — no overclaim, no hype. #ResponsibleAI",#BuildInPublic #FutureCaribbean #FreeLeased,draft,
320,13,5,coral,Coral,"approachability, resident-led design, plain-language UX",coral/sand/lagoon,Bluesky,10:00 UTC,300,short text + custom feed tag,T6,Call-to-action,Pilot/CTA,Pilot slot open: {ask} — {brand_voice} voice. Reply or DM. #FreeLeased,#BuildInPublic #FutureCaribbean #FreeLeased,draft,
321,13,1,veridian,Veridian,"trust, restraint, regional rootedness",peacock dark,Threads,16:00 UTC,500,"conversational, question-led",T2,Build-in-public,Daily ship,Day {day}/{total_days}: {shipped_today} — {brand_voice} cut. #BuildInPublic #FreeLeased,#BuildInPublic #FutureCaribbean #FreeLeased,draft,
322,13,2,quill,Quill,"gravitas, editorial craft, serious publication",ivory/ink-red,Threads,16:00 UTC,500,"conversational, question-led",T3,Stat-callout,Numbers,{brand_voice} number drop: {stat} · {stat_context} #FutureCaribbean,#BuildInPublic #FutureCaribbean #FreeLeased,draft,
323,13,3,monolith,Monolith,"clarity, terminal aesthetics, no-nonsense shipping",black/signal-yellow,Threads,16:00 UTC,500,"conversational, question-led",T4,Caribbean-context,Region,Caribbean lens ({jurisdiction}): {regional_observation} — {brand_voice} framing. #CaribbeanAI,#BuildInPublic #FutureCaribbean #FreeLeased,draft,
324,13,4,canopy,Canopy,"cultural rootedness, sustainability, climate-resilience",forest/parrot,Threads,16:00 UTC,500,"conversational, question-led",T5,Honest-disclosure,Discipline,"{brand_voice} honesty: {disclosure} — no overclaim, no hype. #ResponsibleAI",#BuildInPublic #FutureCaribbean #FreeLeased,draft,
325,13,5,coral,Coral,"approachability, resident-led design, plain-language UX",coral/sand/lagoon,Threads,16:00 UTC,500,"conversational, question-led",T6,Call-to-action,Pilot/CTA,Pilot slot open: {ask} — {brand_voice} voice. Reply or DM. #FreeLeased,#BuildInPublic #FutureCaribbean #FreeLeased,draft,
326,14,1,veridian,Veridian,"trust, restraint, regional rootedness",peacock dark,X,08:00 UTC,280,short text + 2 hashtags,T3,Stat-callout,Numbers,{brand_voice} number drop: {stat} · {stat_context} #FutureCaribbean,#BuildInPublic #FutureCaribbean #FreeLeased,draft,
327,14,2,quill,Quill,"gravitas, editorial craft, serious publication",ivory/ink-red,X,08:00 UTC,280,short text + 2 hashtags,T4,Caribbean-context,Region,Caribbean lens ({jurisdiction}): {regional_observation} — {brand_voice} framing. #CaribbeanAI,#BuildInPublic #FutureCaribbean #FreeLeased,draft,
328,14,3,monolith,Monolith,"clarity, terminal aesthetics, no-nonsense shipping",black/signal-yellow,X,08:00 UTC,280,short text + 2 hashtags,T5,Honest-disclosure,Discipline,"{brand_voice} honesty: {disclosure} — no overclaim, no hype. #ResponsibleAI",#BuildInPublic #FutureCaribbean #FreeLeased,draft,
329,14,4,canopy,Canopy,"cultural rootedness, sustainability, climate-resilience",forest/parrot,X,08:00 UTC,280,short text + 2 hashtags,T6,Call-to-action,Pilot/CTA,Pilot slot open: {ask} — {brand_voice} voice. Reply or DM. #FreeLeased,#BuildInPublic #FutureCaribbean #FreeLeased,draft,
330,14,5,coral,Coral,"approachability, resident-led design, plain-language UX",coral/sand/lagoon,X,08:00 UTC,280,short text + 2 hashtags,T1,Problem-stat,POV,{brand_voice} framing: {problem_statement} · #FutureCaribbean #BuildInPublic,#BuildInPublic #FutureCaribbean #FreeLeased,draft,
331,14,1,veridian,Veridian,"trust, restraint, regional rootedness",peacock dark,LinkedIn,14:00 UTC,3000,4-6 sentence long-form,T3,Stat-callout,Numbers,{brand_voice} number drop: {stat} · {stat_context} #FutureCaribbean,#BuildInPublic #FutureCaribbean #FreeLeased,draft,
332,14,2,quill,Quill,"gravitas, editorial craft, serious publication",ivory/ink-red,LinkedIn,14:00 UTC,3000,4-6 sentence long-form,T4,Caribbean-context,Region,Caribbean lens ({jurisdiction}): {regional_observation} — {brand_voice} framing. #CaribbeanAI,#BuildInPublic #FutureCaribbean #FreeLeased,draft,
333,14,3,monolith,Monolith,"clarity, terminal aesthetics, no-nonsense shipping",black/signal-yellow,LinkedIn,14:00 UTC,3000,4-6 sentence long-form,T5,Honest-disclosure,Discipline,"{brand_voice} honesty: {disclosure} — no overclaim, no hype. #ResponsibleAI",#BuildInPublic #FutureCaribbean #FreeLeased,draft,
334,14,4,canopy,Canopy,"cultural rootedness, sustainability, climate-resilience",forest/parrot,LinkedIn,14:00 UTC,3000,4-6 sentence long-form,T6,Call-to-action,Pilot/CTA,Pilot slot open: {ask} — {brand_voice} voice. Reply or DM. #FreeLeased,#BuildInPublic #FutureCaribbean #FreeLeased,draft,
335,14,5,coral,Coral,"approachability, resident-led design, plain-language UX",coral/sand/lagoon,LinkedIn,14:00 UTC,3000,4-6 sentence long-form,T1,Problem-stat,POV,{brand_voice} framing: {problem_statement} · #FutureCaribbean #BuildInPublic,#BuildInPublic #FutureCaribbean #FreeLeased,draft,
336,14,1,veridian,Veridian,"trust, restraint, regional rootedness",peacock dark,Mastodon,09:00 UTC,500,short text + open tag,T3,Stat-callout,Numbers,{brand_voice} number drop: {stat} · {stat_context} #FutureCaribbean,#BuildInPublic #FutureCaribbean #FreeLeased,draft,
337,14,2,quill,Quill,"gravitas, editorial craft, serious publication",ivory/ink-red,Mastodon,09:00 UTC,500,short text + open tag,T4,Caribbean-context,Region,Caribbean lens ({jurisdiction}): {regional_observation} — {brand_voice} framing. #CaribbeanAI,#BuildInPublic #FutureCaribbean #FreeLeased,draft,
338,14,3,monolith,Monolith,"clarity, terminal aesthetics, no-nonsense shipping",black/signal-yellow,Mastodon,09:00 UTC,500,short text + open tag,T5,Honest-disclosure,Discipline,"{brand_voice} honesty: {disclosure} — no overclaim, no hype. #ResponsibleAI",#BuildInPublic #FutureCaribbean #FreeLeased,draft,
339,14,4,canopy,Canopy,"cultural rootedness, sustainability, climate-resilience",forest/parrot,Mastodon,09:00 UTC,500,short text + open tag,T6,Call-to-action,Pilot/CTA,Pilot slot open: {ask} — {brand_voice} voice. Reply or DM. #FreeLeased,#BuildInPublic #FutureCaribbean #FreeLeased,draft,
340,14,5,coral,Coral,"approachability, resident-led design, plain-language UX",coral/sand/lagoon,Mastodon,09:00 UTC,500,short text + open tag,T1,Problem-stat,POV,{brand_voice} framing: {problem_statement} · #FutureCaribbean #BuildInPublic,#BuildInPublic #FutureCaribbean #FreeLeased,draft,
341,14,1,veridian,Veridian,"trust, restraint, regional rootedness",peacock dark,Bluesky,10:00 UTC,300,short text + custom feed tag,T3,Stat-callout,Numbers,{brand_voice} number drop: {stat} · {stat_context} #FutureCaribbean,#BuildInPublic #FutureCaribbean #FreeLeased,draft,
342,14,2,quill,Quill,"gravitas, editorial craft, serious publication",ivory/ink-red,Bluesky,10:00 UTC,300,short text + custom feed tag,T4,Caribbean-context,Region,Caribbean lens ({jurisdiction}): {regional_observation} — {brand_voice} framing. #CaribbeanAI,#BuildInPublic #FutureCaribbean #FreeLeased,draft,
343,14,3,monolith,Monolith,"clarity, terminal aesthetics, no-nonsense shipping",black/signal-yellow,Bluesky,10:00 UTC,300,short text + custom feed tag,T5,Honest-disclosure,Discipline,"{brand_voice} honesty: {disclosure} — no overclaim, no hype. #ResponsibleAI",#BuildInPublic #FutureCaribbean #FreeLeased,draft,
344,14,4,canopy,Canopy,"cultural rootedness, sustainability, climate-resilience",forest/parrot,Bluesky,10:00 UTC,300,short text + custom feed tag,T6,Call-to-action,Pilot/CTA,Pilot slot open: {ask} — {brand_voice} voice. Reply or DM. #FreeLeased,#BuildInPublic #FutureCaribbean #FreeLeased,draft,
345,14,5,coral,Coral,"approachability, resident-led design, plain-language UX",coral/sand/lagoon,Bluesky,10:00 UTC,300,short text + custom feed tag,T1,Problem-stat,POV,{brand_voice} framing: {problem_statement} · #FutureCaribbean #BuildInPublic,#BuildInPublic #FutureCaribbean #FreeLeased,draft,
346,14,1,veridian,Veridian,"trust, restraint, regional rootedness",peacock dark,Threads,16:00 UTC,500,"conversational, question-led",T3,Stat-callout,Numbers,{brand_voice} number drop: {stat} · {stat_context} #FutureCaribbean,#BuildInPublic #FutureCaribbean #FreeLeased,draft,
347,14,2,quill,Quill,"gravitas, editorial craft, serious publication",ivory/ink-red,Threads,16:00 UTC,500,"conversational, question-led",T4,Caribbean-context,Region,Caribbean lens ({jurisdiction}): {regional_observation} — {brand_voice} framing. #CaribbeanAI,#BuildInPublic #FutureCaribbean #FreeLeased,draft,
348,14,3,monolith,Monolith,"clarity, terminal aesthetics, no-nonsense shipping",black/signal-yellow,Threads,16:00 UTC,500,"conversational, question-led",T5,Honest-disclosure,Discipline,"{brand_voice} honesty: {disclosure} — no overclaim, no hype. #ResponsibleAI",#BuildInPublic #FutureCaribbean #FreeLeased,draft,
349,14,4,canopy,Canopy,"cultural rootedness, sustainability, climate-resilience",forest/parrot,Threads,16:00 UTC,500,"conversational, question-led",T6,Call-to-action,Pilot/CTA,Pilot slot open: {ask} — {brand_voice} voice. Reply or DM. #FreeLeased,#BuildInPublic #FutureCaribbean #FreeLeased,draft,
350,14,5,coral,Coral,"approachability, resident-led design, plain-language UX",coral/sand/lagoon,Threads,16:00 UTC,500,"conversational, question-led",T1,Problem-stat,POV,{brand_voice} framing: {problem_statement} · #FutureCaribbean #BuildInPublic,#BuildInPublic #FutureCaribbean #FreeLeased,draft,
351,15,1,veridian,Veridian,"trust, restraint, regional rootedness",peacock dark,X,08:00 UTC,280,short text + 2 hashtags,T4,Caribbean-context,Region,Caribbean lens ({jurisdiction}): {regional_observation} — {brand_voice} framing. #CaribbeanAI,#BuildInPublic #FutureCaribbean #FreeLeased,draft,
352,15,2,quill,Quill,"gravitas, editorial craft, serious publication",ivory/ink-red,X,08:00 UTC,280,short text + 2 hashtags,T5,Honest-disclosure,Discipline,"{brand_voice} honesty: {disclosure} — no overclaim, no hype. #ResponsibleAI",#BuildInPublic #FutureCaribbean #FreeLeased,draft,
353,15,3,monolith,Monolith,"clarity, terminal aesthetics, no-nonsense shipping",black/signal-yellow,X,08:00 UTC,280,short text + 2 hashtags,T6,Call-to-action,Pilot/CTA,Pilot slot open: {ask} — {brand_voice} voice. Reply or DM. #FreeLeased,#BuildInPublic #FutureCaribbean #FreeLeased,draft,
354,15,4,canopy,Canopy,"cultural rootedness, sustainability, climate-resilience",forest/parrot,X,08:00 UTC,280,short text + 2 hashtags,T1,Problem-stat,POV,{brand_voice} framing: {problem_statement} · #FutureCaribbean #BuildInPublic,#BuildInPublic #FutureCaribbean #FreeLeased,draft,
355,15,5,coral,Coral,"approachability, resident-led design, plain-language UX",coral/sand/lagoon,X,08:00 UTC,280,short text + 2 hashtags,T2,Build-in-public,Daily ship,Day {day}/{total_days}: {shipped_today} — {brand_voice} cut. #BuildInPublic #FreeLeased,#BuildInPublic #FutureCaribbean #FreeLeased,draft,
356,15,1,veridian,Veridian,"trust, restraint, regional rootedness",peacock dark,LinkedIn,14:00 UTC,3000,4-6 sentence long-form,T4,Caribbean-context,Region,Caribbean lens ({jurisdiction}): {regional_observation} — {brand_voice} framing. #CaribbeanAI,#BuildInPublic #FutureCaribbean #FreeLeased,draft,
357,15,2,quill,Quill,"gravitas, editorial craft, serious publication",ivory/ink-red,LinkedIn,14:00 UTC,3000,4-6 sentence long-form,T5,Honest-disclosure,Discipline,"{brand_voice} honesty: {disclosure} — no overclaim, no hype. #ResponsibleAI",#BuildInPublic #FutureCaribbean #FreeLeased,draft,
358,15,3,monolith,Monolith,"clarity, terminal aesthetics, no-nonsense shipping",black/signal-yellow,LinkedIn,14:00 UTC,3000,4-6 sentence long-form,T6,Call-to-action,Pilot/CTA,Pilot slot open: {ask} — {brand_voice} voice. Reply or DM. #FreeLeased,#BuildInPublic #FutureCaribbean #FreeLeased,draft,
359,15,4,canopy,Canopy,"cultural rootedness, sustainability, climate-resilience",forest/parrot,LinkedIn,14:00 UTC,3000,4-6 sentence long-form,T1,Problem-stat,POV,{brand_voice} framing: {problem_statement} · #FutureCaribbean #BuildInPublic,#BuildInPublic #FutureCaribbean #FreeLeased,draft,
360,15,5,coral,Coral,"approachability, resident-led design, plain-language UX",coral/sand/lagoon,LinkedIn,14:00 UTC,3000,4-6 sentence long-form,T2,Build-in-public,Daily ship,Day {day}/{total_days}: {shipped_today} — {brand_voice} cut. #BuildInPublic #FreeLeased,#BuildInPublic #FutureCaribbean #FreeLeased,draft,
361,15,1,veridian,Veridian,"trust, restraint, regional rootedness",peacock dark,Mastodon,09:00 UTC,500,short text + open tag,T4,Caribbean-context,Region,Caribbean lens ({jurisdiction}): {regional_observation} — {brand_voice} framing. #CaribbeanAI,#BuildInPublic #FutureCaribbean #FreeLeased,draft,
362,15,2,quill,Quill,"gravitas, editorial craft, serious publication",ivory/ink-red,Mastodon,09:00 UTC,500,short text + open tag,T5,Honest-disclosure,Discipline,"{brand_voice} honesty: {disclosure} — no overclaim, no hype. #ResponsibleAI",#BuildInPublic #FutureCaribbean #FreeLeased,draft,
363,15,3,monolith,Monolith,"clarity, terminal aesthetics, no-nonsense shipping",black/signal-yellow,Mastodon,09:00 UTC,500,short text + open tag,T6,Call-to-action,Pilot/CTA,Pilot slot open: {ask} — {brand_voice} voice. Reply or DM. #FreeLeased,#BuildInPublic #FutureCaribbean #FreeLeased,draft,
364,15,4,canopy,Canopy,"cultural rootedness, sustainability, climate-resilience",forest/parrot,Mastodon,09:00 UTC,500,short text + open tag,T1,Problem-stat,POV,{brand_voice} framing: {problem_statement} · #FutureCaribbean #BuildInPublic,#BuildInPublic #FutureCaribbean #FreeLeased,draft,
365,15,5,coral,Coral,"approachability, resident-led design, plain-language UX",coral/sand/lagoon,Mastodon,09:00 UTC,500,short text + open tag,T2,Build-in-public,Daily ship,Day {day}/{total_days}: {shipped_today} — {brand_voice} cut. #BuildInPublic #FreeLeased,#BuildInPublic #FutureCaribbean #FreeLeased,draft,
366,15,1,veridian,Veridian,"trust, restraint, regional rootedness",peacock dark,Bluesky,10:00 UTC,300,short text + custom feed tag,T4,Caribbean-context,Region,Caribbean lens ({jurisdiction}): {regional_observation} — {brand_voice} framing. #CaribbeanAI,#BuildInPublic #FutureCaribbean #FreeLeased,draft,
367,15,2,quill,Quill,"gravitas, editorial craft, serious publication",ivory/ink-red,Bluesky,10:00 UTC,300,short text + custom feed tag,T5,Honest-disclosure,Discipline,"{brand_voice} honesty: {disclosure} — no overclaim, no hype. #ResponsibleAI",#BuildInPublic #FutureCaribbean #FreeLeased,draft,
368,15,3,monolith,Monolith,"clarity, terminal aesthetics, no-nonsense shipping",black/signal-yellow,Bluesky,10:00 UTC,300,short text + custom feed tag,T6,Call-to-action,Pilot/CTA,Pilot slot open: {ask} — {brand_voice} voice. Reply or DM. #FreeLeased,#BuildInPublic #FutureCaribbean #FreeLeased,draft,
369,15,4,canopy,Canopy,"cultural rootedness, sustainability, climate-resilience",forest/parrot,Bluesky,10:00 UTC,300,short text + custom feed tag,T1,Problem-stat,POV,{brand_voice} framing: {problem_statement} · #FutureCaribbean #BuildInPublic,#BuildInPublic #FutureCaribbean #FreeLeased,draft,
370,15,5,coral,Coral,"approachability, resident-led design, plain-language UX",coral/sand/lagoon,Bluesky,10:00 UTC,300,short text + custom feed tag,T2,Build-in-public,Daily ship,Day {day}/{total_days}: {shipped_today} — {brand_voice} cut. #BuildInPublic #FreeLeased,#BuildInPublic #FutureCaribbean #FreeLeased,draft,
371,15,1,veridian,Veridian,"trust, restraint, regional rootedness",peacock dark,Threads,16:00 UTC,500,"conversational, question-led",T4,Caribbean-context,Region,Caribbean lens ({jurisdiction}): {regional_observation} — {brand_voice} framing. #CaribbeanAI,#BuildInPublic #FutureCaribbean #FreeLeased,draft,
372,15,2,quill,Quill,"gravitas, editorial craft, serious publication",ivory/ink-red,Threads,16:00 UTC,500,"conversational, question-led",T5,Honest-disclosure,Discipline,"{brand_voice} honesty: {disclosure} — no overclaim, no hype. #ResponsibleAI",#BuildInPublic #FutureCaribbean #FreeLeased,draft,
373,15,3,monolith,Monolith,"clarity, terminal aesthetics, no-nonsense shipping",black/signal-yellow,Threads,16:00 UTC,500,"conversational, question-led",T6,Call-to-action,Pilot/CTA,Pilot slot open: {ask} — {brand_voice} voice. Reply or DM. #FreeLeased,#BuildInPublic #FutureCaribbean #FreeLeased,draft,
374,15,4,canopy,Canopy,"cultural rootedness, sustainability, climate-resilience",forest/parrot,Threads,16:00 UTC,500,"conversational, question-led",T1,Problem-stat,POV,{brand_voice} framing: {problem_statement} · #FutureCaribbean #BuildInPublic,#BuildInPublic #FutureCaribbean #FreeLeased,draft,
375,15,5,coral,Coral,"approachability, resident-led design, plain-language UX",coral/sand/lagoon,Threads,16:00 UTC,500,"conversational, question-led",T2,Build-in-public,Daily ship,Day {day}/{total_days}: {shipped_today} — {brand_voice} cut. #BuildInPublic #FreeLeased,#BuildInPublic #FutureCaribbean #FreeLeased,draft,
376,16,1,veridian,Veridian,"trust, restraint, regional rootedness",peacock dark,X,08:00 UTC,280,short text + 2 hashtags,T5,Honest-disclosure,Discipline,"{brand_voice} honesty: {disclosure} — no overclaim, no hype. #ResponsibleAI",#BuildInPublic #FutureCaribbean #FreeLeased,draft,
377,16,2,quill,Quill,"gravitas, editorial craft, serious publication",ivory/ink-red,X,08:00 UTC,280,short text + 2 hashtags,T6,Call-to-action,Pilot/CTA,Pilot slot open: {ask} — {brand_voice} voice. Reply or DM. #FreeLeased,#BuildInPublic #FutureCaribbean #FreeLeased,draft,
378,16,3,monolith,Monolith,"clarity, terminal aesthetics, no-nonsense shipping",black/signal-yellow,X,08:00 UTC,280,short text + 2 hashtags,T1,Problem-stat,POV,{brand_voice} framing: {problem_statement} · #FutureCaribbean #BuildInPublic,#BuildInPublic #FutureCaribbean #FreeLeased,draft,
379,16,4,canopy,Canopy,"cultural rootedness, sustainability, climate-resilience",forest/parrot,X,08:00 UTC,280,short text + 2 hashtags,T2,Build-in-public,Daily ship,Day {day}/{total_days}: {shipped_today} — {brand_voice} cut. #BuildInPublic #FreeLeased,#BuildInPublic #FutureCaribbean #FreeLeased,draft,
380,16,5,coral,Coral,"approachability, resident-led design, plain-language UX",coral/sand/lagoon,X,08:00 UTC,280,short text + 2 hashtags,T3,Stat-callout,Numbers,{brand_voice} number drop: {stat} · {stat_context} #FutureCaribbean,#BuildInPublic #FutureCaribbean #FreeLeased,draft,
381,16,1,veridian,Veridian,"trust, restraint, regional rootedness",peacock dark,LinkedIn,14:00 UTC,3000,4-6 sentence long-form,T5,Honest-disclosure,Discipline,"{brand_voice} honesty: {disclosure} — no overclaim, no hype. #ResponsibleAI",#BuildInPublic #FutureCaribbean #FreeLeased,draft,
382,16,2,quill,Quill,"gravitas, editorial craft, serious publication",ivory/ink-red,LinkedIn,14:00 UTC,3000,4-6 sentence long-form,T6,Call-to-action,Pilot/CTA,Pilot slot open: {ask} — {brand_voice} voice. Reply or DM. #FreeLeased,#BuildInPublic #FutureCaribbean #FreeLeased,draft,
383,16,3,monolith,Monolith,"clarity, terminal aesthetics, no-nonsense shipping",black/signal-yellow,LinkedIn,14:00 UTC,3000,4-6 sentence long-form,T1,Problem-stat,POV,{brand_voice} framing: {problem_statement} · #FutureCaribbean #BuildInPublic,#BuildInPublic #FutureCaribbean #FreeLeased,draft,
384,16,4,canopy,Canopy,"cultural rootedness, sustainability, climate-resilience",forest/parrot,LinkedIn,14:00 UTC,3000,4-6 sentence long-form,T2,Build-in-public,Daily ship,Day {day}/{total_days}: {shipped_today} — {brand_voice} cut. #BuildInPublic #FreeLeased,#BuildInPublic #FutureCaribbean #FreeLeased,draft,
385,16,5,coral,Coral,"approachability, resident-led design, plain-language UX",coral/sand/lagoon,LinkedIn,14:00 UTC,3000,4-6 sentence long-form,T3,Stat-callout,Numbers,{brand_voice} number drop: {stat} · {stat_context} #FutureCaribbean,#BuildInPublic #FutureCaribbean #FreeLeased,draft,
386,16,1,veridian,Veridian,"trust, restraint, regional rootedness",peacock dark,Mastodon,09:00 UTC,500,short text + open tag,T5,Honest-disclosure,Discipline,"{brand_voice} honesty: {disclosure} — no overclaim, no hype. #ResponsibleAI",#BuildInPublic #FutureCaribbean #FreeLeased,draft,
387,16,2,quill,Quill,"gravitas, editorial craft, serious publication",ivory/ink-red,Mastodon,09:00 UTC,500,short text + open tag,T6,Call-to-action,Pilot/CTA,Pilot slot open: {ask} — {brand_voice} voice. Reply or DM. #FreeLeased,#BuildInPublic #FutureCaribbean #FreeLeased,draft,
388,16,3,monolith,Monolith,"clarity, terminal aesthetics, no-nonsense shipping",black/signal-yellow,Mastodon,09:00 UTC,500,short text + open tag,T1,Problem-stat,POV,{brand_voice} framing: {problem_statement} · #FutureCaribbean #BuildInPublic,#BuildInPublic #FutureCaribbean #FreeLeased,draft,
389,16,4,canopy,Canopy,"cultural rootedness, sustainability, climate-resilience",forest/parrot,Mastodon,09:00 UTC,500,short text + open tag,T2,Build-in-public,Daily ship,Day {day}/{total_days}: {shipped_today} — {brand_voice} cut. #BuildInPublic #FreeLeased,#BuildInPublic #FutureCaribbean #FreeLeased,draft,
390,16,5,coral,Coral,"approachability, resident-led design, plain-language UX",coral/sand/lagoon,Mastodon,09:00 UTC,500,short text + open tag,T3,Stat-callout,Numbers,{brand_voice} number drop: {stat} · {stat_context} #FutureCaribbean,#BuildInPublic #FutureCaribbean #FreeLeased,draft,
391,16,1,veridian,Veridian,"trust, restraint, regional rootedness",peacock dark,Bluesky,10:00 UTC,300,short text + custom feed tag,T5,Honest-disclosure,Discipline,"{brand_voice} honesty: {disclosure} — no overclaim, no hype. #ResponsibleAI",#BuildInPublic #FutureCaribbean #FreeLeased,draft,
392,16,2,quill,Quill,"gravitas, editorial craft, serious publication",ivory/ink-red,Bluesky,10:00 UTC,300,short text + custom feed tag,T6,Call-to-action,Pilot/CTA,Pilot slot open: {ask} — {brand_voice} voice. Reply or DM. #FreeLeased,#BuildInPublic #FutureCaribbean #FreeLeased,draft,
393,16,3,monolith,Monolith,"clarity, terminal aesthetics, no-nonsense shipping",black/signal-yellow,Bluesky,10:00 UTC,300,short text + custom feed tag,T1,Problem-stat,POV,{brand_voice} framing: {problem_statement} · #FutureCaribbean #BuildInPublic,#BuildInPublic #FutureCaribbean #FreeLeased,draft,
394,16,4,canopy,Canopy,"cultural rootedness, sustainability, climate-resilience",forest/parrot,Bluesky,10:00 UTC,300,short text + custom feed tag,T2,Build-in-public,Daily ship,Day {day}/{total_days}: {shipped_today} — {brand_voice} cut. #BuildInPublic #FreeLeased,#BuildInPublic #FutureCaribbean #FreeLeased,draft,
395,16,5,coral,Coral,"approachability, resident-led design, plain-language UX",coral/sand/lagoon,Bluesky,10:00 UTC,300,short text + custom feed tag,T3,Stat-callout,Numbers,{brand_voice} number drop: {stat} · {stat_context} #FutureCaribbean,#BuildInPublic #FutureCaribbean #FreeLeased,draft,
396,16,1,veridian,Veridian,"trust, restraint, regional rootedness",peacock dark,Threads,16:00 UTC,500,"conversational, question-led",T5,Honest-disclosure,Discipline,"{brand_voice} honesty: {disclosure} — no overclaim, no hype. #ResponsibleAI",#BuildInPublic #FutureCaribbean #FreeLeased,draft,
397,16,2,quill,Quill,"gravitas, editorial craft, serious publication",ivory/ink-red,Threads,16:00 UTC,500,"conversational, question-led",T6,Call-to-action,Pilot/CTA,Pilot slot open: {ask} — {brand_voice} voice. Reply or DM. #FreeLeased,#BuildInPublic #FutureCaribbean #FreeLeased,draft,
398,16,3,monolith,Monolith,"clarity, terminal aesthetics, no-nonsense shipping",black/signal-yellow,Threads,16:00 UTC,500,"conversational, question-led",T1,Problem-stat,POV,{brand_voice} framing: {problem_statement} · #FutureCaribbean #BuildInPublic,#BuildInPublic #FutureCaribbean #FreeLeased,draft,
399,16,4,canopy,Canopy,"cultural rootedness, sustainability, climate-resilience",forest/parrot,Threads,16:00 UTC,500,"conversational, question-led",T2,Build-in-public,Daily ship,Day {day}/{total_days}: {shipped_today} — {brand_voice} cut. #BuildInPublic #FreeLeased,#BuildInPublic #FutureCaribbean #FreeLeased,draft,
400,16,5,coral,Coral,"approachability, resident-led design, plain-language UX",coral/sand/lagoon,Threads,16:00 UTC,500,"conversational, question-led",T3,Stat-callout,Numbers,{brand_voice} number drop: {stat} · {stat_context} #FutureCaribbean,#BuildInPublic #FutureCaribbean #FreeLeased,draft,
401,17,1,veridian,Veridian,"trust, restraint, regional rootedness",peacock dark,X,08:00 UTC,280,short text + 2 hashtags,T6,Call-to-action,Pilot/CTA,Pilot slot open: {ask} — {brand_voice} voice. Reply or DM. #FreeLeased,#BuildInPublic #FutureCaribbean #FreeLeased,draft,
402,17,2,quill,Quill,"gravitas, editorial craft, serious publication",ivory/ink-red,X,08:00 UTC,280,short text + 2 hashtags,T1,Problem-stat,POV,{brand_voice} framing: {problem_statement} · #FutureCaribbean #BuildInPublic,#BuildInPublic #FutureCaribbean #FreeLeased,draft,
403,17,3,monolith,Monolith,"clarity, terminal aesthetics, no-nonsense shipping",black/signal-yellow,X,08:00 UTC,280,short text + 2 hashtags,T2,Build-in-public,Daily ship,Day {day}/{total_days}: {shipped_today} — {brand_voice} cut. #BuildInPublic #FreeLeased,#BuildInPublic #FutureCaribbean #FreeLeased,draft,
404,17,4,canopy,Canopy,"cultural rootedness, sustainability, climate-resilience",forest/parrot,X,08:00 UTC,280,short text + 2 hashtags,T3,Stat-callout,Numbers,{brand_voice} number drop: {stat} · {stat_context} #FutureCaribbean,#BuildInPublic #FutureCaribbean #FreeLeased,draft,
405,17,5,coral,Coral,"approachability, resident-led design, plain-language UX",coral/sand/lagoon,X,08:00 UTC,280,short text + 2 hashtags,T4,Caribbean-context,Region,Caribbean lens ({jurisdiction}): {regional_observation} — {brand_voice} framing. #CaribbeanAI,#BuildInPublic #FutureCaribbean #FreeLeased,draft,
406,17,1,veridian,Veridian,"trust, restraint, regional rootedness",peacock dark,LinkedIn,14:00 UTC,3000,4-6 sentence long-form,T6,Call-to-action,Pilot/CTA,Pilot slot open: {ask} — {brand_voice} voice. Reply or DM. #FreeLeased,#BuildInPublic #FutureCaribbean #FreeLeased,draft,
407,17,2,quill,Quill,"gravitas, editorial craft, serious publication",ivory/ink-red,LinkedIn,14:00 UTC,3000,4-6 sentence long-form,T1,Problem-stat,POV,{brand_voice} framing: {problem_statement} · #FutureCaribbean #BuildInPublic,#BuildInPublic #FutureCaribbean #FreeLeased,draft,
408,17,3,monolith,Monolith,"clarity, terminal aesthetics, no-nonsense shipping",black/signal-yellow,LinkedIn,14:00 UTC,3000,4-6 sentence long-form,T2,Build-in-public,Daily ship,Day {day}/{total_days}: {shipped_today} — {brand_voice} cut. #BuildInPublic #FreeLeased,#BuildInPublic #FutureCaribbean #FreeLeased,draft,
409,17,4,canopy,Canopy,"cultural rootedness, sustainability, climate-resilience",forest/parrot,LinkedIn,14:00 UTC,3000,4-6 sentence long-form,T3,Stat-callout,Numbers,{brand_voice} number drop: {stat} · {stat_context} #FutureCaribbean,#BuildInPublic #FutureCaribbean #FreeLeased,draft,
410,17,5,coral,Coral,"approachability, resident-led design, plain-language UX",coral/sand/lagoon,LinkedIn,14:00 UTC,3000,4-6 sentence long-form,T4,Caribbean-context,Region,Caribbean lens ({jurisdiction}): {regional_observation} — {brand_voice} framing. #CaribbeanAI,#BuildInPublic #FutureCaribbean #FreeLeased,draft,
411,17,1,veridian,Veridian,"trust, restraint, regional rootedness",peacock dark,Mastodon,09:00 UTC,500,short text + open tag,T6,Call-to-action,Pilot/CTA,Pilot slot open: {ask} — {brand_voice} voice. Reply or DM. #FreeLeased,#BuildInPublic #FutureCaribbean #FreeLeased,draft,
412,17,2,quill,Quill,"gravitas, editorial craft, serious publication",ivory/ink-red,Mastodon,09:00 UTC,500,short text + open tag,T1,Problem-stat,POV,{brand_voice} framing: {problem_statement} · #FutureCaribbean #BuildInPublic,#BuildInPublic #FutureCaribbean #FreeLeased,draft,
413,17,3,monolith,Monolith,"clarity, terminal aesthetics, no-nonsense shipping",black/signal-yellow,Mastodon,09:00 UTC,500,short text + open tag,T2,Build-in-public,Daily ship,Day {day}/{total_days}: {shipped_today} — {brand_voice} cut. #BuildInPublic #FreeLeased,#BuildInPublic #FutureCaribbean #FreeLeased,draft,
414,17,4,canopy,Canopy,"cultural rootedness, sustainability, climate-resilience",forest/parrot,Mastodon,09:00 UTC,500,short text + open tag,T3,Stat-callout,Numbers,{brand_voice} number drop: {stat} · {stat_context} #FutureCaribbean,#BuildInPublic #FutureCaribbean #FreeLeased,draft,
415,17,5,coral,Coral,"approachability, resident-led design, plain-language UX",coral/sand/lagoon,Mastodon,09:00 UTC,500,short text + open tag,T4,Caribbean-context,Region,Caribbean lens ({jurisdiction}): {regional_observation} — {brand_voice} framing. #CaribbeanAI,#BuildInPublic #FutureCaribbean #FreeLeased,draft,
416,17,1,veridian,Veridian,"trust, restraint, regional rootedness",peacock dark,Bluesky,10:00 UTC,300,short text + custom feed tag,T6,Call-to-action,Pilot/CTA,Pilot slot open: {ask} — {brand_voice} voice. Reply or DM. #FreeLeased,#BuildInPublic #FutureCaribbean #FreeLeased,draft,
417,17,2,quill,Quill,"gravitas, editorial craft, serious publication",ivory/ink-red,Bluesky,10:00 UTC,300,short text + custom feed tag,T1,Problem-stat,POV,{brand_voice} framing: {problem_statement} · #FutureCaribbean #BuildInPublic,#BuildInPublic #FutureCaribbean #FreeLeased,draft,
418,17,3,monolith,Monolith,"clarity, terminal aesthetics, no-nonsense shipping",black/signal-yellow,Bluesky,10:00 UTC,300,short text + custom feed tag,T2,Build-in-public,Daily ship,Day {day}/{total_days}: {shipped_today} — {brand_voice} cut. #BuildInPublic #FreeLeased,#BuildInPublic #FutureCaribbean #FreeLeased,draft,
419,17,4,canopy,Canopy,"cultural rootedness, sustainability, climate-resilience",forest/parrot,Bluesky,10:00 UTC,300,short text + custom feed tag,T3,Stat-callout,Numbers,{brand_voice} number drop: {stat} · {stat_context} #FutureCaribbean,#BuildInPublic #FutureCaribbean #FreeLeased,draft,
420,17,5,coral,Coral,"approachability, resident-led design, plain-language UX",coral/sand/lagoon,Bluesky,10:00 UTC,300,short text + custom feed tag,T4,Caribbean-context,Region,Caribbean lens ({jurisdiction}): {regional_observation} — {brand_voice} framing. #CaribbeanAI,#BuildInPublic #FutureCaribbean #FreeLeased,draft,
421,17,1,veridian,Veridian,"trust, restraint, regional rootedness",peacock dark,Threads,16:00 UTC,500,"conversational, question-led",T6,Call-to-action,Pilot/CTA,Pilot slot open: {ask} — {brand_voice} voice. Reply or DM. #FreeLeased,#BuildInPublic #FutureCaribbean #FreeLeased,draft,
422,17,2,quill,Quill,"gravitas, editorial craft, serious publication",ivory/ink-red,Threads,16:00 UTC,500,"conversational, question-led",T1,Problem-stat,POV,{brand_voice} framing: {problem_statement} · #FutureCaribbean #BuildInPublic,#BuildInPublic #FutureCaribbean #FreeLeased,draft,
423,17,3,monolith,Monolith,"clarity, terminal aesthetics, no-nonsense shipping",black/signal-yellow,Threads,16:00 UTC,500,"conversational, question-led",T2,Build-in-public,Daily ship,Day {day}/{total_days}: {shipped_today} — {brand_voice} cut. #BuildInPublic #FreeLeased,#BuildInPublic #FutureCaribbean #FreeLeased,draft,
424,17,4,canopy,Canopy,"cultural rootedness, sustainability, climate-resilience",forest/parrot,Threads,16:00 UTC,500,"conversational, question-led",T3,Stat-callout,Numbers,{brand_voice} number drop: {stat} · {stat_context} #FutureCaribbean,#BuildInPublic #FutureCaribbean #FreeLeased,draft,
425,17,5,coral,Coral,"approachability, resident-led design, plain-language UX",coral/sand/lagoon,Threads,16:00 UTC,500,"conversational, question-led",T4,Caribbean-context,Region,Caribbean lens ({jurisdiction}): {regional_observation} — {brand_voice} framing. #CaribbeanAI,#BuildInPublic #FutureCaribbean #FreeLeased,draft,
426,18,1,veridian,Veridian,"trust, restraint, regional rootedness",peacock dark,X,08:00 UTC,280,short text + 2 hashtags,T1,Problem-stat,POV,{brand_voice} framing: {problem_statement} · #FutureCaribbean #BuildInPublic,#BuildInPublic #FutureCaribbean #FreeLeased,draft,
427,18,2,quill,Quill,"gravitas, editorial craft, serious publication",ivory/ink-red,X,08:00 UTC,280,short text + 2 hashtags,T2,Build-in-public,Daily ship,Day {day}/{total_days}: {shipped_today} — {brand_voice} cut. #BuildInPublic #FreeLeased,#BuildInPublic #FutureCaribbean #FreeLeased,draft,
428,18,3,monolith,Monolith,"clarity, terminal aesthetics, no-nonsense shipping",black/signal-yellow,X,08:00 UTC,280,short text + 2 hashtags,T3,Stat-callout,Numbers,{brand_voice} number drop: {stat} · {stat_context} #FutureCaribbean,#BuildInPublic #FutureCaribbean #FreeLeased,draft,
429,18,4,canopy,Canopy,"cultural rootedness, sustainability, climate-resilience",forest/parrot,X,08:00 UTC,280,short text + 2 hashtags,T4,Caribbean-context,Region,Caribbean lens ({jurisdiction}): {regional_observation} — {brand_voice} framing. #CaribbeanAI,#BuildInPublic #FutureCaribbean #FreeLeased,draft,
430,18,5,coral,Coral,"approachability, resident-led design, plain-language UX",coral/sand/lagoon,X,08:00 UTC,280,short text + 2 hashtags,T5,Honest-disclosure,Discipline,"{brand_voice} honesty: {disclosure} — no overclaim, no hype. #ResponsibleAI",#BuildInPublic #FutureCaribbean #FreeLeased,draft,
431,18,1,veridian,Veridian,"trust, restraint, regional rootedness",peacock dark,LinkedIn,14:00 UTC,3000,4-6 sentence long-form,T1,Problem-stat,POV,{brand_voice} framing: {problem_statement} · #FutureCaribbean #BuildInPublic,#BuildInPublic #FutureCaribbean #FreeLeased,draft,
432,18,2,quill,Quill,"gravitas, editorial craft, serious publication",ivory/ink-red,LinkedIn,14:00 UTC,3000,4-6 sentence long-form,T2,Build-in-public,Daily ship,Day {day}/{total_days}: {shipped_today} — {brand_voice} cut. #BuildInPublic #FreeLeased,#BuildInPublic #FutureCaribbean #FreeLeased,draft,
433,18,3,monolith,Monolith,"clarity, terminal aesthetics, no-nonsense shipping",black/signal-yellow,LinkedIn,14:00 UTC,3000,4-6 sentence long-form,T3,Stat-callout,Numbers,{brand_voice} number drop: {stat} · {stat_context} #FutureCaribbean,#BuildInPublic #FutureCaribbean #FreeLeased,draft,
434,18,4,canopy,Canopy,"cultural rootedness, sustainability, climate-resilience",forest/parrot,LinkedIn,14:00 UTC,3000,4-6 sentence long-form,T4,Caribbean-context,Region,Caribbean lens ({jurisdiction}): {regional_observation} — {brand_voice} framing. #CaribbeanAI,#BuildInPublic #FutureCaribbean #FreeLeased,draft,
435,18,5,coral,Coral,"approachability, resident-led design, plain-language UX",coral/sand/lagoon,LinkedIn,14:00 UTC,3000,4-6 sentence long-form,T5,Honest-disclosure,Discipline,"{brand_voice} honesty: {disclosure} — no overclaim, no hype. #ResponsibleAI",#BuildInPublic #FutureCaribbean #FreeLeased,draft,
436,18,1,veridian,Veridian,"trust, restraint, regional rootedness",peacock dark,Mastodon,09:00 UTC,500,short text + open tag,T1,Problem-stat,POV,{brand_voice} framing: {problem_statement} · #FutureCaribbean #BuildInPublic,#BuildInPublic #FutureCaribbean #FreeLeased,draft,
437,18,2,quill,Quill,"gravitas, editorial craft, serious publication",ivory/ink-red,Mastodon,09:00 UTC,500,short text + open tag,T2,Build-in-public,Daily ship,Day {day}/{total_days}: {shipped_today} — {brand_voice} cut. #BuildInPublic #FreeLeased,#BuildInPublic #FutureCaribbean #FreeLeased,draft,
438,18,3,monolith,Monolith,"clarity, terminal aesthetics, no-nonsense shipping",black/signal-yellow,Mastodon,09:00 UTC,500,short text + open tag,T3,Stat-callout,Numbers,{brand_voice} number drop: {stat} · {stat_context} #FutureCaribbean,#BuildInPublic #FutureCaribbean #FreeLeased,draft,
439,18,4,canopy,Canopy,"cultural rootedness, sustainability, climate-resilience",forest/parrot,Mastodon,09:00 UTC,500,short text + open tag,T4,Caribbean-context,Region,Caribbean lens ({jurisdiction}): {regional_observation} — {brand_voice} framing. #CaribbeanAI,#BuildInPublic #FutureCaribbean #FreeLeased,draft,
440,18,5,coral,Coral,"approachability, resident-led design, plain-language UX",coral/sand/lagoon,Mastodon,09:00 UTC,500,short text + open tag,T5,Honest-disclosure,Discipline,"{brand_voice} honesty: {disclosure} — no overclaim, no hype. #ResponsibleAI",#BuildInPublic #FutureCaribbean #FreeLeased,draft,
441,18,1,veridian,Veridian,"trust, restraint, regional rootedness",peacock dark,Bluesky,10:00 UTC,300,short text + custom feed tag,T1,Problem-stat,POV,{brand_voice} framing: {problem_statement} · #FutureCaribbean #BuildInPublic,#BuildInPublic #FutureCaribbean #FreeLeased,draft,
442,18,2,quill,Quill,"gravitas, editorial craft, serious publication",ivory/ink-red,Bluesky,10:00 UTC,300,short text + custom feed tag,T2,Build-in-public,Daily ship,Day {day}/{total_days}: {shipped_today} — {brand_voice} cut. #BuildInPublic #FreeLeased,#BuildInPublic #FutureCaribbean #FreeLeased,draft,
443,18,3,monolith,Monolith,"clarity, terminal aesthetics, no-nonsense shipping",black/signal-yellow,Bluesky,10:00 UTC,300,short text + custom feed tag,T3,Stat-callout,Numbers,{brand_voice} number drop: {stat} · {stat_context} #FutureCaribbean,#BuildInPublic #FutureCaribbean #FreeLeased,draft,
444,18,4,canopy,Canopy,"cultural rootedness, sustainability, climate-resilience",forest/parrot,Bluesky,10:00 UTC,300,short text + custom feed tag,T4,Caribbean-context,Region,Caribbean lens ({jurisdiction}): {regional_observation} — {brand_voice} framing. #CaribbeanAI,#BuildInPublic #FutureCaribbean #FreeLeased,draft,
445,18,5,coral,Coral,"approachability, resident-led design, plain-language UX",coral/sand/lagoon,Bluesky,10:00 UTC,300,short text + custom feed tag,T5,Honest-disclosure,Discipline,"{brand_voice} honesty: {disclosure} — no overclaim, no hype. #ResponsibleAI",#BuildInPublic #FutureCaribbean #FreeLeased,draft,
446,18,1,veridian,Veridian,"trust, restraint, regional rootedness",peacock dark,Threads,16:00 UTC,500,"conversational, question-led",T1,Problem-stat,POV,{brand_voice} framing: {problem_statement} · #FutureCaribbean #BuildInPublic,#BuildInPublic #FutureCaribbean #FreeLeased,draft,
447,18,2,quill,Quill,"gravitas, editorial craft, serious publication",ivory/ink-red,Threads,16:00 UTC,500,"conversational, question-led",T2,Build-in-public,Daily ship,Day {day}/{total_days}: {shipped_today} — {brand_voice} cut. #BuildInPublic #FreeLeased,#BuildInPublic #FutureCaribbean #FreeLeased,draft,
448,18,3,monolith,Monolith,"clarity, terminal aesthetics, no-nonsense shipping",black/signal-yellow,Threads,16:00 UTC,500,"conversational, question-led",T3,Stat-callout,Numbers,{brand_voice} number drop: {stat} · {stat_context} #FutureCaribbean,#BuildInPublic #FutureCaribbean #FreeLeased,draft,
449,18,4,canopy,Canopy,"cultural rootedness, sustainability, climate-resilience",forest/parrot,Threads,16:00 UTC,500,"conversational, question-led",T4,Caribbean-context,Region,Caribbean lens ({jurisdiction}): {regional_observation} — {brand_voice} framing. #CaribbeanAI,#BuildInPublic #FutureCaribbean #FreeLeased,draft,
450,18,5,coral,Coral,"approachability, resident-led design, plain-language UX",coral/sand/lagoon,Threads,16:00 UTC,500,"conversational, question-led",T5,Honest-disclosure,Discipline,"{brand_voice} honesty: {disclosure} — no overclaim, no hype. #ResponsibleAI",#BuildInPublic #FutureCaribbean #FreeLeased,draft,
451,19,1,veridian,Veridian,"trust, restraint, regional rootedness",peacock dark,X,08:00 UTC,280,short text + 2 hashtags,T2,Build-in-public,Daily ship,Day {day}/{total_days}: {shipped_today} — {brand_voice} cut. #BuildInPublic #FreeLeased,#BuildInPublic #FutureCaribbean #FreeLeased,draft,
452,19,2,quill,Quill,"gravitas, editorial craft, serious publication",ivory/ink-red,X,08:00 UTC,280,short text + 2 hashtags,T3,Stat-callout,Numbers,{brand_voice} number drop: {stat} · {stat_context} #FutureCaribbean,#BuildInPublic #FutureCaribbean #FreeLeased,draft,
453,19,3,monolith,Monolith,"clarity, terminal aesthetics, no-nonsense shipping",black/signal-yellow,X,08:00 UTC,280,short text + 2 hashtags,T4,Caribbean-context,Region,Caribbean lens ({jurisdiction}): {regional_observation} — {brand_voice} framing. #CaribbeanAI,#BuildInPublic #FutureCaribbean #FreeLeased,draft,
454,19,4,canopy,Canopy,"cultural rootedness, sustainability, climate-resilience",forest/parrot,X,08:00 UTC,280,short text + 2 hashtags,T5,Honest-disclosure,Discipline,"{brand_voice} honesty: {disclosure} — no overclaim, no hype. #ResponsibleAI",#BuildInPublic #FutureCaribbean #FreeLeased,draft,
455,19,5,coral,Coral,"approachability, resident-led design, plain-language UX",coral/sand/lagoon,X,08:00 UTC,280,short text + 2 hashtags,T6,Call-to-action,Pilot/CTA,Pilot slot open: {ask} — {brand_voice} voice. Reply or DM. #FreeLeased,#BuildInPublic #FutureCaribbean #FreeLeased,draft,
456,19,1,veridian,Veridian,"trust, restraint, regional rootedness",peacock dark,LinkedIn,14:00 UTC,3000,4-6 sentence long-form,T2,Build-in-public,Daily ship,Day {day}/{total_days}: {shipped_today} — {brand_voice} cut. #BuildInPublic #FreeLeased,#BuildInPublic #FutureCaribbean #FreeLeased,draft,
457,19,2,quill,Quill,"gravitas, editorial craft, serious publication",ivory/ink-red,LinkedIn,14:00 UTC,3000,4-6 sentence long-form,T3,Stat-callout,Numbers,{brand_voice} number drop: {stat} · {stat_context} #FutureCaribbean,#BuildInPublic #FutureCaribbean #FreeLeased,draft,
458,19,3,monolith,Monolith,"clarity, terminal aesthetics, no-nonsense shipping",black/signal-yellow,LinkedIn,14:00 UTC,3000,4-6 sentence long-form,T4,Caribbean-context,Region,Caribbean lens ({jurisdiction}): {regional_observation} — {brand_voice} framing. #CaribbeanAI,#BuildInPublic #FutureCaribbean #FreeLeased,draft,
459,19,4,canopy,Canopy,"cultural rootedness, sustainability, climate-resilience",forest/parrot,LinkedIn,14:00 UTC,3000,4-6 sentence long-form,T5,Honest-disclosure,Discipline,"{brand_voice} honesty: {disclosure} — no overclaim, no hype. #ResponsibleAI",#BuildInPublic #FutureCaribbean #FreeLeased,draft,
460,19,5,coral,Coral,"approachability, resident-led design, plain-language UX",coral/sand/lagoon,LinkedIn,14:00 UTC,3000,4-6 sentence long-form,T6,Call-to-action,Pilot/CTA,Pilot slot open: {ask} — {brand_voice} voice. Reply or DM. #FreeLeased,#BuildInPublic #FutureCaribbean #FreeLeased,draft,
461,19,1,veridian,Veridian,"trust, restraint, regional rootedness",peacock dark,Mastodon,09:00 UTC,500,short text + open tag,T2,Build-in-public,Daily ship,Day {day}/{total_days}: {shipped_today} — {brand_voice} cut. #BuildInPublic #FreeLeased,#BuildInPublic #FutureCaribbean #FreeLeased,draft,
462,19,2,quill,Quill,"gravitas, editorial craft, serious publication",ivory/ink-red,Mastodon,09:00 UTC,500,short text + open tag,T3,Stat-callout,Numbers,{brand_voice} number drop: {stat} · {stat_context} #FutureCaribbean,#BuildInPublic #FutureCaribbean #FreeLeased,draft,
463,19,3,monolith,Monolith,"clarity, terminal aesthetics, no-nonsense shipping",black/signal-yellow,Mastodon,09:00 UTC,500,short text + open tag,T4,Caribbean-context,Region,Caribbean lens ({jurisdiction}): {regional_observation} — {brand_voice} framing. #CaribbeanAI,#BuildInPublic #FutureCaribbean #FreeLeased,draft,
464,19,4,canopy,Canopy,"cultural rootedness, sustainability, climate-resilience",forest/parrot,Mastodon,09:00 UTC,500,short text + open tag,T5,Honest-disclosure,Discipline,"{brand_voice} honesty: {disclosure} — no overclaim, no hype. #ResponsibleAI",#BuildInPublic #FutureCaribbean #FreeLeased,draft,
465,19,5,coral,Coral,"approachability, resident-led design, plain-language UX",coral/sand/lagoon,Mastodon,09:00 UTC,500,short text + open tag,T6,Call-to-action,Pilot/CTA,Pilot slot open: {ask} — {brand_voice} voice. Reply or DM. #FreeLeased,#BuildInPublic #FutureCaribbean #FreeLeased,draft,
466,19,1,veridian,Veridian,"trust, restraint, regional rootedness",peacock dark,Bluesky,10:00 UTC,300,short text + custom feed tag,T2,Build-in-public,Daily ship,Day {day}/{total_days}: {shipped_today} — {brand_voice} cut. #BuildInPublic #FreeLeased,#BuildInPublic #FutureCaribbean #FreeLeased,draft,
467,19,2,quill,Quill,"gravitas, editorial craft, serious publication",ivory/ink-red,Bluesky,10:00 UTC,300,short text + custom feed tag,T3,Stat-callout,Numbers,{brand_voice} number drop: {stat} · {stat_context} #FutureCaribbean,#BuildInPublic #FutureCaribbean #FreeLeased,draft,
468,19,3,monolith,Monolith,"clarity, terminal aesthetics, no-nonsense shipping",black/signal-yellow,Bluesky,10:00 UTC,300,short text + custom feed tag,T4,Caribbean-context,Region,Caribbean lens ({jurisdiction}): {regional_observation} — {brand_voice} framing. #CaribbeanAI,#BuildInPublic #FutureCaribbean #FreeLeased,draft,
469,19,4,canopy,Canopy,"cultural rootedness, sustainability, climate-resilience",forest/parrot,Bluesky,10:00 UTC,300,short text + custom feed tag,T5,Honest-disclosure,Discipline,"{brand_voice} honesty: {disclosure} — no overclaim, no hype. #ResponsibleAI",#BuildInPublic #FutureCaribbean #FreeLeased,draft,
470,19,5,coral,Coral,"approachability, resident-led design, plain-language UX",coral/sand/lagoon,Bluesky,10:00 UTC,300,short text + custom feed tag,T6,Call-to-action,Pilot/CTA,Pilot slot open: {ask} — {brand_voice} voice. Reply or DM. #FreeLeased,#BuildInPublic #FutureCaribbean #FreeLeased,draft,
471,19,1,veridian,Veridian,"trust, restraint, regional rootedness",peacock dark,Threads,16:00 UTC,500,"conversational, question-led",T2,Build-in-public,Daily ship,Day {day}/{total_days}: {shipped_today} — {brand_voice} cut. #BuildInPublic #FreeLeased,#BuildInPublic #FutureCaribbean #FreeLeased,draft,
472,19,2,quill,Quill,"gravitas, editorial craft, serious publication",ivory/ink-red,Threads,16:00 UTC,500,"conversational, question-led",T3,Stat-callout,Numbers,{brand_voice} number drop: {stat} · {stat_context} #FutureCaribbean,#BuildInPublic #FutureCaribbean #FreeLeased,draft,
473,19,3,monolith,Monolith,"clarity, terminal aesthetics, no-nonsense shipping",black/signal-yellow,Threads,16:00 UTC,500,"conversational, question-led",T4,Caribbean-context,Region,Caribbean lens ({jurisdiction}): {regional_observation} — {brand_voice} framing. #CaribbeanAI,#BuildInPublic #FutureCaribbean #FreeLeased,draft,
474,19,4,canopy,Canopy,"cultural rootedness, sustainability, climate-resilience",forest/parrot,Threads,16:00 UTC,500,"conversational, question-led",T5,Honest-disclosure,Discipline,"{brand_voice} honesty: {disclosure} — no overclaim, no hype. #ResponsibleAI",#BuildInPublic #FutureCaribbean #FreeLeased,draft,
475,19,5,coral,Coral,"approachability, resident-led design, plain-language UX",coral/sand/lagoon,Threads,16:00 UTC,500,"conversational, question-led",T6,Call-to-action,Pilot/CTA,Pilot slot open: {ask} — {brand_voice} voice. Reply or DM. #FreeLeased,#BuildInPublic #FutureCaribbean #FreeLeased,draft,
476,20,1,veridian,Veridian,"trust, restraint, regional rootedness",peacock dark,X,08:00 UTC,280,short text + 2 hashtags,T3,Stat-callout,Numbers,{brand_voice} number drop: {stat} · {stat_context} #FutureCaribbean,#BuildInPublic #FutureCaribbean #FreeLeased,draft,
477,20,2,quill,Quill,"gravitas, editorial craft, serious publication",ivory/ink-red,X,08:00 UTC,280,short text + 2 hashtags,T4,Caribbean-context,Region,Caribbean lens ({jurisdiction}): {regional_observation} — {brand_voice} framing. #CaribbeanAI,#BuildInPublic #FutureCaribbean #FreeLeased,draft,
478,20,3,monolith,Monolith,"clarity, terminal aesthetics, no-nonsense shipping",black/signal-yellow,X,08:00 UTC,280,short text + 2 hashtags,T5,Honest-disclosure,Discipline,"{brand_voice} honesty: {disclosure} — no overclaim, no hype. #ResponsibleAI",#BuildInPublic #FutureCaribbean #FreeLeased,draft,
479,20,4,canopy,Canopy,"cultural rootedness, sustainability, climate-resilience",forest/parrot,X,08:00 UTC,280,short text + 2 hashtags,T6,Call-to-action,Pilot/CTA,Pilot slot open: {ask} — {brand_voice} voice. Reply or DM. #FreeLeased,#BuildInPublic #FutureCaribbean #FreeLeased,draft,
480,20,5,coral,Coral,"approachability, resident-led design, plain-language UX",coral/sand/lagoon,X,08:00 UTC,280,short text + 2 hashtags,T1,Problem-stat,POV,{brand_voice} framing: {problem_statement} · #FutureCaribbean #BuildInPublic,#BuildInPublic #FutureCaribbean #FreeLeased,draft,
481,20,1,veridian,Veridian,"trust, restraint, regional rootedness",peacock dark,LinkedIn,14:00 UTC,3000,4-6 sentence long-form,T3,Stat-callout,Numbers,{brand_voice} number drop: {stat} · {stat_context} #FutureCaribbean,#BuildInPublic #FutureCaribbean #FreeLeased,draft,
482,20,2,quill,Quill,"gravitas, editorial craft, serious publication",ivory/ink-red,LinkedIn,14:00 UTC,3000,4-6 sentence long-form,T4,Caribbean-context,Region,Caribbean lens ({jurisdiction}): {regional_observation} — {brand_voice} framing. #CaribbeanAI,#BuildInPublic #FutureCaribbean #FreeLeased,draft,
483,20,3,monolith,Monolith,"clarity, terminal aesthetics, no-nonsense shipping",black/signal-yellow,LinkedIn,14:00 UTC,3000,4-6 sentence long-form,T5,Honest-disclosure,Discipline,"{brand_voice} honesty: {disclosure} — no overclaim, no hype. #ResponsibleAI",#BuildInPublic #FutureCaribbean #FreeLeased,draft,
484,20,4,canopy,Canopy,"cultural rootedness, sustainability, climate-resilience",forest/parrot,LinkedIn,14:00 UTC,3000,4-6 sentence long-form,T6,Call-to-action,Pilot/CTA,Pilot slot open: {ask} — {brand_voice} voice. Reply or DM. #FreeLeased,#BuildInPublic #FutureCaribbean #FreeLeased,draft,
485,20,5,coral,Coral,"approachability, resident-led design, plain-language UX",coral/sand/lagoon,LinkedIn,14:00 UTC,3000,4-6 sentence long-form,T1,Problem-stat,POV,{brand_voice} framing: {problem_statement} · #FutureCaribbean #BuildInPublic,#BuildInPublic #FutureCaribbean #FreeLeased,draft,
486,20,1,veridian,Veridian,"trust, restraint, regional rootedness",peacock dark,Mastodon,09:00 UTC,500,short text + open tag,T3,Stat-callout,Numbers,{brand_voice} number drop: {stat} · {stat_context} #FutureCaribbean,#BuildInPublic #FutureCaribbean #FreeLeased,draft,
487,20,2,quill,Quill,"gravitas, editorial craft, serious publication",ivory/ink-red,Mastodon,09:00 UTC,500,short text + open tag,T4,Caribbean-context,Region,Caribbean lens ({jurisdiction}): {regional_observation} — {brand_voice} framing. #CaribbeanAI,#BuildInPublic #FutureCaribbean #FreeLeased,draft,
488,20,3,monolith,Monolith,"clarity, terminal aesthetics, no-nonsense shipping",black/signal-yellow,Mastodon,09:00 UTC,500,short text + open tag,T5,Honest-disclosure,Discipline,"{brand_voice} honesty: {disclosure} — no overclaim, no hype. #ResponsibleAI",#BuildInPublic #FutureCaribbean #FreeLeased,draft,
489,20,4,canopy,Canopy,"cultural rootedness, sustainability, climate-resilience",forest/parrot,Mastodon,09:00 UTC,500,short text + open tag,T6,Call-to-action,Pilot/CTA,Pilot slot open: {ask} — {brand_voice} voice. Reply or DM. #FreeLeased,#BuildInPublic #FutureCaribbean #FreeLeased,draft,
490,20,5,coral,Coral,"approachability, resident-led design, plain-language UX",coral/sand/lagoon,Mastodon,09:00 UTC,500,short text + open tag,T1,Problem-stat,POV,{brand_voice} framing: {problem_statement} · #FutureCaribbean #BuildInPublic,#BuildInPublic #FutureCaribbean #FreeLeased,draft,
491,20,1,veridian,Veridian,"trust, restraint, regional rootedness",peacock dark,Bluesky,10:00 UTC,300,short text + custom feed tag,T3,Stat-callout,Numbers,{brand_voice} number drop: {stat} · {stat_context} #FutureCaribbean,#BuildInPublic #FutureCaribbean #FreeLeased,draft,
492,20,2,quill,Quill,"gravitas, editorial craft, serious publication",ivory/ink-red,Bluesky,10:00 UTC,300,short text + custom feed tag,T4,Caribbean-context,Region,Caribbean lens ({jurisdiction}): {regional_observation} — {brand_voice} framing. #CaribbeanAI,#BuildInPublic #FutureCaribbean #FreeLeased,draft,
493,20,3,monolith,Monolith,"clarity, terminal aesthetics, no-nonsense shipping",black/signal-yellow,Bluesky,10:00 UTC,300,short text + custom feed tag,T5,Honest-disclosure,Discipline,"{brand_voice} honesty: {disclosure} — no overclaim, no hype. #ResponsibleAI",#BuildInPublic #FutureCaribbean #FreeLeased,draft,
494,20,4,canopy,Canopy,"cultural rootedness, sustainability, climate-resilience",forest/parrot,Bluesky,10:00 UTC,300,short text + custom feed tag,T6,Call-to-action,Pilot/CTA,Pilot slot open: {ask} — {brand_voice} voice. Reply or DM. #FreeLeased,#BuildInPublic #FutureCaribbean #FreeLeased,draft,
495,20,5,coral,Coral,"approachability, resident-led design, plain-language UX",coral/sand/lagoon,Bluesky,10:00 UTC,300,short text + custom feed tag,T1,Problem-stat,POV,{brand_voice} framing: {problem_statement} · #FutureCaribbean #BuildInPublic,#BuildInPublic #FutureCaribbean #FreeLeased,draft,
496,20,1,veridian,Veridian,"trust, restraint, regional rootedness",peacock dark,Threads,16:00 UTC,500,"conversational, question-led",T3,Stat-callout,Numbers,{brand_voice} number drop: {stat} · {stat_context} #FutureCaribbean,#BuildInPublic #FutureCaribbean #FreeLeased,draft,
497,20,2,quill,Quill,"gravitas, editorial craft, serious publication",ivory/ink-red,Threads,16:00 UTC,500,"conversational, question-led",T4,Caribbean-context,Region,Caribbean lens ({jurisdiction}): {regional_observation} — {brand_voice} framing. #CaribbeanAI,#BuildInPublic #FutureCaribbean #FreeLeased,draft,
498,20,3,monolith,Monolith,"clarity, terminal aesthetics, no-nonsense shipping",black/signal-yellow,Threads,16:00 UTC,500,"conversational, question-led",T5,Honest-disclosure,Discipline,"{brand_voice} honesty: {disclosure} — no overclaim, no hype. #ResponsibleAI",#BuildInPublic #FutureCaribbean #FreeLeased,draft,
499,20,4,canopy,Canopy,"cultural rootedness, sustainability, climate-resilience",forest/parrot,Threads,16:00 UTC,500,"conversational, question-led",T6,Call-to-action,Pilot/CTA,Pilot slot open: {ask} — {brand_voice} voice. Reply or DM. #FreeLeased,#BuildInPublic #FutureCaribbean #FreeLeased,draft,
500,20,5,coral,Coral,"approachability, resident-led design, plain-language UX",coral/sand/lagoon,Threads,16:00 UTC,500,"conversational, question-led",T1,Problem-stat,POV,{brand_voice} framing: {problem_statement} · #FutureCaribbean #BuildInPublic,#BuildInPublic #FutureCaribbean #FreeLeased,draft,
501,21,1,veridian,Veridian,"trust, restraint, regional rootedness",peacock dark,X,08:00 UTC,280,short text + 2 hashtags,T4,Caribbean-context,Region,Caribbean lens ({jurisdiction}): {regional_observation} — {brand_voice} framing. #CaribbeanAI,#BuildInPublic #FutureCaribbean #FreeLeased,draft,
502,21,2,quill,Quill,"gravitas, editorial craft, serious publication",ivory/ink-red,X,08:00 UTC,280,short text + 2 hashtags,T5,Honest-disclosure,Discipline,"{brand_voice} honesty: {disclosure} — no overclaim, no hype. #ResponsibleAI",#BuildInPublic #FutureCaribbean #FreeLeased,draft,
503,21,3,monolith,Monolith,"clarity, terminal aesthetics, no-nonsense shipping",black/signal-yellow,X,08:00 UTC,280,short text + 2 hashtags,T6,Call-to-action,Pilot/CTA,Pilot slot open: {ask} — {brand_voice} voice. Reply or DM. #FreeLeased,#BuildInPublic #FutureCaribbean #FreeLeased,draft,
504,21,4,canopy,Canopy,"cultural rootedness, sustainability, climate-resilience",forest/parrot,X,08:00 UTC,280,short text + 2 hashtags,T1,Problem-stat,POV,{brand_voice} framing: {problem_statement} · #FutureCaribbean #BuildInPublic,#BuildInPublic #FutureCaribbean #FreeLeased,draft,
505,21,5,coral,Coral,"approachability, resident-led design, plain-language UX",coral/sand/lagoon,X,08:00 UTC,280,short text + 2 hashtags,T2,Build-in-public,Daily ship,Day {day}/{total_days}: {shipped_today} — {brand_voice} cut. #BuildInPublic #FreeLeased,#BuildInPublic #FutureCaribbean #FreeLeased,draft,
506,21,1,veridian,Veridian,"trust, restraint, regional rootedness",peacock dark,LinkedIn,14:00 UTC,3000,4-6 sentence long-form,T4,Caribbean-context,Region,Caribbean lens ({jurisdiction}): {regional_observation} — {brand_voice} framing. #CaribbeanAI,#BuildInPublic #FutureCaribbean #FreeLeased,draft,
507,21,2,quill,Quill,"gravitas, editorial craft, serious publication",ivory/ink-red,LinkedIn,14:00 UTC,3000,4-6 sentence long-form,T5,Honest-disclosure,Discipline,"{brand_voice} honesty: {disclosure} — no overclaim, no hype. #ResponsibleAI",#BuildInPublic #FutureCaribbean #FreeLeased,draft,
508,21,3,monolith,Monolith,"clarity, terminal aesthetics, no-nonsense shipping",black/signal-yellow,LinkedIn,14:00 UTC,3000,4-6 sentence long-form,T6,Call-to-action,Pilot/CTA,Pilot slot open: {ask} — {brand_voice} voice. Reply or DM. #FreeLeased,#BuildInPublic #FutureCaribbean #FreeLeased,draft,
509,21,4,canopy,Canopy,"cultural rootedness, sustainability, climate-resilience",forest/parrot,LinkedIn,14:00 UTC,3000,4-6 sentence long-form,T1,Problem-stat,POV,{brand_voice} framing: {problem_statement} · #FutureCaribbean #BuildInPublic,#BuildInPublic #FutureCaribbean #FreeLeased,draft,
510,21,5,coral,Coral,"approachability, resident-led design, plain-language UX",coral/sand/lagoon,LinkedIn,14:00 UTC,3000,4-6 sentence long-form,T2,Build-in-public,Daily ship,Day {day}/{total_days}: {shipped_today} — {brand_voice} cut. #BuildInPublic #FreeLeased,#BuildInPublic #FutureCaribbean #FreeLeased,draft,
511,21,1,veridian,Veridian,"trust, restraint, regional rootedness",peacock dark,Mastodon,09:00 UTC,500,short text + open tag,T4,Caribbean-context,Region,Caribbean lens ({jurisdiction}): {regional_observation} — {brand_voice} framing. #CaribbeanAI,#BuildInPublic #FutureCaribbean #FreeLeased,draft,
512,21,2,quill,Quill,"gravitas, editorial craft, serious publication",ivory/ink-red,Mastodon,09:00 UTC,500,short text + open tag,T5,Honest-disclosure,Discipline,"{brand_voice} honesty: {disclosure} — no overclaim, no hype. #ResponsibleAI",#BuildInPublic #FutureCaribbean #FreeLeased,draft,
513,21,3,monolith,Monolith,"clarity, terminal aesthetics, no-nonsense shipping",black/signal-yellow,Mastodon,09:00 UTC,500,short text + open tag,T6,Call-to-action,Pilot/CTA,Pilot slot open: {ask} — {brand_voice} voice. Reply or DM. #FreeLeased,#BuildInPublic #FutureCaribbean #FreeLeased,draft,
514,21,4,canopy,Canopy,"cultural rootedness, sustainability, climate-resilience",forest/parrot,Mastodon,09:00 UTC,500,short text + open tag,T1,Problem-stat,POV,{brand_voice} framing: {problem_statement} · #FutureCaribbean #BuildInPublic,#BuildInPublic #FutureCaribbean #FreeLeased,draft,
515,21,5,coral,Coral,"approachability, resident-led design, plain-language UX",coral/sand/lagoon,Mastodon,09:00 UTC,500,short text + open tag,T2,Build-in-public,Daily ship,Day {day}/{total_days}: {shipped_today} — {brand_voice} cut. #BuildInPublic #FreeLeased,#BuildInPublic #FutureCaribbean #FreeLeased,draft,
516,21,1,veridian,Veridian,"trust, restraint, regional rootedness",peacock dark,Bluesky,10:00 UTC,300,short text + custom feed tag,T4,Caribbean-context,Region,Caribbean lens ({jurisdiction}): {regional_observation} — {brand_voice} framing. #CaribbeanAI,#BuildInPublic #FutureCaribbean #FreeLeased,draft,
517,21,2,quill,Quill,"gravitas, editorial craft, serious publication",ivory/ink-red,Bluesky,10:00 UTC,300,short text + custom feed tag,T5,Honest-disclosure,Discipline,"{brand_voice} honesty: {disclosure} — no overclaim, no hype. #ResponsibleAI",#BuildInPublic #FutureCaribbean #FreeLeased,draft,
518,21,3,monolith,Monolith,"clarity, terminal aesthetics, no-nonsense shipping",black/signal-yellow,Bluesky,10:00 UTC,300,short text + custom feed tag,T6,Call-to-action,Pilot/CTA,Pilot slot open: {ask} — {brand_voice} voice. Reply or DM. #FreeLeased,#BuildInPublic #FutureCaribbean #FreeLeased,draft,
519,21,4,canopy,Canopy,"cultural rootedness, sustainability, climate-resilience",forest/parrot,Bluesky,10:00 UTC,300,short text + custom feed tag,T1,Problem-stat,POV,{brand_voice} framing: {problem_statement} · #FutureCaribbean #BuildInPublic,#BuildInPublic #FutureCaribbean #FreeLeased,draft,
520,21,5,coral,Coral,"approachability, resident-led design, plain-language UX",coral/sand/lagoon,Bluesky,10:00 UTC,300,short text + custom feed tag,T2,Build-in-public,Daily ship,Day {day}/{total_days}: {shipped_today} — {brand_voice} cut. #BuildInPublic #FreeLeased,#BuildInPublic #FutureCaribbean #FreeLeased,draft,
521,21,1,veridian,Veridian,"trust, restraint, regional rootedness",peacock dark,Threads,16:00 UTC,500,"conversational, question-led",T4,Caribbean-context,Region,Caribbean lens ({jurisdiction}): {regional_observation} — {brand_voice} framing. #CaribbeanAI,#BuildInPublic #FutureCaribbean #FreeLeased,draft,
522,21,2,quill,Quill,"gravitas, editorial craft, serious publication",ivory/ink-red,Threads,16:00 UTC,500,"conversational, question-led",T5,Honest-disclosure,Discipline,"{brand_voice} honesty: {disclosure} — no overclaim, no hype. #ResponsibleAI",#BuildInPublic #FutureCaribbean #FreeLeased,draft,
523,21,3,monolith,Monolith,"clarity, terminal aesthetics, no-nonsense shipping",black/signal-yellow,Threads,16:00 UTC,500,"conversational, question-led",T6,Call-to-action,Pilot/CTA,Pilot slot open: {ask} — {brand_voice} voice. Reply or DM. #FreeLeased,#BuildInPublic #FutureCaribbean #FreeLeased,draft,
524,21,4,canopy,Canopy,"cultural rootedness, sustainability, climate-resilience",forest/parrot,Threads,16:00 UTC,500,"conversational, question-led",T1,Problem-stat,POV,{brand_voice} framing: {problem_statement} · #FutureCaribbean #BuildInPublic,#BuildInPublic #FutureCaribbean #FreeLeased,draft,
525,21,5,coral,Coral,"approachability, resident-led design, plain-language UX",coral/sand/lagoon,Threads,16:00 UTC,500,"conversational, question-led",T2,Build-in-public,Daily ship,Day {day}/{total_days}: {shipped_today} — {brand_voice} cut. #BuildInPublic #FreeLeased,#BuildInPublic #FutureCaribbean #FreeLeased,draft,
526,22,1,veridian,Veridian,"trust, restraint, regional rootedness",peacock dark,X,08:00 UTC,280,short text + 2 hashtags,T5,Honest-disclosure,Discipline,"{brand_voice} honesty: {disclosure} — no overclaim, no hype. #ResponsibleAI",#BuildInPublic #FutureCaribbean #FreeLeased,draft,
527,22,2,quill,Quill,"gravitas, editorial craft, serious publication",ivory/ink-red,X,08:00 UTC,280,short text + 2 hashtags,T6,Call-to-action,Pilot/CTA,Pilot slot open: {ask} — {brand_voice} voice. Reply or DM. #FreeLeased,#BuildInPublic #FutureCaribbean #FreeLeased,draft,
528,22,3,monolith,Monolith,"clarity, terminal aesthetics, no-nonsense shipping",black/signal-yellow,X,08:00 UTC,280,short text + 2 hashtags,T1,Problem-stat,POV,{brand_voice} framing: {problem_statement} · #FutureCaribbean #BuildInPublic,#BuildInPublic #FutureCaribbean #FreeLeased,draft,
529,22,4,canopy,Canopy,"cultural rootedness, sustainability, climate-resilience",forest/parrot,X,08:00 UTC,280,short text + 2 hashtags,T2,Build-in-public,Daily ship,Day {day}/{total_days}: {shipped_today} — {brand_voice} cut. #BuildInPublic #FreeLeased,#BuildInPublic #FutureCaribbean #FreeLeased,draft,
530,22,5,coral,Coral,"approachability, resident-led design, plain-language UX",coral/sand/lagoon,X,08:00 UTC,280,short text + 2 hashtags,T3,Stat-callout,Numbers,{brand_voice} number drop: {stat} · {stat_context} #FutureCaribbean,#BuildInPublic #FutureCaribbean #FreeLeased,draft,
531,22,1,veridian,Veridian,"trust, restraint, regional rootedness",peacock dark,LinkedIn,14:00 UTC,3000,4-6 sentence long-form,T5,Honest-disclosure,Discipline,"{brand_voice} honesty: {disclosure} — no overclaim, no hype. #ResponsibleAI",#BuildInPublic #FutureCaribbean #FreeLeased,draft,
532,22,2,quill,Quill,"gravitas, editorial craft, serious publication",ivory/ink-red,LinkedIn,14:00 UTC,3000,4-6 sentence long-form,T6,Call-to-action,Pilot/CTA,Pilot slot open: {ask} — {brand_voice} voice. Reply or DM. #FreeLeased,#BuildInPublic #FutureCaribbean #FreeLeased,draft,
533,22,3,monolith,Monolith,"clarity, terminal aesthetics, no-nonsense shipping",black/signal-yellow,LinkedIn,14:00 UTC,3000,4-6 sentence long-form,T1,Problem-stat,POV,{brand_voice} framing: {problem_statement} · #FutureCaribbean #BuildInPublic,#BuildInPublic #FutureCaribbean #FreeLeased,draft,
534,22,4,canopy,Canopy,"cultural rootedness, sustainability, climate-resilience",forest/parrot,LinkedIn,14:00 UTC,3000,4-6 sentence long-form,T2,Build-in-public,Daily ship,Day {day}/{total_days}: {shipped_today} — {brand_voice} cut. #BuildInPublic #FreeLeased,#BuildInPublic #FutureCaribbean #FreeLeased,draft,
535,22,5,coral,Coral,"approachability, resident-led design, plain-language UX",coral/sand/lagoon,LinkedIn,14:00 UTC,3000,4-6 sentence long-form,T3,Stat-callout,Numbers,{brand_voice} number drop: {stat} · {stat_context} #FutureCaribbean,#BuildInPublic #FutureCaribbean #FreeLeased,draft,
536,22,1,veridian,Veridian,"trust, restraint, regional rootedness",peacock dark,Mastodon,09:00 UTC,500,short text + open tag,T5,Honest-disclosure,Discipline,"{brand_voice} honesty: {disclosure} — no overclaim, no hype. #ResponsibleAI",#BuildInPublic #FutureCaribbean #FreeLeased,draft,
537,22,2,quill,Quill,"gravitas, editorial craft, serious publication",ivory/ink-red,Mastodon,09:00 UTC,500,short text + open tag,T6,Call-to-action,Pilot/CTA,Pilot slot open: {ask} — {brand_voice} voice. Reply or DM. #FreeLeased,#BuildInPublic #FutureCaribbean #FreeLeased,draft,
538,22,3,monolith,Monolith,"clarity, terminal aesthetics, no-nonsense shipping",black/signal-yellow,Mastodon,09:00 UTC,500,short text + open tag,T1,Problem-stat,POV,{brand_voice} framing: {problem_statement} · #FutureCaribbean #BuildInPublic,#BuildInPublic #FutureCaribbean #FreeLeased,draft,
539,22,4,canopy,Canopy,"cultural rootedness, sustainability, climate-resilience",forest/parrot,Mastodon,09:00 UTC,500,short text + open tag,T2,Build-in-public,Daily ship,Day {day}/{total_days}: {shipped_today} — {brand_voice} cut. #BuildInPublic #FreeLeased,#BuildInPublic #FutureCaribbean #FreeLeased,draft,
540,22,5,coral,Coral,"approachability, resident-led design, plain-language UX",coral/sand/lagoon,Mastodon,09:00 UTC,500,short text + open tag,T3,Stat-callout,Numbers,{brand_voice} number drop: {stat} · {stat_context} #FutureCaribbean,#BuildInPublic #FutureCaribbean #FreeLeased,draft,
541,22,1,veridian,Veridian,"trust, restraint, regional rootedness",peacock dark,Bluesky,10:00 UTC,300,short text + custom feed tag,T5,Honest-disclosure,Discipline,"{brand_voice} honesty: {disclosure} — no overclaim, no hype. #ResponsibleAI",#BuildInPublic #FutureCaribbean #FreeLeased,draft,
542,22,2,quill,Quill,"gravitas, editorial craft, serious publication",ivory/ink-red,Bluesky,10:00 UTC,300,short text + custom feed tag,T6,Call-to-action,Pilot/CTA,Pilot slot open: {ask} — {brand_voice} voice. Reply or DM. #FreeLeased,#BuildInPublic #FutureCaribbean #FreeLeased,draft,
543,22,3,monolith,Monolith,"clarity, terminal aesthetics, no-nonsense shipping",black/signal-yellow,Bluesky,10:00 UTC,300,short text + custom feed tag,T1,Problem-stat,POV,{brand_voice} framing: {problem_statement} · #FutureCaribbean #BuildInPublic,#BuildInPublic #FutureCaribbean #FreeLeased,draft,
544,22,4,canopy,Canopy,"cultural rootedness, sustainability, climate-resilience",forest/parrot,Bluesky,10:00 UTC,300,short text + custom feed tag,T2,Build-in-public,Daily ship,Day {day}/{total_days}: {shipped_today} — {brand_voice} cut. #BuildInPublic #FreeLeased,#BuildInPublic #FutureCaribbean #FreeLeased,draft,
545,22,5,coral,Coral,"approachability, resident-led design, plain-language UX",coral/sand/lagoon,Bluesky,10:00 UTC,300,short text + custom feed tag,T3,Stat-callout,Numbers,{brand_voice} number drop: {stat} · {stat_context} #FutureCaribbean,#BuildInPublic #FutureCaribbean #FreeLeased,draft,
546,22,1,veridian,Veridian,"trust, restraint, regional rootedness",peacock dark,Threads,16:00 UTC,500,"conversational, question-led",T5,Honest-disclosure,Discipline,"{brand_voice} honesty: {disclosure} — no overclaim, no hype. #ResponsibleAI",#BuildInPublic #FutureCaribbean #FreeLeased,draft,
547,22,2,quill,Quill,"gravitas, editorial craft, serious publication",ivory/ink-red,Threads,16:00 UTC,500,"conversational, question-led",T6,Call-to-action,Pilot/CTA,Pilot slot open: {ask} — {brand_voice} voice. Reply or DM. #FreeLeased,#BuildInPublic #FutureCaribbean #FreeLeased,draft,
548,22,3,monolith,Monolith,"clarity, terminal aesthetics, no-nonsense shipping",black/signal-yellow,Threads,16:00 UTC,500,"conversational, question-led",T1,Problem-stat,POV,{brand_voice} framing: {problem_statement} · #FutureCaribbean #BuildInPublic,#BuildInPublic #FutureCaribbean #FreeLeased,draft,
549,22,4,canopy,Canopy,"cultural rootedness, sustainability, climate-resilience",forest/parrot,Threads,16:00 UTC,500,"conversational, question-led",T2,Build-in-public,Daily ship,Day {day}/{total_days}: {shipped_today} — {brand_voice} cut. #BuildInPublic #FreeLeased,#BuildInPublic #FutureCaribbean #FreeLeased,draft,
550,22,5,coral,Coral,"approachability, resident-led design, plain-language UX",coral/sand/lagoon,Threads,16:00 UTC,500,"conversational, question-led",T3,Stat-callout,Numbers,{brand_voice} number drop: {stat} · {stat_context} #FutureCaribbean,#BuildInPublic #FutureCaribbean #FreeLeased,draft,
551,23,1,veridian,Veridian,"trust, restraint, regional rootedness",peacock dark,X,08:00 UTC,280,short text + 2 hashtags,T6,Call-to-action,Pilot/CTA,Pilot slot open: {ask} — {brand_voice} voice. Reply or DM. #FreeLeased,#BuildInPublic #FutureCaribbean #FreeLeased,draft,
552,23,2,quill,Quill,"gravitas, editorial craft, serious publication",ivory/ink-red,X,08:00 UTC,280,short text + 2 hashtags,T1,Problem-stat,POV,{brand_voice} framing: {problem_statement} · #FutureCaribbean #BuildInPublic,#BuildInPublic #FutureCaribbean #FreeLeased,draft,
553,23,3,monolith,Monolith,"clarity, terminal aesthetics, no-nonsense shipping",black/signal-yellow,X,08:00 UTC,280,short text + 2 hashtags,T2,Build-in-public,Daily ship,Day {day}/{total_days}: {shipped_today} — {brand_voice} cut. #BuildInPublic #FreeLeased,#BuildInPublic #FutureCaribbean #FreeLeased,draft,
554,23,4,canopy,Canopy,"cultural rootedness, sustainability, climate-resilience",forest/parrot,X,08:00 UTC,280,short text + 2 hashtags,T3,Stat-callout,Numbers,{brand_voice} number drop: {stat} · {stat_context} #FutureCaribbean,#BuildInPublic #FutureCaribbean #FreeLeased,draft,
555,23,5,coral,Coral,"approachability, resident-led design, plain-language UX",coral/sand/lagoon,X,08:00 UTC,280,short text + 2 hashtags,T4,Caribbean-context,Region,Caribbean lens ({jurisdiction}): {regional_observation} — {brand_voice} framing. #CaribbeanAI,#BuildInPublic #FutureCaribbean #FreeLeased,draft,
556,23,1,veridian,Veridian,"trust, restraint, regional rootedness",peacock dark,LinkedIn,14:00 UTC,3000,4-6 sentence long-form,T6,Call-to-action,Pilot/CTA,Pilot slot open: {ask} — {brand_voice} voice. Reply or DM. #FreeLeased,#BuildInPublic #FutureCaribbean #FreeLeased,draft,
557,23,2,quill,Quill,"gravitas, editorial craft, serious publication",ivory/ink-red,LinkedIn,14:00 UTC,3000,4-6 sentence long-form,T1,Problem-stat,POV,{brand_voice} framing: {problem_statement} · #FutureCaribbean #BuildInPublic,#BuildInPublic #FutureCaribbean #FreeLeased,draft,
558,23,3,monolith,Monolith,"clarity, terminal aesthetics, no-nonsense shipping",black/signal-yellow,LinkedIn,14:00 UTC,3000,4-6 sentence long-form,T2,Build-in-public,Daily ship,Day {day}/{total_days}: {shipped_today} — {brand_voice} cut. #BuildInPublic #FreeLeased,#BuildInPublic #FutureCaribbean #FreeLeased,draft,
559,23,4,canopy,Canopy,"cultural rootedness, sustainability, climate-resilience",forest/parrot,LinkedIn,14:00 UTC,3000,4-6 sentence long-form,T3,Stat-callout,Numbers,{brand_voice} number drop: {stat} · {stat_context} #FutureCaribbean,#BuildInPublic #FutureCaribbean #FreeLeased,draft,
560,23,5,coral,Coral,"approachability, resident-led design, plain-language UX",coral/sand/lagoon,LinkedIn,14:00 UTC,3000,4-6 sentence long-form,T4,Caribbean-context,Region,Caribbean lens ({jurisdiction}): {regional_observation} — {brand_voice} framing. #CaribbeanAI,#BuildInPublic #FutureCaribbean #FreeLeased,draft,
561,23,1,veridian,Veridian,"trust, restraint, regional rootedness",peacock dark,Mastodon,09:00 UTC,500,short text + open tag,T6,Call-to-action,Pilot/CTA,Pilot slot open: {ask} — {brand_voice} voice. Reply or DM. #FreeLeased,#BuildInPublic #FutureCaribbean #FreeLeased,draft,
562,23,2,quill,Quill,"gravitas, editorial craft, serious publication",ivory/ink-red,Mastodon,09:00 UTC,500,short text + open tag,T1,Problem-stat,POV,{brand_voice} framing: {problem_statement} · #FutureCaribbean #BuildInPublic,#BuildInPublic #FutureCaribbean #FreeLeased,draft,
563,23,3,monolith,Monolith,"clarity, terminal aesthetics, no-nonsense shipping",black/signal-yellow,Mastodon,09:00 UTC,500,short text + open tag,T2,Build-in-public,Daily ship,Day {day}/{total_days}: {shipped_today} — {brand_voice} cut. #BuildInPublic #FreeLeased,#BuildInPublic #FutureCaribbean #FreeLeased,draft,
564,23,4,canopy,Canopy,"cultural rootedness, sustainability, climate-resilience",forest/parrot,Mastodon,09:00 UTC,500,short text + open tag,T3,Stat-callout,Numbers,{brand_voice} number drop: {stat} · {stat_context} #FutureCaribbean,#BuildInPublic #FutureCaribbean #FreeLeased,draft,
565,23,5,coral,Coral,"approachability, resident-led design, plain-language UX",coral/sand/lagoon,Mastodon,09:00 UTC,500,short text + open tag,T4,Caribbean-context,Region,Caribbean lens ({jurisdiction}): {regional_observation} — {brand_voice} framing. #CaribbeanAI,#BuildInPublic #FutureCaribbean #FreeLeased,draft,
566,23,1,veridian,Veridian,"trust, restraint, regional rootedness",peacock dark,Bluesky,10:00 UTC,300,short text + custom feed tag,T6,Call-to-action,Pilot/CTA,Pilot slot open: {ask} — {brand_voice} voice. Reply or DM. #FreeLeased,#BuildInPublic #FutureCaribbean #FreeLeased,draft,
567,23,2,quill,Quill,"gravitas, editorial craft, serious publication",ivory/ink-red,Bluesky,10:00 UTC,300,short text + custom feed tag,T1,Problem-stat,POV,{brand_voice} framing: {problem_statement} · #FutureCaribbean #BuildInPublic,#BuildInPublic #FutureCaribbean #FreeLeased,draft,
568,23,3,monolith,Monolith,"clarity, terminal aesthetics, no-nonsense shipping",black/signal-yellow,Bluesky,10:00 UTC,300,short text + custom feed tag,T2,Build-in-public,Daily ship,Day {day}/{total_days}: {shipped_today} — {brand_voice} cut. #BuildInPublic #FreeLeased,#BuildInPublic #FutureCaribbean #FreeLeased,draft,
569,23,4,canopy,Canopy,"cultural rootedness, sustainability, climate-resilience",forest/parrot,Bluesky,10:00 UTC,300,short text + custom feed tag,T3,Stat-callout,Numbers,{brand_voice} number drop: {stat} · {stat_context} #FutureCaribbean,#BuildInPublic #FutureCaribbean #FreeLeased,draft,
570,23,5,coral,Coral,"approachability, resident-led design, plain-language UX",coral/sand/lagoon,Bluesky,10:00 UTC,300,short text + custom feed tag,T4,Caribbean-context,Region,Caribbean lens ({jurisdiction}): {regional_observation} — {brand_voice} framing. #CaribbeanAI,#BuildInPublic #FutureCaribbean #FreeLeased,draft,
571,23,1,veridian,Veridian,"trust, restraint, regional rootedness",peacock dark,Threads,16:00 UTC,500,"conversational, question-led",T6,Call-to-action,Pilot/CTA,Pilot slot open: {ask} — {brand_voice} voice. Reply or DM. #FreeLeased,#BuildInPublic #FutureCaribbean #FreeLeased,draft,
572,23,2,quill,Quill,"gravitas, editorial craft, serious publication",ivory/ink-red,Threads,16:00 UTC,500,"conversational, question-led",T1,Problem-stat,POV,{brand_voice} framing: {problem_statement} · #FutureCaribbean #BuildInPublic,#BuildInPublic #FutureCaribbean #FreeLeased,draft,
573,23,3,monolith,Monolith,"clarity, terminal aesthetics, no-nonsense shipping",black/signal-yellow,Threads,16:00 UTC,500,"conversational, question-led",T2,Build-in-public,Daily ship,Day {day}/{total_days}: {shipped_today} — {brand_voice} cut. #BuildInPublic #FreeLeased,#BuildInPublic #FutureCaribbean #FreeLeased,draft,
574,23,4,canopy,Canopy,"cultural rootedness, sustainability, climate-resilience",forest/parrot,Threads,16:00 UTC,500,"conversational, question-led",T3,Stat-callout,Numbers,{brand_voice} number drop: {stat} · {stat_context} #FutureCaribbean,#BuildInPublic #FutureCaribbean #FreeLeased,draft,
575,23,5,coral,Coral,"approachability, resident-led design, plain-language UX",coral/sand/lagoon,Threads,16:00 UTC,500,"conversational, question-led",T4,Caribbean-context,Region,Caribbean lens ({jurisdiction}): {regional_observation} — {brand_voice} framing. #CaribbeanAI,#BuildInPublic #FutureCaribbean #FreeLeased,draft,
576,24,1,veridian,Veridian,"trust, restraint, regional rootedness",peacock dark,X,08:00 UTC,280,short text + 2 hashtags,T1,Problem-stat,POV,{brand_voice} framing: {problem_statement} · #FutureCaribbean #BuildInPublic,#BuildInPublic #FutureCaribbean #FreeLeased,draft,
577,24,2,quill,Quill,"gravitas, editorial craft, serious publication",ivory/ink-red,X,08:00 UTC,280,short text + 2 hashtags,T2,Build-in-public,Daily ship,Day {day}/{total_days}: {shipped_today} — {brand_voice} cut. #BuildInPublic #FreeLeased,#BuildInPublic #FutureCaribbean #FreeLeased,draft,
578,24,3,monolith,Monolith,"clarity, terminal aesthetics, no-nonsense shipping",black/signal-yellow,X,08:00 UTC,280,short text + 2 hashtags,T3,Stat-callout,Numbers,{brand_voice} number drop: {stat} · {stat_context} #FutureCaribbean,#BuildInPublic #FutureCaribbean #FreeLeased,draft,
579,24,4,canopy,Canopy,"cultural rootedness, sustainability, climate-resilience",forest/parrot,X,08:00 UTC,280,short text + 2 hashtags,T4,Caribbean-context,Region,Caribbean lens ({jurisdiction}): {regional_observation} — {brand_voice} framing. #CaribbeanAI,#BuildInPublic #FutureCaribbean #FreeLeased,draft,
580,24,5,coral,Coral,"approachability, resident-led design, plain-language UX",coral/sand/lagoon,X,08:00 UTC,280,short text + 2 hashtags,T5,Honest-disclosure,Discipline,"{brand_voice} honesty: {disclosure} — no overclaim, no hype. #ResponsibleAI",#BuildInPublic #FutureCaribbean #FreeLeased,draft,
581,24,1,veridian,Veridian,"trust, restraint, regional rootedness",peacock dark,LinkedIn,14:00 UTC,3000,4-6 sentence long-form,T1,Problem-stat,POV,{brand_voice} framing: {problem_statement} · #FutureCaribbean #BuildInPublic,#BuildInPublic #FutureCaribbean #FreeLeased,draft,
582,24,2,quill,Quill,"gravitas, editorial craft, serious publication",ivory/ink-red,LinkedIn,14:00 UTC,3000,4-6 sentence long-form,T2,Build-in-public,Daily ship,Day {day}/{total_days}: {shipped_today} — {brand_voice} cut. #BuildInPublic #FreeLeased,#BuildInPublic #FutureCaribbean #FreeLeased,draft,
583,24,3,monolith,Monolith,"clarity, terminal aesthetics, no-nonsense shipping",black/signal-yellow,LinkedIn,14:00 UTC,3000,4-6 sentence long-form,T3,Stat-callout,Numbers,{brand_voice} number drop: {stat} · {stat_context} #FutureCaribbean,#BuildInPublic #FutureCaribbean #FreeLeased,draft,
584,24,4,canopy,Canopy,"cultural rootedness, sustainability, climate-resilience",forest/parrot,LinkedIn,14:00 UTC,3000,4-6 sentence long-form,T4,Caribbean-context,Region,Caribbean lens ({jurisdiction}): {regional_observation} — {brand_voice} framing. #CaribbeanAI,#BuildInPublic #FutureCaribbean #FreeLeased,draft,
585,24,5,coral,Coral,"approachability, resident-led design, plain-language UX",coral/sand/lagoon,LinkedIn,14:00 UTC,3000,4-6 sentence long-form,T5,Honest-disclosure,Discipline,"{brand_voice} honesty: {disclosure} — no overclaim, no hype. #ResponsibleAI",#BuildInPublic #FutureCaribbean #FreeLeased,draft,
586,24,1,veridian,Veridian,"trust, restraint, regional rootedness",peacock dark,Mastodon,09:00 UTC,500,short text + open tag,T1,Problem-stat,POV,{brand_voice} framing: {problem_statement} · #FutureCaribbean #BuildInPublic,#BuildInPublic #FutureCaribbean #FreeLeased,draft,
587,24,2,quill,Quill,"gravitas, editorial craft, serious publication",ivory/ink-red,Mastodon,09:00 UTC,500,short text + open tag,T2,Build-in-public,Daily ship,Day {day}/{total_days}: {shipped_today} — {brand_voice} cut. #BuildInPublic #FreeLeased,#BuildInPublic #FutureCaribbean #FreeLeased,draft,
588,24,3,monolith,Monolith,"clarity, terminal aesthetics, no-nonsense shipping",black/signal-yellow,Mastodon,09:00 UTC,500,short text + open tag,T3,Stat-callout,Numbers,{brand_voice} number drop: {stat} · {stat_context} #FutureCaribbean,#BuildInPublic #FutureCaribbean #FreeLeased,draft,
589,24,4,canopy,Canopy,"cultural rootedness, sustainability, climate-resilience",forest/parrot,Mastodon,09:00 UTC,500,short text + open tag,T4,Caribbean-context,Region,Caribbean lens ({jurisdiction}): {regional_observation} — {brand_voice} framing. #CaribbeanAI,#BuildInPublic #FutureCaribbean #FreeLeased,draft,
590,24,5,coral,Coral,"approachability, resident-led design, plain-language UX",coral/sand/lagoon,Mastodon,09:00 UTC,500,short text + open tag,T5,Honest-disclosure,Discipline,"{brand_voice} honesty: {disclosure} — no overclaim, no hype. #ResponsibleAI",#BuildInPublic #FutureCaribbean #FreeLeased,draft,
591,24,1,veridian,Veridian,"trust, restraint, regional rootedness",peacock dark,Bluesky,10:00 UTC,300,short text + custom feed tag,T1,Problem-stat,POV,{brand_voice} framing: {problem_statement} · #FutureCaribbean #BuildInPublic,#BuildInPublic #FutureCaribbean #FreeLeased,draft,
592,24,2,quill,Quill,"gravitas, editorial craft, serious publication",ivory/ink-red,Bluesky,10:00 UTC,300,short text + custom feed tag,T2,Build-in-public,Daily ship,Day {day}/{total_days}: {shipped_today} — {brand_voice} cut. #BuildInPublic #FreeLeased,#BuildInPublic #FutureCaribbean #FreeLeased,draft,
593,24,3,monolith,Monolith,"clarity, terminal aesthetics, no-nonsense shipping",black/signal-yellow,Bluesky,10:00 UTC,300,short text + custom feed tag,T3,Stat-callout,Numbers,{brand_voice} number drop: {stat} · {stat_context} #FutureCaribbean,#BuildInPublic #FutureCaribbean #FreeLeased,draft,
594,24,4,canopy,Canopy,"cultural rootedness, sustainability, climate-resilience",forest/parrot,Bluesky,10:00 UTC,300,short text + custom feed tag,T4,Caribbean-context,Region,Caribbean lens ({jurisdiction}): {regional_observation} — {brand_voice} framing. #CaribbeanAI,#BuildInPublic #FutureCaribbean #FreeLeased,draft,
595,24,5,coral,Coral,"approachability, resident-led design, plain-language UX",coral/sand/lagoon,Bluesky,10:00 UTC,300,short text + custom feed tag,T5,Honest-disclosure,Discipline,"{brand_voice} honesty: {disclosure} — no overclaim, no hype. #ResponsibleAI",#BuildInPublic #FutureCaribbean #FreeLeased,draft,
596,24,1,veridian,Veridian,"trust, restraint, regional rootedness",peacock dark,Threads,16:00 UTC,500,"conversational, question-led",T1,Problem-stat,POV,{brand_voice} framing: {problem_statement} · #FutureCaribbean #BuildInPublic,#BuildInPublic #FutureCaribbean #FreeLeased,draft,
597,24,2,quill,Quill,"gravitas, editorial craft, serious publication",ivory/ink-red,Threads,16:00 UTC,500,"conversational, question-led",T2,Build-in-public,Daily ship,Day {day}/{total_days}: {shipped_today} — {brand_voice} cut. #BuildInPublic #FreeLeased,#BuildInPublic #FutureCaribbean #FreeLeased,draft,
598,24,3,monolith,Monolith,"clarity, terminal aesthetics, no-nonsense shipping",black/signal-yellow,Threads,16:00 UTC,500,"conversational, question-led",T3,Stat-callout,Numbers,{brand_voice} number drop: {stat} · {stat_context} #FutureCaribbean,#BuildInPublic #FutureCaribbean #FreeLeased,draft,
599,24,4,canopy,Canopy,"cultural rootedness, sustainability, climate-resilience",forest/parrot,Threads,16:00 UTC,500,"conversational, question-led",T4,Caribbean-context,Region,Caribbean lens ({jurisdiction}): {regional_observation} — {brand_voice} framing. #CaribbeanAI,#BuildInPublic #FutureCaribbean #FreeLeased,draft,
600,24,5,coral,Coral,"approachability, resident-led design, plain-language UX",coral/sand/lagoon,Threads,16:00 UTC,500,"conversational, question-led",T5,Honest-disclosure,Discipline,"{brand_voice} honesty: {disclosure} — no overclaim, no hype. #ResponsibleAI",#BuildInPublic #FutureCaribbean #FreeLeased,draft,
601,25,1,veridian,Veridian,"trust, restraint, regional rootedness",peacock dark,X,08:00 UTC,280,short text + 2 hashtags,T2,Build-in-public,Daily ship,Day {day}/{total_days}: {shipped_today} — {brand_voice} cut. #BuildInPublic #FreeLeased,#BuildInPublic #FutureCaribbean #FreeLeased,draft,
602,25,2,quill,Quill,"gravitas, editorial craft, serious publication",ivory/ink-red,X,08:00 UTC,280,short text + 2 hashtags,T3,Stat-callout,Numbers,{brand_voice} number drop: {stat} · {stat_context} #FutureCaribbean,#BuildInPublic #FutureCaribbean #FreeLeased,draft,
603,25,3,monolith,Monolith,"clarity, terminal aesthetics, no-nonsense shipping",black/signal-yellow,X,08:00 UTC,280,short text + 2 hashtags,T4,Caribbean-context,Region,Caribbean lens ({jurisdiction}): {regional_observation} — {brand_voice} framing. #CaribbeanAI,#BuildInPublic #FutureCaribbean #FreeLeased,draft,
604,25,4,canopy,Canopy,"cultural rootedness, sustainability, climate-resilience",forest/parrot,X,08:00 UTC,280,short text + 2 hashtags,T5,Honest-disclosure,Discipline,"{brand_voice} honesty: {disclosure} — no overclaim, no hype. #ResponsibleAI",#BuildInPublic #FutureCaribbean #FreeLeased,draft,
605,25,5,coral,Coral,"approachability, resident-led design, plain-language UX",coral/sand/lagoon,X,08:00 UTC,280,short text + 2 hashtags,T6,Call-to-action,Pilot/CTA,Pilot slot open: {ask} — {brand_voice} voice. Reply or DM. #FreeLeased,#BuildInPublic #FutureCaribbean #FreeLeased,draft,
606,25,1,veridian,Veridian,"trust, restraint, regional rootedness",peacock dark,LinkedIn,14:00 UTC,3000,4-6 sentence long-form,T2,Build-in-public,Daily ship,Day {day}/{total_days}: {shipped_today} — {brand_voice} cut. #BuildInPublic #FreeLeased,#BuildInPublic #FutureCaribbean #FreeLeased,draft,
607,25,2,quill,Quill,"gravitas, editorial craft, serious publication",ivory/ink-red,LinkedIn,14:00 UTC,3000,4-6 sentence long-form,T3,Stat-callout,Numbers,{brand_voice} number drop: {stat} · {stat_context} #FutureCaribbean,#BuildInPublic #FutureCaribbean #FreeLeased,draft,
608,25,3,monolith,Monolith,"clarity, terminal aesthetics, no-nonsense shipping",black/signal-yellow,LinkedIn,14:00 UTC,3000,4-6 sentence long-form,T4,Caribbean-context,Region,Caribbean lens ({jurisdiction}): {regional_observation} — {brand_voice} framing. #CaribbeanAI,#BuildInPublic #FutureCaribbean #FreeLeased,draft,
609,25,4,canopy,Canopy,"cultural rootedness, sustainability, climate-resilience",forest/parrot,LinkedIn,14:00 UTC,3000,4-6 sentence long-form,T5,Honest-disclosure,Discipline,"{brand_voice} honesty: {disclosure} — no overclaim, no hype. #ResponsibleAI",#BuildInPublic #FutureCaribbean #FreeLeased,draft,
610,25,5,coral,Coral,"approachability, resident-led design, plain-language UX",coral/sand/lagoon,LinkedIn,14:00 UTC,3000,4-6 sentence long-form,T6,Call-to-action,Pilot/CTA,Pilot slot open: {ask} — {brand_voice} voice. Reply or DM. #FreeLeased,#BuildInPublic #FutureCaribbean #FreeLeased,draft,
611,25,1,veridian,Veridian,"trust, restraint, regional rootedness",peacock dark,Mastodon,09:00 UTC,500,short text + open tag,T2,Build-in-public,Daily ship,Day {day}/{total_days}: {shipped_today} — {brand_voice} cut. #BuildInPublic #FreeLeased,#BuildInPublic #FutureCaribbean #FreeLeased,draft,
612,25,2,quill,Quill,"gravitas, editorial craft, serious publication",ivory/ink-red,Mastodon,09:00 UTC,500,short text + open tag,T3,Stat-callout,Numbers,{brand_voice} number drop: {stat} · {stat_context} #FutureCaribbean,#BuildInPublic #FutureCaribbean #FreeLeased,draft,
613,25,3,monolith,Monolith,"clarity, terminal aesthetics, no-nonsense shipping",black/signal-yellow,Mastodon,09:00 UTC,500,short text + open tag,T4,Caribbean-context,Region,Caribbean lens ({jurisdiction}): {regional_observation} — {brand_voice} framing. #CaribbeanAI,#BuildInPublic #FutureCaribbean #FreeLeased,draft,
614,25,4,canopy,Canopy,"cultural rootedness, sustainability, climate-resilience",forest/parrot,Mastodon,09:00 UTC,500,short text + open tag,T5,Honest-disclosure,Discipline,"{brand_voice} honesty: {disclosure} — no overclaim, no hype. #ResponsibleAI",#BuildInPublic #FutureCaribbean #FreeLeased,draft,
615,25,5,coral,Coral,"approachability, resident-led design, plain-language UX",coral/sand/lagoon,Mastodon,09:00 UTC,500,short text + open tag,T6,Call-to-action,Pilot/CTA,Pilot slot open: {ask} — {brand_voice} voice. Reply or DM. #FreeLeased,#BuildInPublic #FutureCaribbean #FreeLeased,draft,
616,25,1,veridian,Veridian,"trust, restraint, regional rootedness",peacock dark,Bluesky,10:00 UTC,300,short text + custom feed tag,T2,Build-in-public,Daily ship,Day {day}/{total_days}: {shipped_today} — {brand_voice} cut. #BuildInPublic #FreeLeased,#BuildInPublic #FutureCaribbean #FreeLeased,draft,
617,25,2,quill,Quill,"gravitas, editorial craft, serious publication",ivory/ink-red,Bluesky,10:00 UTC,300,short text + custom feed tag,T3,Stat-callout,Numbers,{brand_voice} number drop: {stat} · {stat_context} #FutureCaribbean,#BuildInPublic #FutureCaribbean #FreeLeased,draft,
618,25,3,monolith,Monolith,"clarity, terminal aesthetics, no-nonsense shipping",black/signal-yellow,Bluesky,10:00 UTC,300,short text + custom feed tag,T4,Caribbean-context,Region,Caribbean lens ({jurisdiction}): {regional_observation} — {brand_voice} framing. #CaribbeanAI,#BuildInPublic #FutureCaribbean #FreeLeased,draft,
619,25,4,canopy,Canopy,"cultural rootedness, sustainability, climate-resilience",forest/parrot,Bluesky,10:00 UTC,300,short text + custom feed tag,T5,Honest-disclosure,Discipline,"{brand_voice} honesty: {disclosure} — no overclaim, no hype. #ResponsibleAI",#BuildInPublic #FutureCaribbean #FreeLeased,draft,
620,25,5,coral,Coral,"approachability, resident-led design, plain-language UX",coral/sand/lagoon,Bluesky,10:00 UTC,300,short text + custom feed tag,T6,Call-to-action,Pilot/CTA,Pilot slot open: {ask} — {brand_voice} voice. Reply or DM. #FreeLeased,#BuildInPublic #FutureCaribbean #FreeLeased,draft,
621,25,1,veridian,Veridian,"trust, restraint, regional rootedness",peacock dark,Threads,16:00 UTC,500,"conversational, question-led",T2,Build-in-public,Daily ship,Day {day}/{total_days}: {shipped_today} — {brand_voice} cut. #BuildInPublic #FreeLeased,#BuildInPublic #FutureCaribbean #FreeLeased,draft,
622,25,2,quill,Quill,"gravitas, editorial craft, serious publication",ivory/ink-red,Threads,16:00 UTC,500,"conversational, question-led",T3,Stat-callout,Numbers,{brand_voice} number drop: {stat} · {stat_context} #FutureCaribbean,#BuildInPublic #FutureCaribbean #FreeLeased,draft,
623,25,3,monolith,Monolith,"clarity, terminal aesthetics, no-nonsense shipping",black/signal-yellow,Threads,16:00 UTC,500,"conversational, question-led",T4,Caribbean-context,Region,Caribbean lens ({jurisdiction}): {regional_observation} — {brand_voice} framing. #CaribbeanAI,#BuildInPublic #FutureCaribbean #FreeLeased,draft,
624,25,4,canopy,Canopy,"cultural rootedness, sustainability, climate-resilience",forest/parrot,Threads,16:00 UTC,500,"conversational, question-led",T5,Honest-disclosure,Discipline,"{brand_voice} honesty: {disclosure} — no overclaim, no hype. #ResponsibleAI",#BuildInPublic #FutureCaribbean #FreeLeased,draft,
625,25,5,coral,Coral,"approachability, resident-led design, plain-language UX",coral/sand/lagoon,Threads,16:00 UTC,500,"conversational, question-led",T6,Call-to-action,Pilot/CTA,Pilot slot open: {ask} — {brand_voice} voice. Reply or DM. #FreeLeased,#BuildInPublic #FutureCaribbean #FreeLeased,draft,
626,26,1,veridian,Veridian,"trust, restraint, regional rootedness",peacock dark,X,08:00 UTC,280,short text + 2 hashtags,T3,Stat-callout,Numbers,{brand_voice} number drop: {stat} · {stat_context} #FutureCaribbean,#BuildInPublic #FutureCaribbean #FreeLeased,draft,
627,26,2,quill,Quill,"gravitas, editorial craft, serious publication",ivory/ink-red,X,08:00 UTC,280,short text + 2 hashtags,T4,Caribbean-context,Region,Caribbean lens ({jurisdiction}): {regional_observation} — {brand_voice} framing. #CaribbeanAI,#BuildInPublic #FutureCaribbean #FreeLeased,draft,
628,26,3,monolith,Monolith,"clarity, terminal aesthetics, no-nonsense shipping",black/signal-yellow,X,08:00 UTC,280,short text + 2 hashtags,T5,Honest-disclosure,Discipline,"{brand_voice} honesty: {disclosure} — no overclaim, no hype. #ResponsibleAI",#BuildInPublic #FutureCaribbean #FreeLeased,draft,
629,26,4,canopy,Canopy,"cultural rootedness, sustainability, climate-resilience",forest/parrot,X,08:00 UTC,280,short text + 2 hashtags,T6,Call-to-action,Pilot/CTA,Pilot slot open: {ask} — {brand_voice} voice. Reply or DM. #FreeLeased,#BuildInPublic #FutureCaribbean #FreeLeased,draft,
630,26,5,coral,Coral,"approachability, resident-led design, plain-language UX",coral/sand/lagoon,X,08:00 UTC,280,short text + 2 hashtags,T1,Problem-stat,POV,{brand_voice} framing: {problem_statement} · #FutureCaribbean #BuildInPublic,#BuildInPublic #FutureCaribbean #FreeLeased,draft,
631,26,1,veridian,Veridian,"trust, restraint, regional rootedness",peacock dark,LinkedIn,14:00 UTC,3000,4-6 sentence long-form,T3,Stat-callout,Numbers,{brand_voice} number drop: {stat} · {stat_context} #FutureCaribbean,#BuildInPublic #FutureCaribbean #FreeLeased,draft,
632,26,2,quill,Quill,"gravitas, editorial craft, serious publication",ivory/ink-red,LinkedIn,14:00 UTC,3000,4-6 sentence long-form,T4,Caribbean-context,Region,Caribbean lens ({jurisdiction}): {regional_observation} — {brand_voice} framing. #CaribbeanAI,#BuildInPublic #FutureCaribbean #FreeLeased,draft,
633,26,3,monolith,Monolith,"clarity, terminal aesthetics, no-nonsense shipping",black/signal-yellow,LinkedIn,14:00 UTC,3000,4-6 sentence long-form,T5,Honest-disclosure,Discipline,"{brand_voice} honesty: {disclosure} — no overclaim, no hype. #ResponsibleAI",#BuildInPublic #FutureCaribbean #FreeLeased,draft,
634,26,4,canopy,Canopy,"cultural rootedness, sustainability, climate-resilience",forest/parrot,LinkedIn,14:00 UTC,3000,4-6 sentence long-form,T6,Call-to-action,Pilot/CTA,Pilot slot open: {ask} — {brand_voice} voice. Reply or DM. #FreeLeased,#BuildInPublic #FutureCaribbean #FreeLeased,draft,
635,26,5,coral,Coral,"approachability, resident-led design, plain-language UX",coral/sand/lagoon,LinkedIn,14:00 UTC,3000,4-6 sentence long-form,T1,Problem-stat,POV,{brand_voice} framing: {problem_statement} · #FutureCaribbean #BuildInPublic,#BuildInPublic #FutureCaribbean #FreeLeased,draft,
636,26,1,veridian,Veridian,"trust, restraint, regional rootedness",peacock dark,Mastodon,09:00 UTC,500,short text + open tag,T3,Stat-callout,Numbers,{brand_voice} number drop: {stat} · {stat_context} #FutureCaribbean,#BuildInPublic #FutureCaribbean #FreeLeased,draft,
637,26,2,quill,Quill,"gravitas, editorial craft, serious publication",ivory/ink-red,Mastodon,09:00 UTC,500,short text + open tag,T4,Caribbean-context,Region,Caribbean lens ({jurisdiction}): {regional_observation} — {brand_voice} framing. #CaribbeanAI,#BuildInPublic #FutureCaribbean #FreeLeased,draft,
638,26,3,monolith,Monolith,"clarity, terminal aesthetics, no-nonsense shipping",black/signal-yellow,Mastodon,09:00 UTC,500,short text + open tag,T5,Honest-disclosure,Discipline,"{brand_voice} honesty: {disclosure} — no overclaim, no hype. #ResponsibleAI",#BuildInPublic #FutureCaribbean #FreeLeased,draft,
639,26,4,canopy,Canopy,"cultural rootedness, sustainability, climate-resilience",forest/parrot,Mastodon,09:00 UTC,500,short text + open tag,T6,Call-to-action,Pilot/CTA,Pilot slot open: {ask} — {brand_voice} voice. Reply or DM. #FreeLeased,#BuildInPublic #FutureCaribbean #FreeLeased,draft,
640,26,5,coral,Coral,"approachability, resident-led design, plain-language UX",coral/sand/lagoon,Mastodon,09:00 UTC,500,short text + open tag,T1,Problem-stat,POV,{brand_voice} framing: {problem_statement} · #FutureCaribbean #BuildInPublic,#BuildInPublic #FutureCaribbean #FreeLeased,draft,
641,26,1,veridian,Veridian,"trust, restraint, regional rootedness",peacock dark,Bluesky,10:00 UTC,300,short text + custom feed tag,T3,Stat-callout,Numbers,{brand_voice} number drop: {stat} · {stat_context} #FutureCaribbean,#BuildInPublic #FutureCaribbean #FreeLeased,draft,
642,26,2,quill,Quill,"gravitas, editorial craft, serious publication",ivory/ink-red,Bluesky,10:00 UTC,300,short text + custom feed tag,T4,Caribbean-context,Region,Caribbean lens ({jurisdiction}): {regional_observation} — {brand_voice} framing. #CaribbeanAI,#BuildInPublic #FutureCaribbean #FreeLeased,draft,
643,26,3,monolith,Monolith,"clarity, terminal aesthetics, no-nonsense shipping",black/signal-yellow,Bluesky,10:00 UTC,300,short text + custom feed tag,T5,Honest-disclosure,Discipline,"{brand_voice} honesty: {disclosure} — no overclaim, no hype. #ResponsibleAI",#BuildInPublic #FutureCaribbean #FreeLeased,draft,
644,26,4,canopy,Canopy,"cultural rootedness, sustainability, climate-resilience",forest/parrot,Bluesky,10:00 UTC,300,short text + custom feed tag,T6,Call-to-action,Pilot/CTA,Pilot slot open: {ask} — {brand_voice} voice. Reply or DM. #FreeLeased,#BuildInPublic #FutureCaribbean #FreeLeased,draft,
645,26,5,coral,Coral,"approachability, resident-led design, plain-language UX",coral/sand/lagoon,Bluesky,10:00 UTC,300,short text + custom feed tag,T1,Problem-stat,POV,{brand_voice} framing: {problem_statement} · #FutureCaribbean #BuildInPublic,#BuildInPublic #FutureCaribbean #FreeLeased,draft,
646,26,1,veridian,Veridian,"trust, restraint, regional rootedness",peacock dark,Threads,16:00 UTC,500,"conversational, question-led",T3,Stat-callout,Numbers,{brand_voice} number drop: {stat} · {stat_context} #FutureCaribbean,#BuildInPublic #FutureCaribbean #FreeLeased,draft,
647,26,2,quill,Quill,"gravitas, editorial craft, serious publication",ivory/ink-red,Threads,16:00 UTC,500,"conversational, question-led",T4,Caribbean-context,Region,Caribbean lens ({jurisdiction}): {regional_observation} — {brand_voice} framing. #CaribbeanAI,#BuildInPublic #FutureCaribbean #FreeLeased,draft,
648,26,3,monolith,Monolith,"clarity, terminal aesthetics, no-nonsense shipping",black/signal-yellow,Threads,16:00 UTC,500,"conversational, question-led",T5,Honest-disclosure,Discipline,"{brand_voice} honesty: {disclosure} — no overclaim, no hype. #ResponsibleAI",#BuildInPublic #FutureCaribbean #FreeLeased,draft,
649,26,4,canopy,Canopy,"cultural rootedness, sustainability, climate-resilience",forest/parrot,Threads,16:00 UTC,500,"conversational, question-led",T6,Call-to-action,Pilot/CTA,Pilot slot open: {ask} — {brand_voice} voice. Reply or DM. #FreeLeased,#BuildInPublic #FutureCaribbean #FreeLeased,draft,
650,26,5,coral,Coral,"approachability, resident-led design, plain-language UX",coral/sand/lagoon,Threads,16:00 UTC,500,"conversational, question-led",T1,Problem-stat,POV,{brand_voice} framing: {problem_statement} · #FutureCaribbean #BuildInPublic,#BuildInPublic #FutureCaribbean #FreeLeased,draft,
651,27,1,veridian,Veridian,"trust, restraint, regional rootedness",peacock dark,X,08:00 UTC,280,short text + 2 hashtags,T4,Caribbean-context,Region,Caribbean lens ({jurisdiction}): {regional_observation} — {brand_voice} framing. #CaribbeanAI,#BuildInPublic #FutureCaribbean #FreeLeased,draft,
652,27,2,quill,Quill,"gravitas, editorial craft, serious publication",ivory/ink-red,X,08:00 UTC,280,short text + 2 hashtags,T5,Honest-disclosure,Discipline,"{brand_voice} honesty: {disclosure} — no overclaim, no hype. #ResponsibleAI",#BuildInPublic #FutureCaribbean #FreeLeased,draft,
653,27,3,monolith,Monolith,"clarity, terminal aesthetics, no-nonsense shipping",black/signal-yellow,X,08:00 UTC,280,short text + 2 hashtags,T6,Call-to-action,Pilot/CTA,Pilot slot open: {ask} — {brand_voice} voice. Reply or DM. #FreeLeased,#BuildInPublic #FutureCaribbean #FreeLeased,draft,
654,27,4,canopy,Canopy,"cultural rootedness, sustainability, climate-resilience",forest/parrot,X,08:00 UTC,280,short text + 2 hashtags,T1,Problem-stat,POV,{brand_voice} framing: {problem_statement} · #FutureCaribbean #BuildInPublic,#BuildInPublic #FutureCaribbean #FreeLeased,draft,
655,27,5,coral,Coral,"approachability, resident-led design, plain-language UX",coral/sand/lagoon,X,08:00 UTC,280,short text + 2 hashtags,T2,Build-in-public,Daily ship,Day {day}/{total_days}: {shipped_today} — {brand_voice} cut. #BuildInPublic #FreeLeased,#BuildInPublic #FutureCaribbean #FreeLeased,draft,
656,27,1,veridian,Veridian,"trust, restraint, regional rootedness",peacock dark,LinkedIn,14:00 UTC,3000,4-6 sentence long-form,T4,Caribbean-context,Region,Caribbean lens ({jurisdiction}): {regional_observation} — {brand_voice} framing. #CaribbeanAI,#BuildInPublic #FutureCaribbean #FreeLeased,draft,
657,27,2,quill,Quill,"gravitas, editorial craft, serious publication",ivory/ink-red,LinkedIn,14:00 UTC,3000,4-6 sentence long-form,T5,Honest-disclosure,Discipline,"{brand_voice} honesty: {disclosure} — no overclaim, no hype. #ResponsibleAI",#BuildInPublic #FutureCaribbean #FreeLeased,draft,
658,27,3,monolith,Monolith,"clarity, terminal aesthetics, no-nonsense shipping",black/signal-yellow,LinkedIn,14:00 UTC,3000,4-6 sentence long-form,T6,Call-to-action,Pilot/CTA,Pilot slot open: {ask} — {brand_voice} voice. Reply or DM. #FreeLeased,#BuildInPublic #FutureCaribbean #FreeLeased,draft,
659,27,4,canopy,Canopy,"cultural rootedness, sustainability, climate-resilience",forest/parrot,LinkedIn,14:00 UTC,3000,4-6 sentence long-form,T1,Problem-stat,POV,{brand_voice} framing: {problem_statement} · #FutureCaribbean #BuildInPublic,#BuildInPublic #FutureCaribbean #FreeLeased,draft,
660,27,5,coral,Coral,"approachability, resident-led design, plain-language UX",coral/sand/lagoon,LinkedIn,14:00 UTC,3000,4-6 sentence long-form,T2,Build-in-public,Daily ship,Day {day}/{total_days}: {shipped_today} — {brand_voice} cut. #BuildInPublic #FreeLeased,#BuildInPublic #FutureCaribbean #FreeLeased,draft,
661,27,1,veridian,Veridian,"trust, restraint, regional rootedness",peacock dark,Mastodon,09:00 UTC,500,short text + open tag,T4,Caribbean-context,Region,Caribbean lens ({jurisdiction}): {regional_observation} — {brand_voice} framing. #CaribbeanAI,#BuildInPublic #FutureCaribbean #FreeLeased,draft,
662,27,2,quill,Quill,"gravitas, editorial craft, serious publication",ivory/ink-red,Mastodon,09:00 UTC,500,short text + open tag,T5,Honest-disclosure,Discipline,"{brand_voice} honesty: {disclosure} — no overclaim, no hype. #ResponsibleAI",#BuildInPublic #FutureCaribbean #FreeLeased,draft,
663,27,3,monolith,Monolith,"clarity, terminal aesthetics, no-nonsense shipping",black/signal-yellow,Mastodon,09:00 UTC,500,short text + open tag,T6,Call-to-action,Pilot/CTA,Pilot slot open: {ask} — {brand_voice} voice. Reply or DM. #FreeLeased,#BuildInPublic #FutureCaribbean #FreeLeased,draft,
664,27,4,canopy,Canopy,"cultural rootedness, sustainability, climate-resilience",forest/parrot,Mastodon,09:00 UTC,500,short text + open tag,T1,Problem-stat,POV,{brand_voice} framing: {problem_statement} · #FutureCaribbean #BuildInPublic,#BuildInPublic #FutureCaribbean #FreeLeased,draft,
665,27,5,coral,Coral,"approachability, resident-led design, plain-language UX",coral/sand/lagoon,Mastodon,09:00 UTC,500,short text + open tag,T2,Build-in-public,Daily ship,Day {day}/{total_days}: {shipped_today} — {brand_voice} cut. #BuildInPublic #FreeLeased,#BuildInPublic #FutureCaribbean #FreeLeased,draft,
666,27,1,veridian,Veridian,"trust, restraint, regional rootedness",peacock dark,Bluesky,10:00 UTC,300,short text + custom feed tag,T4,Caribbean-context,Region,Caribbean lens ({jurisdiction}): {regional_observation} — {brand_voice} framing. #CaribbeanAI,#BuildInPublic #FutureCaribbean #FreeLeased,draft,
667,27,2,quill,Quill,"gravitas, editorial craft, serious publication",ivory/ink-red,Bluesky,10:00 UTC,300,short text + custom feed tag,T5,Honest-disclosure,Discipline,"{brand_voice} honesty: {disclosure} — no overclaim, no hype. #ResponsibleAI",#BuildInPublic #FutureCaribbean #FreeLeased,draft,
668,27,3,monolith,Monolith,"clarity, terminal aesthetics, no-nonsense shipping",black/signal-yellow,Bluesky,10:00 UTC,300,short text + custom feed tag,T6,Call-to-action,Pilot/CTA,Pilot slot open: {ask} — {brand_voice} voice. Reply or DM. #FreeLeased,#BuildInPublic #FutureCaribbean #FreeLeased,draft,
669,27,4,canopy,Canopy,"cultural rootedness, sustainability, climate-resilience",forest/parrot,Bluesky,10:00 UTC,300,short text + custom feed tag,T1,Problem-stat,POV,{brand_voice} framing: {problem_statement} · #FutureCaribbean #BuildInPublic,#BuildInPublic #FutureCaribbean #FreeLeased,draft,
670,27,5,coral,Coral,"approachability, resident-led design, plain-language UX",coral/sand/lagoon,Bluesky,10:00 UTC,300,short text + custom feed tag,T2,Build-in-public,Daily ship,Day {day}/{total_days}: {shipped_today} — {brand_voice} cut. #BuildInPublic #FreeLeased,#BuildInPublic #FutureCaribbean #FreeLeased,draft,
671,27,1,veridian,Veridian,"trust, restraint, regional rootedness",peacock dark,Threads,16:00 UTC,500,"conversational, question-led",T4,Caribbean-context,Region,Caribbean lens ({jurisdiction}): {regional_observation} — {brand_voice} framing. #CaribbeanAI,#BuildInPublic #FutureCaribbean #FreeLeased,draft,
672,27,2,quill,Quill,"gravitas, editorial craft, serious publication",ivory/ink-red,Threads,16:00 UTC,500,"conversational, question-led",T5,Honest-disclosure,Discipline,"{brand_voice} honesty: {disclosure} — no overclaim, no hype. #ResponsibleAI",#BuildInPublic #FutureCaribbean #FreeLeased,draft,
673,27,3,monolith,Monolith,"clarity, terminal aesthetics, no-nonsense shipping",black/signal-yellow,Threads,16:00 UTC,500,"conversational, question-led",T6,Call-to-action,Pilot/CTA,Pilot slot open: {ask} — {brand_voice} voice. Reply or DM. #FreeLeased,#BuildInPublic #FutureCaribbean #FreeLeased,draft,
674,27,4,canopy,Canopy,"cultural rootedness, sustainability, climate-resilience",forest/parrot,Threads,16:00 UTC,500,"conversational, question-led",T1,Problem-stat,POV,{brand_voice} framing: {problem_statement} · #FutureCaribbean #BuildInPublic,#BuildInPublic #FutureCaribbean #FreeLeased,draft,
675,27,5,coral,Coral,"approachability, resident-led design, plain-language UX",coral/sand/lagoon,Threads,16:00 UTC,500,"conversational, question-led",T2,Build-in-public,Daily ship,Day {day}/{total_days}: {shipped_today} — {brand_voice} cut. #BuildInPublic #FreeLeased,#BuildInPublic #FutureCaribbean #FreeLeased,draft,
676,28,1,veridian,Veridian,"trust, restraint, regional rootedness",peacock dark,X,08:00 UTC,280,short text + 2 hashtags,T5,Honest-disclosure,Discipline,"{brand_voice} honesty: {disclosure} — no overclaim, no hype. #ResponsibleAI",#BuildInPublic #FutureCaribbean #FreeLeased,draft,
677,28,2,quill,Quill,"gravitas, editorial craft, serious publication",ivory/ink-red,X,08:00 UTC,280,short text + 2 hashtags,T6,Call-to-action,Pilot/CTA,Pilot slot open: {ask} — {brand_voice} voice. Reply or DM. #FreeLeased,#BuildInPublic #FutureCaribbean #FreeLeased,draft,
678,28,3,monolith,Monolith,"clarity, terminal aesthetics, no-nonsense shipping",black/signal-yellow,X,08:00 UTC,280,short text + 2 hashtags,T1,Problem-stat,POV,{brand_voice} framing: {problem_statement} · #FutureCaribbean #BuildInPublic,#BuildInPublic #FutureCaribbean #FreeLeased,draft,
679,28,4,canopy,Canopy,"cultural rootedness, sustainability, climate-resilience",forest/parrot,X,08:00 UTC,280,short text + 2 hashtags,T2,Build-in-public,Daily ship,Day {day}/{total_days}: {shipped_today} — {brand_voice} cut. #BuildInPublic #FreeLeased,#BuildInPublic #FutureCaribbean #FreeLeased,draft,
680,28,5,coral,Coral,"approachability, resident-led design, plain-language UX",coral/sand/lagoon,X,08:00 UTC,280,short text + 2 hashtags,T3,Stat-callout,Numbers,{brand_voice} number drop: {stat} · {stat_context} #FutureCaribbean,#BuildInPublic #FutureCaribbean #FreeLeased,draft,
681,28,1,veridian,Veridian,"trust, restraint, regional rootedness",peacock dark,LinkedIn,14:00 UTC,3000,4-6 sentence long-form,T5,Honest-disclosure,Discipline,"{brand_voice} honesty: {disclosure} — no overclaim, no hype. #ResponsibleAI",#BuildInPublic #FutureCaribbean #FreeLeased,draft,
682,28,2,quill,Quill,"gravitas, editorial craft, serious publication",ivory/ink-red,LinkedIn,14:00 UTC,3000,4-6 sentence long-form,T6,Call-to-action,Pilot/CTA,Pilot slot open: {ask} — {brand_voice} voice. Reply or DM. #FreeLeased,#BuildInPublic #FutureCaribbean #FreeLeased,draft,
683,28,3,monolith,Monolith,"clarity, terminal aesthetics, no-nonsense shipping",black/signal-yellow,LinkedIn,14:00 UTC,3000,4-6 sentence long-form,T1,Problem-stat,POV,{brand_voice} framing: {problem_statement} · #FutureCaribbean #BuildInPublic,#BuildInPublic #FutureCaribbean #FreeLeased,draft,
684,28,4,canopy,Canopy,"cultural rootedness, sustainability, climate-resilience",forest/parrot,LinkedIn,14:00 UTC,3000,4-6 sentence long-form,T2,Build-in-public,Daily ship,Day {day}/{total_days}: {shipped_today} — {brand_voice} cut. #BuildInPublic #FreeLeased,#BuildInPublic #FutureCaribbean #FreeLeased,draft,
685,28,5,coral,Coral,"approachability, resident-led design, plain-language UX",coral/sand/lagoon,LinkedIn,14:00 UTC,3000,4-6 sentence long-form,T3,Stat-callout,Numbers,{brand_voice} number drop: {stat} · {stat_context} #FutureCaribbean,#BuildInPublic #FutureCaribbean #FreeLeased,draft,
686,28,1,veridian,Veridian,"trust, restraint, regional rootedness",peacock dark,Mastodon,09:00 UTC,500,short text + open tag,T5,Honest-disclosure,Discipline,"{brand_voice} honesty: {disclosure} — no overclaim, no hype. #ResponsibleAI",#BuildInPublic #FutureCaribbean #FreeLeased,draft,
687,28,2,quill,Quill,"gravitas, editorial craft, serious publication",ivory/ink-red,Mastodon,09:00 UTC,500,short text + open tag,T6,Call-to-action,Pilot/CTA,Pilot slot open: {ask} — {brand_voice} voice. Reply or DM. #FreeLeased,#BuildInPublic #FutureCaribbean #FreeLeased,draft,
688,28,3,monolith,Monolith,"clarity, terminal aesthetics, no-nonsense shipping",black/signal-yellow,Mastodon,09:00 UTC,500,short text + open tag,T1,Problem-stat,POV,{brand_voice} framing: {problem_statement} · #FutureCaribbean #BuildInPublic,#BuildInPublic #FutureCaribbean #FreeLeased,draft,
689,28,4,canopy,Canopy,"cultural rootedness, sustainability, climate-resilience",forest/parrot,Mastodon,09:00 UTC,500,short text + open tag,T2,Build-in-public,Daily ship,Day {day}/{total_days}: {shipped_today} — {brand_voice} cut. #BuildInPublic #FreeLeased,#BuildInPublic #FutureCaribbean #FreeLeased,draft,
690,28,5,coral,Coral,"approachability, resident-led design, plain-language UX",coral/sand/lagoon,Mastodon,09:00 UTC,500,short text + open tag,T3,Stat-callout,Numbers,{brand_voice} number drop: {stat} · {stat_context} #FutureCaribbean,#BuildInPublic #FutureCaribbean #FreeLeased,draft,
691,28,1,veridian,Veridian,"trust, restraint, regional rootedness",peacock dark,Bluesky,10:00 UTC,300,short text + custom feed tag,T5,Honest-disclosure,Discipline,"{brand_voice} honesty: {disclosure} — no overclaim, no hype. #ResponsibleAI",#BuildInPublic #FutureCaribbean #FreeLeased,draft,
692,28,2,quill,Quill,"gravitas, editorial craft, serious publication",ivory/ink-red,Bluesky,10:00 UTC,300,short text + custom feed tag,T6,Call-to-action,Pilot/CTA,Pilot slot open: {ask} — {brand_voice} voice. Reply or DM. #FreeLeased,#BuildInPublic #FutureCaribbean #FreeLeased,draft,
693,28,3,monolith,Monolith,"clarity, terminal aesthetics, no-nonsense shipping",black/signal-yellow,Bluesky,10:00 UTC,300,short text + custom feed tag,T1,Problem-stat,POV,{brand_voice} framing: {problem_statement} · #FutureCaribbean #BuildInPublic,#BuildInPublic #FutureCaribbean #FreeLeased,draft,
694,28,4,canopy,Canopy,"cultural rootedness, sustainability, climate-resilience",forest/parrot,Bluesky,10:00 UTC,300,short text + custom feed tag,T2,Build-in-public,Daily ship,Day {day}/{total_days}: {shipped_today} — {brand_voice} cut. #BuildInPublic #FreeLeased,#BuildInPublic #FutureCaribbean #FreeLeased,draft,
695,28,5,coral,Coral,"approachability, resident-led design, plain-language UX",coral/sand/lagoon,Bluesky,10:00 UTC,300,short text + custom feed tag,T3,Stat-callout,Numbers,{brand_voice} number drop: {stat} · {stat_context} #FutureCaribbean,#BuildInPublic #FutureCaribbean #FreeLeased,draft,
696,28,1,veridian,Veridian,"trust, restraint, regional rootedness",peacock dark,Threads,16:00 UTC,500,"conversational, question-led",T5,Honest-disclosure,Discipline,"{brand_voice} honesty: {disclosure} — no overclaim, no hype. #ResponsibleAI",#BuildInPublic #FutureCaribbean #FreeLeased,draft,
697,28,2,quill,Quill,"gravitas, editorial craft, serious publication",ivory/ink-red,Threads,16:00 UTC,500,"conversational, question-led",T6,Call-to-action,Pilot/CTA,Pilot slot open: {ask} — {brand_voice} voice. Reply or DM. #FreeLeased,#BuildInPublic #FutureCaribbean #FreeLeased,draft,
698,28,3,monolith,Monolith,"clarity, terminal aesthetics, no-nonsense shipping",black/signal-yellow,Threads,16:00 UTC,500,"conversational, question-led",T1,Problem-stat,POV,{brand_voice} framing: {problem_statement} · #FutureCaribbean #BuildInPublic,#BuildInPublic #FutureCaribbean #FreeLeased,draft,
699,28,4,canopy,Canopy,"cultural rootedness, sustainability, climate-resilience",forest/parrot,Threads,16:00 UTC,500,"conversational, question-led",T2,Build-in-public,Daily ship,Day {day}/{total_days}: {shipped_today} — {brand_voice} cut. #BuildInPublic #FreeLeased,#BuildInPublic #FutureCaribbean #FreeLeased,draft,
700,28,5,coral,Coral,"approachability, resident-led design, plain-language UX",coral/sand/lagoon,Threads,16:00 UTC,500,"conversational, question-led",T3,Stat-callout,Numbers,{brand_voice} number drop: {stat} · {stat_context} #FutureCaribbean,#BuildInPublic #FutureCaribbean #FreeLeased,draft,
701,29,1,veridian,Veridian,"trust, restraint, regional rootedness",peacock dark,X,08:00 UTC,280,short text + 2 hashtags,T6,Call-to-action,Pilot/CTA,Pilot slot open: {ask} — {brand_voice} voice. Reply or DM. #FreeLeased,#BuildInPublic #FutureCaribbean #FreeLeased,draft,
702,29,2,quill,Quill,"gravitas, editorial craft, serious publication",ivory/ink-red,X,08:00 UTC,280,short text + 2 hashtags,T1,Problem-stat,POV,{brand_voice} framing: {problem_statement} · #FutureCaribbean #BuildInPublic,#BuildInPublic #FutureCaribbean #FreeLeased,draft,
703,29,3,monolith,Monolith,"clarity, terminal aesthetics, no-nonsense shipping",black/signal-yellow,X,08:00 UTC,280,short text + 2 hashtags,T2,Build-in-public,Daily ship,Day {day}/{total_days}: {shipped_today} — {brand_voice} cut. #BuildInPublic #FreeLeased,#BuildInPublic #FutureCaribbean #FreeLeased,draft,
704,29,4,canopy,Canopy,"cultural rootedness, sustainability, climate-resilience",forest/parrot,X,08:00 UTC,280,short text + 2 hashtags,T3,Stat-callout,Numbers,{brand_voice} number drop: {stat} · {stat_context} #FutureCaribbean,#BuildInPublic #FutureCaribbean #FreeLeased,draft,
705,29,5,coral,Coral,"approachability, resident-led design, plain-language UX",coral/sand/lagoon,X,08:00 UTC,280,short text + 2 hashtags,T4,Caribbean-context,Region,Caribbean lens ({jurisdiction}): {regional_observation} — {brand_voice} framing. #CaribbeanAI,#BuildInPublic #FutureCaribbean #FreeLeased,draft,
706,29,1,veridian,Veridian,"trust, restraint, regional rootedness",peacock dark,LinkedIn,14:00 UTC,3000,4-6 sentence long-form,T6,Call-to-action,Pilot/CTA,Pilot slot open: {ask} — {brand_voice} voice. Reply or DM. #FreeLeased,#BuildInPublic #FutureCaribbean #FreeLeased,draft,
707,29,2,quill,Quill,"gravitas, editorial craft, serious publication",ivory/ink-red,LinkedIn,14:00 UTC,3000,4-6 sentence long-form,T1,Problem-stat,POV,{brand_voice} framing: {problem_statement} · #FutureCaribbean #BuildInPublic,#BuildInPublic #FutureCaribbean #FreeLeased,draft,
708,29,3,monolith,Monolith,"clarity, terminal aesthetics, no-nonsense shipping",black/signal-yellow,LinkedIn,14:00 UTC,3000,4-6 sentence long-form,T2,Build-in-public,Daily ship,Day {day}/{total_days}: {shipped_today} — {brand_voice} cut. #BuildInPublic #FreeLeased,#BuildInPublic #FutureCaribbean #FreeLeased,draft,
709,29,4,canopy,Canopy,"cultural rootedness, sustainability, climate-resilience",forest/parrot,LinkedIn,14:00 UTC,3000,4-6 sentence long-form,T3,Stat-callout,Numbers,{brand_voice} number drop: {stat} · {stat_context} #FutureCaribbean,#BuildInPublic #FutureCaribbean #FreeLeased,draft,
710,29,5,coral,Coral,"approachability, resident-led design, plain-language UX",coral/sand/lagoon,LinkedIn,14:00 UTC,3000,4-6 sentence long-form,T4,Caribbean-context,Region,Caribbean lens ({jurisdiction}): {regional_observation} — {brand_voice} framing. #CaribbeanAI,#BuildInPublic #FutureCaribbean #FreeLeased,draft,
711,29,1,veridian,Veridian,"trust, restraint, regional rootedness",peacock dark,Mastodon,09:00 UTC,500,short text + open tag,T6,Call-to-action,Pilot/CTA,Pilot slot open: {ask} — {brand_voice} voice. Reply or DM. #FreeLeased,#BuildInPublic #FutureCaribbean #FreeLeased,draft,
712,29,2,quill,Quill,"gravitas, editorial craft, serious publication",ivory/ink-red,Mastodon,09:00 UTC,500,short text + open tag,T1,Problem-stat,POV,{brand_voice} framing: {problem_statement} · #FutureCaribbean #BuildInPublic,#BuildInPublic #FutureCaribbean #FreeLeased,draft,
713,29,3,monolith,Monolith,"clarity, terminal aesthetics, no-nonsense shipping",black/signal-yellow,Mastodon,09:00 UTC,500,short text + open tag,T2,Build-in-public,Daily ship,Day {day}/{total_days}: {shipped_today} — {brand_voice} cut. #BuildInPublic #FreeLeased,#BuildInPublic #FutureCaribbean #FreeLeased,draft,
714,29,4,canopy,Canopy,"cultural rootedness, sustainability, climate-resilience",forest/parrot,Mastodon,09:00 UTC,500,short text + open tag,T3,Stat-callout,Numbers,{brand_voice} number drop: {stat} · {stat_context} #FutureCaribbean,#BuildInPublic #FutureCaribbean #FreeLeased,draft,
715,29,5,coral,Coral,"approachability, resident-led design, plain-language UX",coral/sand/lagoon,Mastodon,09:00 UTC,500,short text + open tag,T4,Caribbean-context,Region,Caribbean lens ({jurisdiction}): {regional_observation} — {brand_voice} framing. #CaribbeanAI,#BuildInPublic #FutureCaribbean #FreeLeased,draft,
716,29,1,veridian,Veridian,"trust, restraint, regional rootedness",peacock dark,Bluesky,10:00 UTC,300,short text + custom feed tag,T6,Call-to-action,Pilot/CTA,Pilot slot open: {ask} — {brand_voice} voice. Reply or DM. #FreeLeased,#BuildInPublic #FutureCaribbean #FreeLeased,draft,
717,29,2,quill,Quill,"gravitas, editorial craft, serious publication",ivory/ink-red,Bluesky,10:00 UTC,300,short text + custom feed tag,T1,Problem-stat,POV,{brand_voice} framing: {problem_statement} · #FutureCaribbean #BuildInPublic,#BuildInPublic #FutureCaribbean #FreeLeased,draft,
718,29,3,monolith,Monolith,"clarity, terminal aesthetics, no-nonsense shipping",black/signal-yellow,Bluesky,10:00 UTC,300,short text + custom feed tag,T2,Build-in-public,Daily ship,Day {day}/{total_days}: {shipped_today} — {brand_voice} cut. #BuildInPublic #FreeLeased,#BuildInPublic #FutureCaribbean #FreeLeased,draft,
719,29,4,canopy,Canopy,"cultural rootedness, sustainability, climate-resilience",forest/parrot,Bluesky,10:00 UTC,300,short text + custom feed tag,T3,Stat-callout,Numbers,{brand_voice} number drop: {stat} · {stat_context} #FutureCaribbean,#BuildInPublic #FutureCaribbean #FreeLeased,draft,
720,29,5,coral,Coral,"approachability, resident-led design, plain-language UX",coral/sand/lagoon,Bluesky,10:00 UTC,300,short text + custom feed tag,T4,Caribbean-context,Region,Caribbean lens ({jurisdiction}): {regional_observation} — {brand_voice} framing. #CaribbeanAI,#BuildInPublic #FutureCaribbean #FreeLeased,draft,
721,29,1,veridian,Veridian,"trust, restraint, regional rootedness",peacock dark,Threads,16:00 UTC,500,"conversational, question-led",T6,Call-to-action,Pilot/CTA,Pilot slot open: {ask} — {brand_voice} voice. Reply or DM. #FreeLeased,#BuildInPublic #FutureCaribbean #FreeLeased,draft,
722,29,2,quill,Quill,"gravitas, editorial craft, serious publication",ivory/ink-red,Threads,16:00 UTC,500,"conversational, question-led",T1,Problem-stat,POV,{brand_voice} framing: {problem_statement} · #FutureCaribbean #BuildInPublic,#BuildInPublic #FutureCaribbean #FreeLeased,draft,
723,29,3,monolith,Monolith,"clarity, terminal aesthetics, no-nonsense shipping",black/signal-yellow,Threads,16:00 UTC,500,"conversational, question-led",T2,Build-in-public,Daily ship,Day {day}/{total_days}: {shipped_today} — {brand_voice} cut. #BuildInPublic #FreeLeased,#BuildInPublic #FutureCaribbean #FreeLeased,draft,
724,29,4,canopy,Canopy,"cultural rootedness, sustainability, climate-resilience",forest/parrot,Threads,16:00 UTC,500,"conversational, question-led",T3,Stat-callout,Numbers,{brand_voice} number drop: {stat} · {stat_context} #FutureCaribbean,#BuildInPublic #FutureCaribbean #FreeLeased,draft,
725,29,5,coral,Coral,"approachability, resident-led design, plain-language UX",coral/sand/lagoon,Threads,16:00 UTC,500,"conversational, question-led",T4,Caribbean-context,Region,Caribbean lens ({jurisdiction}): {regional_observation} — {brand_voice} framing. #CaribbeanAI,#BuildInPublic #FutureCaribbean #FreeLeased,draft,
726,30,1,veridian,Veridian,"trust, restraint, regional rootedness",peacock dark,X,08:00 UTC,280,short text + 2 hashtags,T1,Problem-stat,POV,{brand_voice} framing: {problem_statement} · #FutureCaribbean #BuildInPublic,#BuildInPublic #FutureCaribbean #FreeLeased,draft,
727,30,2,quill,Quill,"gravitas, editorial craft, serious publication",ivory/ink-red,X,08:00 UTC,280,short text + 2 hashtags,T2,Build-in-public,Daily ship,Day {day}/{total_days}: {shipped_today} — {brand_voice} cut. #BuildInPublic #FreeLeased,#BuildInPublic #FutureCaribbean #FreeLeased,draft,
728,30,3,monolith,Monolith,"clarity, terminal aesthetics, no-nonsense shipping",black/signal-yellow,X,08:00 UTC,280,short text + 2 hashtags,T3,Stat-callout,Numbers,{brand_voice} number drop: {stat} · {stat_context} #FutureCaribbean,#BuildInPublic #FutureCaribbean #FreeLeased,draft,
729,30,4,canopy,Canopy,"cultural rootedness, sustainability, climate-resilience",forest/parrot,X,08:00 UTC,280,short text + 2 hashtags,T4,Caribbean-context,Region,Caribbean lens ({jurisdiction}): {regional_observation} — {brand_voice} framing. #CaribbeanAI,#BuildInPublic #FutureCaribbean #FreeLeased,draft,
730,30,5,coral,Coral,"approachability, resident-led design, plain-language UX",coral/sand/lagoon,X,08:00 UTC,280,short text + 2 hashtags,T5,Honest-disclosure,Discipline,"{brand_voice} honesty: {disclosure} — no overclaim, no hype. #ResponsibleAI",#BuildInPublic #FutureCaribbean #FreeLeased,draft,
731,30,1,veridian,Veridian,"trust, restraint, regional rootedness",peacock dark,LinkedIn,14:00 UTC,3000,4-6 sentence long-form,T1,Problem-stat,POV,{brand_voice} framing: {problem_statement} · #FutureCaribbean #BuildInPublic,#BuildInPublic #FutureCaribbean #FreeLeased,draft,
732,30,2,quill,Quill,"gravitas, editorial craft, serious publication",ivory/ink-red,LinkedIn,14:00 UTC,3000,4-6 sentence long-form,T2,Build-in-public,Daily ship,Day {day}/{total_days}: {shipped_today} — {brand_voice} cut. #BuildInPublic #FreeLeased,#BuildInPublic #FutureCaribbean #FreeLeased,draft,
733,30,3,monolith,Monolith,"clarity, terminal aesthetics, no-nonsense shipping",black/signal-yellow,LinkedIn,14:00 UTC,3000,4-6 sentence long-form,T3,Stat-callout,Numbers,{brand_voice} number drop: {stat} · {stat_context} #FutureCaribbean,#BuildInPublic #FutureCaribbean #FreeLeased,draft,
734,30,4,canopy,Canopy,"cultural rootedness, sustainability, climate-resilience",forest/parrot,LinkedIn,14:00 UTC,3000,4-6 sentence long-form,T4,Caribbean-context,Region,Caribbean lens ({jurisdiction}): {regional_observation} — {brand_voice} framing. #CaribbeanAI,#BuildInPublic #FutureCaribbean #FreeLeased,draft,
735,30,5,coral,Coral,"approachability, resident-led design, plain-language UX",coral/sand/lagoon,LinkedIn,14:00 UTC,3000,4-6 sentence long-form,T5,Honest-disclosure,Discipline,"{brand_voice} honesty: {disclosure} — no overclaim, no hype. #ResponsibleAI",#BuildInPublic #FutureCaribbean #FreeLeased,draft,
736,30,1,veridian,Veridian,"trust, restraint, regional rootedness",peacock dark,Mastodon,09:00 UTC,500,short text + open tag,T1,Problem-stat,POV,{brand_voice} framing: {problem_statement} · #FutureCaribbean #BuildInPublic,#BuildInPublic #FutureCaribbean #FreeLeased,draft,
737,30,2,quill,Quill,"gravitas, editorial craft, serious publication",ivory/ink-red,Mastodon,09:00 UTC,500,short text + open tag,T2,Build-in-public,Daily ship,Day {day}/{total_days}: {shipped_today} — {brand_voice} cut. #BuildInPublic #FreeLeased,#BuildInPublic #FutureCaribbean #FreeLeased,draft,
738,30,3,monolith,Monolith,"clarity, terminal aesthetics, no-nonsense shipping",black/signal-yellow,Mastodon,09:00 UTC,500,short text + open tag,T3,Stat-callout,Numbers,{brand_voice} number drop: {stat} · {stat_context} #FutureCaribbean,#BuildInPublic #FutureCaribbean #FreeLeased,draft,
739,30,4,canopy,Canopy,"cultural rootedness, sustainability, climate-resilience",forest/parrot,Mastodon,09:00 UTC,500,short text + open tag,T4,Caribbean-context,Region,Caribbean lens ({jurisdiction}): {regional_observation} — {brand_voice} framing. #CaribbeanAI,#BuildInPublic #FutureCaribbean #FreeLeased,draft,
740,30,5,coral,Coral,"approachability, resident-led design, plain-language UX",coral/sand/lagoon,Mastodon,09:00 UTC,500,short text + open tag,T5,Honest-disclosure,Discipline,"{brand_voice} honesty: {disclosure} — no overclaim, no hype. #ResponsibleAI",#BuildInPublic #FutureCaribbean #FreeLeased,draft,
741,30,1,veridian,Veridian,"trust, restraint, regional rootedness",peacock dark,Bluesky,10:00 UTC,300,short text + custom feed tag,T1,Problem-stat,POV,{brand_voice} framing: {problem_statement} · #FutureCaribbean #BuildInPublic,#BuildInPublic #FutureCaribbean #FreeLeased,draft,
742,30,2,quill,Quill,"gravitas, editorial craft, serious publication",ivory/ink-red,Bluesky,10:00 UTC,300,short text + custom feed tag,T2,Build-in-public,Daily ship,Day {day}/{total_days}: {shipped_today} — {brand_voice} cut. #BuildInPublic #FreeLeased,#BuildInPublic #FutureCaribbean #FreeLeased,draft,
743,30,3,monolith,Monolith,"clarity, terminal aesthetics, no-nonsense shipping",black/signal-yellow,Bluesky,10:00 UTC,300,short text + custom feed tag,T3,Stat-callout,Numbers,{brand_voice} number drop: {stat} · {stat_context} #FutureCaribbean,#BuildInPublic #FutureCaribbean #FreeLeased,draft,
744,30,4,canopy,Canopy,"cultural rootedness, sustainability, climate-resilience",forest/parrot,Bluesky,10:00 UTC,300,short text + custom feed tag,T4,Caribbean-context,Region,Caribbean lens ({jurisdiction}): {regional_observation} — {brand_voice} framing. #CaribbeanAI,#BuildInPublic #FutureCaribbean #FreeLeased,draft,
745,30,5,coral,Coral,"approachability, resident-led design, plain-language UX",coral/sand/lagoon,Bluesky,10:00 UTC,300,short text + custom feed tag,T5,Honest-disclosure,Discipline,"{brand_voice} honesty: {disclosure} — no overclaim, no hype. #ResponsibleAI",#BuildInPublic #FutureCaribbean #FreeLeased,draft,
746,30,1,veridian,Veridian,"trust, restraint, regional rootedness",peacock dark,Threads,16:00 UTC,500,"conversational, question-led",T1,Problem-stat,POV,{brand_voice} framing: {problem_statement} · #FutureCaribbean #BuildInPublic,#BuildInPublic #FutureCaribbean #FreeLeased,draft,
747,30,2,quill,Quill,"gravitas, editorial craft, serious publication",ivory/ink-red,Threads,16:00 UTC,500,"conversational, question-led",T2,Build-in-public,Daily ship,Day {day}/{total_days}: {shipped_today} — {brand_voice} cut. #BuildInPublic #FreeLeased,#BuildInPublic #FutureCaribbean #FreeLeased,draft,
748,30,3,monolith,Monolith,"clarity, terminal aesthetics, no-nonsense shipping",black/signal-yellow,Threads,16:00 UTC,500,"conversational, question-led",T3,Stat-callout,Numbers,{brand_voice} number drop: {stat} · {stat_context} #FutureCaribbean,#BuildInPublic #FutureCaribbean #FreeLeased,draft,
749,30,4,canopy,Canopy,"cultural rootedness, sustainability, climate-resilience",forest/parrot,Threads,16:00 UTC,500,"conversational, question-led",T4,Caribbean-context,Region,Caribbean lens ({jurisdiction}): {regional_observation} — {brand_voice} framing. #CaribbeanAI,#BuildInPublic #FutureCaribbean #FreeLeased,draft,
750,30,5,coral,Coral,"approachability, resident-led design, plain-language UX",coral/sand/lagoon,Threads,16:00 UTC,500,"conversational, question-led",T5,Honest-disclosure,Discipline,"{brand_voice} honesty: {disclosure} — no overclaim, no hype. #ResponsibleAI",#BuildInPublic #FutureCaribbean #FreeLeased,draft,
