[stdout] [36mvite v7.3.1 [32mbuilding client environment for production...[36m[39m
[stdout] transforming...
[stdout] [32m✓[39m 30 modules transformed.
[stdout] rendering chunks...
[stdout] computing gzip size...
[stdout] [2mdist.staging/[22m[32mindex.html                 [39m[1m[2m    0.40 kB[22m[1m[22m[2m │ gzip:   0.27 kB[22m
[stdout] [2mdist.staging/[22m[2massets/[22m[35mindex-C5xFLvu-.css  [39m[1m[2m   31.07 kB[22m[1m[22m[2m │ gzip:   5.97 kB[22m
[2mdist.staging/[22m[2massets/[22m[36mindex-aY1-twMk.js   [39m[1m[33m1,028.93 kB[39m[22m[2m │ gzip: 185.61 kB[22m
[stdout] [32m✓ built in 1.96s[39m
[stdout] vite v7.3.1 building client environment for production...

watching for file changes...

build started...
transforming...
[stdout] vite v7.3.1 building client environment for production...
[stdout] watching for file changes...
[stdout] build started...
[stdout] transforming...
[api-stdout] 🚀 Server running on http://localhost:3001
[api-stdout] 🚀 Server running on http://localhost:3001
[api-stdout] 🚀 Server running on http://localhost:3001
[stdout] ✓ 2363 modules transformed.
[stdout] rendering chunks...
[stdout] computing gzip size...
[stdout] dist/index.html                     0.43 kB │ gzip:   0.30 kB
[stdout] dist/assets/index-BqwvZ3xQ.css     65.00 kB │ gzip:   9.85 kB
dist/assets/index-B1tncAwk.js   2,785.63 kB │ gzip: 519.33 kB
[stdout] built in 5913ms.
[typecheck] ✗ tsc --noEmit found 24 type error(s) — these compile under Vite but will crash at runtime:
[typecheck]   src/generated/audit-entry.routes.ts(166,11): TS2322 Type 'any' is not assignable to type 'never'.
[typecheck]   src/generated/audit-entry.routes.ts(237,9): TS2322 Type 'Record<string, unknown>' is not assignable to type '(Without<AuditEntryCreateInput, AuditEntryUncheckedCreateInput> & AuditEntryUncheckedCreateInput) | (Without<...> & AuditEntryCreateInput)'.
[typecheck]   src/generated/contract-record.routes.ts(166,11): TS2322 Type 'any' is not assignable to type 'never'.
[typecheck]   src/generated/contract-record.routes.ts(237,9): TS2322 Type 'Record<string, unknown>' is not assignable to type '(Without<ContractRecordCreateInput, ContractRecordUncheckedCreateInput> & ContractRecordUncheckedCreateInput) | (Without<...> & ContractRecordCreateInput)'.
[typecheck]   src/generated/domain.ts(96,7): TS2353 Object literal may only specify known properties, and 'pendingDeletes' does not exist in type 'AnnotationsMap<this, never>'.
[typecheck]   src/generated/domain.ts(304,7): TS2353 Object literal may only specify known properties, and 'pendingDeletes' does not exist in type 'AnnotationsMap<this, never>'.
[typecheck]   src/generated/domain.ts(512,7): TS2353 Object literal may only specify known properties, and 'pendingDeletes' does not exist in type 'AnnotationsMap<this, never>'.
[typecheck]   src/generated/domain.ts(720,7): TS2353 Object literal may only specify known properties, and 'pendingDeletes' does not exist in type 'AnnotationsMap<this, never>'.
[typecheck]   src/generated/domain.ts(928,7): TS2353 Object literal may only specify known properties, and 'pendingDeletes' does not exist in type 'AnnotationsMap<this, never>'.
[typecheck]   src/generated/domain.ts(1136,7): TS2353 Object literal may only specify known properties, and 'pendingDeletes' does not exist in type 'AnnotationsMap<this, never>'.
[typecheck]   …and 14 more
[stdout] build started...
[api-stdout] 🚀 Server running on http://localhost:3001
[stdout] ✓ 1 modules transformed.
[stdout] dist/index.html                     0.43 kB │ gzip:   0.30 kB
[stdout] dist/assets/index-BqwvZ3xQ.css     65.00 kB │ gzip:   9.85 kB
dist/assets/index-DZ2EWbhv.js   2,785.58 kB │ gzip: 519.32 kB
[stdout] built in 4344ms.
[stdout] build started...
[api-stdout] 🚀 Server running on http://localhost:3001
[api-stdout] 🚀 Server running on http://localhost:3001
[api-stderr] 49 | app.get('*', serveStatic({ path: './dist/index.html' }))
50 | 
51 | const port = Number(process.env.PORT) || 3001
52 | console.log(`🚀 Server running on http://localhost:${port}`)
53 | 
54 | Bun.serve({ port, fetch: app.fetch })
         ^
error: Failed to start server. Is port 3001 in use?
 syscall: "listen",
   errno: 0,
    code: "EADDRINUSE"

      at /app/workspace/server.tsx:54:5

Bun v1.3.11 (Linux x64)
[api-stdout] 🚀 Server running on http://localhost:3001
[stdout] ✓ 1 modules transformed.
[typecheck] ✗ tsc --noEmit found 24 type error(s) — these compile under Vite but will crash at runtime:
[typecheck]   src/generated/audit-entry.routes.ts(166,11): TS2322 Type 'any' is not assignable to type 'never'.
[typecheck]   src/generated/audit-entry.routes.ts(237,9): TS2322 Type 'Record<string, unknown>' is not assignable to type '(Without<AuditEntryCreateInput, AuditEntryUncheckedCreateInput> & AuditEntryUncheckedCreateInput) | (Without<...> & AuditEntryCreateInput)'.
[typecheck]   src/generated/contract-record.routes.ts(166,11): TS2322 Type 'any' is not assignable to type 'never'.
[typecheck]   src/generated/contract-record.routes.ts(237,9): TS2322 Type 'Record<string, unknown>' is not assignable to type '(Without<ContractRecordCreateInput, ContractRecordUncheckedCreateInput> & ContractRecordUncheckedCreateInput) | (Without<...> & ContractRecordCreateInput)'.
[typecheck]   src/generated/domain.ts(96,7): TS2353 Object literal may only specify known properties, and 'pendingDeletes' does not exist in type 'AnnotationsMap<this, never>'.
[typecheck]   src/generated/domain.ts(304,7): TS2353 Object literal may only specify known properties, and 'pendingDeletes' does not exist in type 'AnnotationsMap<this, never>'.
[typecheck]   src/generated/domain.ts(512,7): TS2353 Object literal may only specify known properties, and 'pendingDeletes' does not exist in type 'AnnotationsMap<this, never>'.
[typecheck]   src/generated/domain.ts(720,7): TS2353 Object literal may only specify known properties, and 'pendingDeletes' does not exist in type 'AnnotationsMap<this, never>'.
[typecheck]   src/generated/domain.ts(928,7): TS2353 Object literal may only specify known properties, and 'pendingDeletes' does not exist in type 'AnnotationsMap<this, never>'.
[typecheck]   src/generated/domain.ts(1136,7): TS2353 Object literal may only specify known properties, and 'pendingDeletes' does not exist in type 'AnnotationsMap<this, never>'.
[typecheck]   …and 14 more
[stdout] dist/index.html                     0.43 kB │ gzip:   0.30 kB
dist/assets/index-BqwvZ3xQ.css     65.00 kB │ gzip:   9.85 kB
dist/assets/index-B1tncAwk.js   2,785.63 kB │ gzip: 519.33 kB
[stdout] built in 6197ms.
[typecheck] ✗ tsc --noEmit found 24 type error(s) — these compile under Vite but will crash at runtime:
[typecheck]   src/generated/audit-entry.routes.ts(166,11): TS2322 Type 'any' is not assignable to type 'never'.
[typecheck]   src/generated/audit-entry.routes.ts(237,9): TS2322 Type 'Record<string, unknown>' is not assignable to type '(Without<AuditEntryCreateInput, AuditEntryUncheckedCreateInput> & AuditEntryUncheckedCreateInput) | (Without<...> & AuditEntryCreateInput)'.
[typecheck]   src/generated/contract-record.routes.ts(166,11): TS2322 Type 'any' is not assignable to type 'never'.
[typecheck]   src/generated/contract-record.routes.ts(237,9): TS2322 Type 'Record<string, unknown>' is not assignable to type '(Without<ContractRecordCreateInput, ContractRecordUncheckedCreateInput> & ContractRecordUncheckedCreateInput) | (Without<...> & ContractRecordCreateInput)'.
[typecheck]   src/generated/domain.ts(96,7): TS2353 Object literal may only specify known properties, and 'pendingDeletes' does not exist in type 'AnnotationsMap<this, never>'.
[typecheck]   src/generated/domain.ts(304,7): TS2353 Object literal may only specify known properties, and 'pendingDeletes' does not exist in type 'AnnotationsMap<this, never>'.
[typecheck]   src/generated/domain.ts(512,7): TS2353 Object literal may only specify known properties, and 'pendingDeletes' does not exist in type 'AnnotationsMap<this, never>'.
[typecheck]   src/generated/domain.ts(720,7): TS2353 Object literal may only specify known properties, and 'pendingDeletes' does not exist in type 'AnnotationsMap<this, never>'.
[typecheck]   src/generated/domain.ts(928,7): TS2353 Object literal may only specify known properties, and 'pendingDeletes' does not exist in type 'AnnotationsMap<this, never>'.
[typecheck]   src/generated/domain.ts(1136,7): TS2353 Object literal may only specify known properties, and 'pendingDeletes' does not exist in type 'AnnotationsMap<this, never>'.
[typecheck]   …and 14 more
[stdout] build started...
[stdout] ✓ 1 modules transformed.
[stdout] dist/index.html                     0.43 kB │ gzip:   0.30 kB
dist/assets/index-BqwvZ3xQ.css     65.00 kB │ gzip:   9.85 kB
[stdout] dist/assets/index-DZ2EWbhv.js   2,785.58 kB │ gzip: 519.32 kB
[stdout] built in 2993ms.
[typecheck] ✗ tsc --noEmit found 24 type error(s) — these compile under Vite but will crash at runtime:
[typecheck]   src/generated/audit-entry.routes.ts(166,11): TS2322 Type 'any' is not assignable to type 'never'.
[typecheck]   src/generated/audit-entry.routes.ts(237,9): TS2322 Type 'Record<string, unknown>' is not assignable to type '(Without<AuditEntryCreateInput, AuditEntryUncheckedCreateInput> & AuditEntryUncheckedCreateInput) | (Without<...> & AuditEntryCreateInput)'.
[typecheck]   src/generated/contract-record.routes.ts(166,11): TS2322 Type 'any' is not assignable to type 'never'.
[typecheck]   src/generated/contract-record.routes.ts(237,9): TS2322 Type 'Record<string, unknown>' is not assignable to type '(Without<ContractRecordCreateInput, ContractRecordUncheckedCreateInput> & ContractRecordUncheckedCreateInput) | (Without<...> & ContractRecordCreateInput)'.
[typecheck]   src/generated/domain.ts(96,7): TS2353 Object literal may only specify known properties, and 'pendingDeletes' does not exist in type 'AnnotationsMap<this, never>'.
[typecheck]   src/generated/domain.ts(304,7): TS2353 Object literal may only specify known properties, and 'pendingDeletes' does not exist in type 'AnnotationsMap<this, never>'.
[typecheck]   src/generated/domain.ts(512,7): TS2353 Object literal may only specify known properties, and 'pendingDeletes' does not exist in type 'AnnotationsMap<this, never>'.
[typecheck]   src/generated/domain.ts(720,7): TS2353 Object literal may only specify known properties, and 'pendingDeletes' does not exist in type 'AnnotationsMap<this, never>'.
[typecheck]   src/generated/domain.ts(928,7): TS2353 Object literal may only specify known properties, and 'pendingDeletes' does not exist in type 'AnnotationsMap<this, never>'.
[typecheck]   src/generated/domain.ts(1136,7): TS2353 Object literal may only specify known properties, and 'pendingDeletes' does not exist in type 'AnnotationsMap<this, never>'.
[typecheck]   …and 14 more
[stdout] build started...
[stdout] ✓ 1 modules transformed.
[stdout] dist/index.html                     0.43 kB │ gzip:   0.30 kB
[stdout] dist/assets/index-BqwvZ3xQ.css     65.00 kB │ gzip:   9.85 kB
dist/assets/index-B1tncAwk.js   2,785.63 kB │ gzip: 519.33 kB
[stdout] built in 2865ms.
[typecheck] ✗ tsc --noEmit found 24 type error(s) — these compile under Vite but will crash at runtime:
[typecheck]   src/generated/audit-entry.routes.ts(166,11): TS2322 Type 'any' is not assignable to type 'never'.
[typecheck]   src/generated/audit-entry.routes.ts(237,9): TS2322 Type 'Record<string, unknown>' is not assignable to type '(Without<AuditEntryCreateInput, AuditEntryUncheckedCreateInput> & AuditEntryUncheckedCreateInput) | (Without<...> & AuditEntryCreateInput)'.
[typecheck]   src/generated/contract-record.routes.ts(166,11): TS2322 Type 'any' is not assignable to type 'never'.
[typecheck]   src/generated/contract-record.routes.ts(237,9): TS2322 Type 'Record<string, unknown>' is not assignable to type '(Without<ContractRecordCreateInput, ContractRecordUncheckedCreateInput> & ContractRecordUncheckedCreateInput) | (Without<...> & ContractRecordCreateInput)'.
[typecheck]   src/generated/domain.ts(96,7): TS2353 Object literal may only specify known properties, and 'pendingDeletes' does not exist in type 'AnnotationsMap<this, never>'.
[typecheck]   src/generated/domain.ts(304,7): TS2353 Object literal may only specify known properties, and 'pendingDeletes' does not exist in type 'AnnotationsMap<this, never>'.
[typecheck]   src/generated/domain.ts(512,7): TS2353 Object literal may only specify known properties, and 'pendingDeletes' does not exist in type 'AnnotationsMap<this, never>'.
[typecheck]   src/generated/domain.ts(720,7): TS2353 Object literal may only specify known properties, and 'pendingDeletes' does not exist in type 'AnnotationsMap<this, never>'.
[typecheck]   src/generated/domain.ts(928,7): TS2353 Object literal may only specify known properties, and 'pendingDeletes' does not exist in type 'AnnotationsMap<this, never>'.
[typecheck]   src/generated/domain.ts(1136,7): TS2353 Object literal may only specify known properties, and 'pendingDeletes' does not exist in type 'AnnotationsMap<this, never>'.
[typecheck]   …and 14 more
[stdout] build started...
[stdout] ✓ 1 modules transformed.
[stdout] dist/index.html                     0.43 kB │ gzip:   0.30 kB
dist/assets/index-BqwvZ3xQ.css     65.00 kB │ gzip:   9.85 kB
[stdout] dist/assets/index-DZ2EWbhv.js   2,785.58 kB │ gzip: 519.32 kB
[stdout] built in 2490ms.
[typecheck] ✗ tsc --noEmit found 24 type error(s) — these compile under Vite but will crash at runtime:
[typecheck]   src/generated/audit-entry.routes.ts(166,11): TS2322 Type 'any' is not assignable to type 'never'.
[typecheck]   src/generated/audit-entry.routes.ts(237,9): TS2322 Type 'Record<string, unknown>' is not assignable to type '(Without<AuditEntryCreateInput, AuditEntryUncheckedCreateInput> & AuditEntryUncheckedCreateInput) | (Without<...> & AuditEntryCreateInput)'.
[typecheck]   src/generated/contract-record.routes.ts(166,11): TS2322 Type 'any' is not assignable to type 'never'.
[typecheck]   src/generated/contract-record.routes.ts(237,9): TS2322 Type 'Record<string, unknown>' is not assignable to type '(Without<ContractRecordCreateInput, ContractRecordUncheckedCreateInput> & ContractRecordUncheckedCreateInput) | (Without<...> & ContractRecordCreateInput)'.
[typecheck]   src/generated/domain.ts(96,7): TS2353 Object literal may only specify known properties, and 'pendingDeletes' does not exist in type 'AnnotationsMap<this, never>'.
[typecheck]   src/generated/domain.ts(304,7): TS2353 Object literal may only specify known properties, and 'pendingDeletes' does not exist in type 'AnnotationsMap<this, never>'.
[typecheck]   src/generated/domain.ts(512,7): TS2353 Object literal may only specify known properties, and 'pendingDeletes' does not exist in type 'AnnotationsMap<this, never>'.
[typecheck]   src/generated/domain.ts(720,7): TS2353 Object literal may only specify known properties, and 'pendingDeletes' does not exist in type 'AnnotationsMap<this, never>'.
[typecheck]   src/generated/domain.ts(928,7): TS2353 Object literal may only specify known properties, and 'pendingDeletes' does not exist in type 'AnnotationsMap<this, never>'.
[typecheck]   src/generated/domain.ts(1136,7): TS2353 Object literal may only specify known properties, and 'pendingDeletes' does not exist in type 'AnnotationsMap<this, never>'.
[typecheck]   …and 14 more
[stdout] build started...
[stdout] ✓ 1 modules transformed.
[stdout] dist/index.html                     0.43 kB │ gzip:   0.30 kB
dist/assets/index-BqwvZ3xQ.css     65.00 kB │ gzip:   9.85 kB
[stdout] dist/assets/index-B1tncAwk.js   2,785.63 kB │ gzip: 519.33 kB
[stdout] built in 2771ms.
[typecheck] ✗ tsc --noEmit found 24 type error(s) — these compile under Vite but will crash at runtime:
[typecheck]   src/generated/audit-entry.routes.ts(166,11): TS2322 Type 'any' is not assignable to type 'never'.
[typecheck]   src/generated/audit-entry.routes.ts(237,9): TS2322 Type 'Record<string, unknown>' is not assignable to type '(Without<AuditEntryCreateInput, AuditEntryUncheckedCreateInput> & AuditEntryUncheckedCreateInput) | (Without<...> & AuditEntryCreateInput)'.
[typecheck]   src/generated/contract-record.routes.ts(166,11): TS2322 Type 'any' is not assignable to type 'never'.
[typecheck]   src/generated/contract-record.routes.ts(237,9): TS2322 Type 'Record<string, unknown>' is not assignable to type '(Without<ContractRecordCreateInput, ContractRecordUncheckedCreateInput> & ContractRecordUncheckedCreateInput) | (Without<...> & ContractRecordCreateInput)'.
[typecheck]   src/generated/domain.ts(96,7): TS2353 Object literal may only specify known properties, and 'pendingDeletes' does not exist in type 'AnnotationsMap<this, never>'.
[typecheck]   src/generated/domain.ts(304,7): TS2353 Object literal may only specify known properties, and 'pendingDeletes' does not exist in type 'AnnotationsMap<this, never>'.
[typecheck]   src/generated/domain.ts(512,7): TS2353 Object literal may only specify known properties, and 'pendingDeletes' does not exist in type 'AnnotationsMap<this, never>'.
[typecheck]   src/generated/domain.ts(720,7): TS2353 Object literal may only specify known properties, and 'pendingDeletes' does not exist in type 'AnnotationsMap<this, never>'.
[typecheck]   src/generated/domain.ts(928,7): TS2353 Object literal may only specify known properties, and 'pendingDeletes' does not exist in type 'AnnotationsMap<this, never>'.
[typecheck]   src/generated/domain.ts(1136,7): TS2353 Object literal may only specify known properties, and 'pendingDeletes' does not exist in type 'AnnotationsMap<this, never>'.
[typecheck]   …and 14 more
[stdout] build started...
[stdout] ✓ 1 modules transformed.
[stdout] dist/index.html                     0.43 kB │ gzip:   0.30 kB
[stdout] dist/assets/index-DWDXIFBS.css     65.23 kB │ gzip:   9.85 kB
[stdout] dist/assets/index-D7dnAA-k.js   2,785.58 kB │ gzip: 519.32 kB
[stdout] built in 3219ms.
[typecheck] ✗ tsc --noEmit found 24 type error(s) — these compile under Vite but will crash at runtime:
[typecheck]   src/generated/audit-entry.routes.ts(166,11): TS2322 Type 'any' is not assignable to type 'never'.
[typecheck]   src/generated/audit-entry.routes.ts(237,9): TS2322 Type 'Record<string, unknown>' is not assignable to type '(Without<AuditEntryCreateInput, AuditEntryUncheckedCreateInput> & AuditEntryUncheckedCreateInput) | (Without<...> & AuditEntryCreateInput)'.
[typecheck]   src/generated/contract-record.routes.ts(166,11): TS2322 Type 'any' is not assignable to type 'never'.
[typecheck]   src/generated/contract-record.routes.ts(237,9): TS2322 Type 'Record<string, unknown>' is not assignable to type '(Without<ContractRecordCreateInput, ContractRecordUncheckedCreateInput> & ContractRecordUncheckedCreateInput) | (Without<...> & ContractRecordCreateInput)'.
[typecheck]   src/generated/domain.ts(96,7): TS2353 Object literal may only specify known properties, and 'pendingDeletes' does not exist in type 'AnnotationsMap<this, never>'.
[typecheck]   src/generated/domain.ts(304,7): TS2353 Object literal may only specify known properties, and 'pendingDeletes' does not exist in type 'AnnotationsMap<this, never>'.
[typecheck]   src/generated/domain.ts(512,7): TS2353 Object literal may only specify known properties, and 'pendingDeletes' does not exist in type 'AnnotationsMap<this, never>'.
[typecheck]   src/generated/domain.ts(720,7): TS2353 Object literal may only specify known properties, and 'pendingDeletes' does not exist in type 'AnnotationsMap<this, never>'.
[typecheck]   src/generated/domain.ts(928,7): TS2353 Object literal may only specify known properties, and 'pendingDeletes' does not exist in type 'AnnotationsMap<this, never>'.
[typecheck]   src/generated/domain.ts(1136,7): TS2353 Object literal may only specify known properties, and 'pendingDeletes' does not exist in type 'AnnotationsMap<this, never>'.
[typecheck]   …and 14 more
[stdout] build started...
[stdout] ✓ 1 modules transformed.
[stdout] dist/index.html                     0.43 kB │ gzip:   0.30 kB
dist/assets/index-DWDXIFBS.css     65.23 kB │ gzip:   9.85 kB
[stdout] dist/assets/index-X20sbfuT.js   2,785.63 kB │ gzip: 519.33 kB
[stdout] built in 3244ms.
[typecheck] ✗ tsc --noEmit found 24 type error(s) — these compile under Vite but will crash at runtime:
[typecheck]   src/generated/audit-entry.routes.ts(166,11): TS2322 Type 'any' is not assignable to type 'never'.
[typecheck]   src/generated/audit-entry.routes.ts(237,9): TS2322 Type 'Record<string, unknown>' is not assignable to type '(Without<AuditEntryCreateInput, AuditEntryUncheckedCreateInput> & AuditEntryUncheckedCreateInput) | (Without<...> & AuditEntryCreateInput)'.
[typecheck]   src/generated/contract-record.routes.ts(166,11): TS2322 Type 'any' is not assignable to type 'never'.
[typecheck]   src/generated/contract-record.routes.ts(237,9): TS2322 Type 'Record<string, unknown>' is not assignable to type '(Without<ContractRecordCreateInput, ContractRecordUncheckedCreateInput> & ContractRecordUncheckedCreateInput) | (Without<...> & ContractRecordCreateInput)'.
[typecheck]   src/generated/domain.ts(96,7): TS2353 Object literal may only specify known properties, and 'pendingDeletes' does not exist in type 'AnnotationsMap<this, never>'.
[typecheck]   src/generated/domain.ts(304,7): TS2353 Object literal may only specify known properties, and 'pendingDeletes' does not exist in type 'AnnotationsMap<this, never>'.
[typecheck]   src/generated/domain.ts(512,7): TS2353 Object literal may only specify known properties, and 'pendingDeletes' does not exist in type 'AnnotationsMap<this, never>'.
[typecheck]   src/generated/domain.ts(720,7): TS2353 Object literal may only specify known properties, and 'pendingDeletes' does not exist in type 'AnnotationsMap<this, never>'.
[typecheck]   src/generated/domain.ts(928,7): TS2353 Object literal may only specify known properties, and 'pendingDeletes' does not exist in type 'AnnotationsMap<this, never>'.
[typecheck]   src/generated/domain.ts(1136,7): TS2353 Object literal may only specify known properties, and 'pendingDeletes' does not exist in type 'AnnotationsMap<this, never>'.
[typecheck]   …and 14 more
[api-stdout] 🚀 Server running on http://localhost:3001
[stdout] build started...
[stdout] ✓ 1 modules transformed.
[stdout] dist/index.html                     0.43 kB │ gzip:   0.30 kB
dist/assets/index-DWDXIFBS.css     65.23 kB │ gzip:   9.85 kB
dist/assets/index-D7dnAA-k.js   2,785.58 kB │ gzip: 519.32 kB
[stdout] built in 5012ms.
[typecheck] ✗ tsc --noEmit found 24 type error(s) — these compile under Vite but will crash at runtime:
[typecheck]   src/generated/audit-entry.routes.ts(166,11): TS2322 Type 'any' is not assignable to type 'never'.
[typecheck]   src/generated/audit-entry.routes.ts(237,9): TS2322 Type 'Record<string, unknown>' is not assignable to type '(Without<AuditEntryCreateInput, AuditEntryUncheckedCreateInput> & AuditEntryUncheckedCreateInput) | (Without<...> & AuditEntryCreateInput)'.
[typecheck]   src/generated/contract-record.routes.ts(166,11): TS2322 Type 'any' is not assignable to type 'never'.
[typecheck]   src/generated/contract-record.routes.ts(237,9): TS2322 Type 'Record<string, unknown>' is not assignable to type '(Without<ContractRecordCreateInput, ContractRecordUncheckedCreateInput> & ContractRecordUncheckedCreateInput) | (Without<...> & ContractRecordCreateInput)'.
[typecheck]   src/generated/domain.ts(96,7): TS2353 Object literal may only specify known properties, and 'pendingDeletes' does not exist in type 'AnnotationsMap<this, never>'.
[typecheck]   src/generated/domain.ts(304,7): TS2353 Object literal may only specify known properties, and 'pendingDeletes' does not exist in type 'AnnotationsMap<this, never>'.
[typecheck]   src/generated/domain.ts(512,7): TS2353 Object literal may only specify known properties, and 'pendingDeletes' does not exist in type 'AnnotationsMap<this, never>'.
[typecheck]   src/generated/domain.ts(720,7): TS2353 Object literal may only specify known properties, and 'pendingDeletes' does not exist in type 'AnnotationsMap<this, never>'.
[typecheck]   src/generated/domain.ts(928,7): TS2353 Object literal may only specify known properties, and 'pendingDeletes' does not exist in type 'AnnotationsMap<this, never>'.
[typecheck]   src/generated/domain.ts(1136,7): TS2353 Object literal may only specify known properties, and 'pendingDeletes' does not exist in type 'AnnotationsMap<this, never>'.
[typecheck]   …and 14 more
[stdout] build started...
[stdout] ✓ 1 modules transformed.
[stdout] dist/index.html                     0.43 kB │ gzip:   0.30 kB
[stdout] dist/assets/index-DWDXIFBS.css     65.23 kB │ gzip:   9.85 kB
dist/assets/index-X20sbfuT.js   2,785.63 kB │ gzip: 519.33 kB
[stdout] built in 3498ms.
[typecheck] ✗ tsc --noEmit found 24 type error(s) — these compile under Vite but will crash at runtime:
[typecheck]   src/generated/audit-entry.routes.ts(166,11): TS2322 Type 'any' is not assignable to type 'never'.
[typecheck]   src/generated/audit-entry.routes.ts(237,9): TS2322 Type 'Record<string, unknown>' is not assignable to type '(Without<AuditEntryCreateInput, AuditEntryUncheckedCreateInput> & AuditEntryUncheckedCreateInput) | (Without<...> & AuditEntryCreateInput)'.
[typecheck]   src/generated/contract-record.routes.ts(166,11): TS2322 Type 'any' is not assignable to type 'never'.
[typecheck]   src/generated/contract-record.routes.ts(237,9): TS2322 Type 'Record<string, unknown>' is not assignable to type '(Without<ContractRecordCreateInput, ContractRecordUncheckedCreateInput> & ContractRecordUncheckedCreateInput) | (Without<...> & ContractRecordCreateInput)'.
[typecheck]   src/generated/domain.ts(96,7): TS2353 Object literal may only specify known properties, and 'pendingDeletes' does not exist in type 'AnnotationsMap<this, never>'.
[typecheck]   src/generated/domain.ts(304,7): TS2353 Object literal may only specify known properties, and 'pendingDeletes' does not exist in type 'AnnotationsMap<this, never>'.
[typecheck]   src/generated/domain.ts(512,7): TS2353 Object literal may only specify known properties, and 'pendingDeletes' does not exist in type 'AnnotationsMap<this, never>'.
[typecheck]   src/generated/domain.ts(720,7): TS2353 Object literal may only specify known properties, and 'pendingDeletes' does not exist in type 'AnnotationsMap<this, never>'.
[typecheck]   src/generated/domain.ts(928,7): TS2353 Object literal may only specify known properties, and 'pendingDeletes' does not exist in type 'AnnotationsMap<this, never>'.
[typecheck]   src/generated/domain.ts(1136,7): TS2353 Object literal may only specify known properties, and 'pendingDeletes' does not exist in type 'AnnotationsMap<this, never>'.
[typecheck]   …and 14 more
[stdout] build started...
[stdout] ✓ 2 modules transformed.
[stdout] dist/index.html                     0.43 kB │ gzip:   0.30 kB
dist/assets/index-DWDXIFBS.css     65.23 kB │ gzip:   9.85 kB
[stdout] dist/assets/index-D7dnAA-k.js   2,785.58 kB │ gzip: 519.32 kB
[stdout] built in 3788ms.
[typecheck] ✗ tsc --noEmit found 25 type error(s) — these compile under Vite but will crash at runtime:
[typecheck]   src/generated/audit-entry.routes.ts(166,11): TS2322 Type 'any' is not assignable to type 'never'.
[typecheck]   src/generated/audit-entry.routes.ts(237,9): TS2322 Type 'Record<string, unknown>' is not assignable to type '(Without<AuditEntryCreateInput, AuditEntryUncheckedCreateInput> & AuditEntryUncheckedCreateInput) | (Without<...> & AuditEntryCreateInput)'.
[typecheck]   src/generated/contract-record.routes.ts(166,11): TS2322 Type 'any' is not assignable to type 'never'.
[typecheck]   src/generated/contract-record.routes.ts(237,9): TS2322 Type 'Record<string, unknown>' is not assignable to type '(Without<ContractRecordCreateInput, ContractRecordUncheckedCreateInput> & ContractRecordUncheckedCreateInput) | (Without<...> & ContractRecordCreateInput)'.
[typecheck]   src/generated/domain.ts(96,7): TS2353 Object literal may only specify known properties, and 'pendingDeletes' does not exist in type 'AnnotationsMap<this, never>'.
[typecheck]   src/generated/domain.ts(304,7): TS2353 Object literal may only specify known properties, and 'pendingDeletes' does not exist in type 'AnnotationsMap<this, never>'.
[typecheck]   src/generated/domain.ts(512,7): TS2353 Object literal may only specify known properties, and 'pendingDeletes' does not exist in type 'AnnotationsMap<this, never>'.
[typecheck]   src/generated/domain.ts(720,7): TS2353 Object literal may only specify known properties, and 'pendingDeletes' does not exist in type 'AnnotationsMap<this, never>'.
[typecheck]   src/generated/domain.ts(928,7): TS2353 Object literal may only specify known properties, and 'pendingDeletes' does not exist in type 'AnnotationsMap<this, never>'.
[typecheck]   src/generated/domain.ts(1136,7): TS2353 Object literal may only specify known properties, and 'pendingDeletes' does not exist in type 'AnnotationsMap<this, never>'.
[typecheck]   …and 15 more
[stdout] build started...
[stdout] ✓ 2 modules transformed.
[stdout] dist/index.html                     0.43 kB │ gzip:   0.30 kB
dist/assets/index-DWDXIFBS.css     65.23 kB │ gzip:   9.85 kB
[stdout] dist/assets/index-C-BqQzKK.js   2,786.30 kB │ gzip: 519.49 kB
[stdout] built in 3744ms.
[typecheck] ✗ tsc --noEmit found 25 type error(s) — these compile under Vite but will crash at runtime:
[typecheck]   src/generated/audit-entry.routes.ts(166,11): TS2322 Type 'any' is not assignable to type 'never'.
[typecheck]   src/generated/audit-entry.routes.ts(237,9): TS2322 Type 'Record<string, unknown>' is not assignable to type '(Without<AuditEntryCreateInput, AuditEntryUncheckedCreateInput> & AuditEntryUncheckedCreateInput) | (Without<...> & AuditEntryCreateInput)'.
[typecheck]   src/generated/contract-record.routes.ts(166,11): TS2322 Type 'any' is not assignable to type 'never'.
[typecheck]   src/generated/contract-record.routes.ts(237,9): TS2322 Type 'Record<string, unknown>' is not assignable to type '(Without<ContractRecordCreateInput, ContractRecordUncheckedCreateInput> & ContractRecordUncheckedCreateInput) | (Without<...> & ContractRecordCreateInput)'.
[typecheck]   src/generated/domain.ts(96,7): TS2353 Object literal may only specify known properties, and 'pendingDeletes' does not exist in type 'AnnotationsMap<this, never>'.
[typecheck]   src/generated/domain.ts(304,7): TS2353 Object literal may only specify known properties, and 'pendingDeletes' does not exist in type 'AnnotationsMap<this, never>'.
[typecheck]   src/generated/domain.ts(512,7): TS2353 Object literal may only specify known properties, and 'pendingDeletes' does not exist in type 'AnnotationsMap<this, never>'.
[typecheck]   src/generated/domain.ts(720,7): TS2353 Object literal may only specify known properties, and 'pendingDeletes' does not exist in type 'AnnotationsMap<this, never>'.
[typecheck]   src/generated/domain.ts(928,7): TS2353 Object literal may only specify known properties, and 'pendingDeletes' does not exist in type 'AnnotationsMap<this, never>'.
[typecheck]   src/generated/domain.ts(1136,7): TS2353 Object literal may only specify known properties, and 'pendingDeletes' does not exist in type 'AnnotationsMap<this, never>'.
[typecheck]   …and 15 more
[stdout] build started...
[stdout] ✓ 2 modules transformed.
[stdout] dist/index.html                     0.43 kB │ gzip:   0.30 kB
dist/assets/index-DWDXIFBS.css     65.23 kB │ gzip:   9.85 kB
[stdout] dist/assets/index-Ds2_wIYz.js   2,786.81 kB │ gzip: 519.63 kB
[stdout] built in 3226ms.
[typecheck] ✗ tsc --noEmit found 25 type error(s) — these compile under Vite but will crash at runtime:
[typecheck]   src/generated/audit-entry.routes.ts(166,11): TS2322 Type 'any' is not assignable to type 'never'.
[typecheck]   src/generated/audit-entry.routes.ts(237,9): TS2322 Type 'Record<string, unknown>' is not assignable to type '(Without<AuditEntryCreateInput, AuditEntryUncheckedCreateInput> & AuditEntryUncheckedCreateInput) | (Without<...> & AuditEntryCreateInput)'.
[typecheck]   src/generated/contract-record.routes.ts(166,11): TS2322 Type 'any' is not assignable to type 'never'.
[typecheck]   src/generated/contract-record.routes.ts(237,9): TS2322 Type 'Record<string, unknown>' is not assignable to type '(Without<ContractRecordCreateInput, ContractRecordUncheckedCreateInput> & ContractRecordUncheckedCreateInput) | (Without<...> & ContractRecordCreateInput)'.
[typecheck]   src/generated/domain.ts(96,7): TS2353 Object literal may only specify known properties, and 'pendingDeletes' does not exist in type 'AnnotationsMap<this, never>'.
[typecheck]   src/generated/domain.ts(304,7): TS2353 Object literal may only specify known properties, and 'pendingDeletes' does not exist in type 'AnnotationsMap<this, never>'.
[typecheck]   src/generated/domain.ts(512,7): TS2353 Object literal may only specify known properties, and 'pendingDeletes' does not exist in type 'AnnotationsMap<this, never>'.
[typecheck]   src/generated/domain.ts(720,7): TS2353 Object literal may only specify known properties, and 'pendingDeletes' does not exist in type 'AnnotationsMap<this, never>'.
[typecheck]   src/generated/domain.ts(928,7): TS2353 Object literal may only specify known properties, and 'pendingDeletes' does not exist in type 'AnnotationsMap<this, never>'.
[typecheck]   src/generated/domain.ts(1136,7): TS2353 Object literal may only specify known properties, and 'pendingDeletes' does not exist in type 'AnnotationsMap<this, never>'.
[typecheck]   …and 15 more
[stdout] build started...
[stdout] ✓ 2 modules transformed.
[stdout] dist/index.html                     0.43 kB │ gzip:   0.30 kB
[stdout] dist/assets/index-DWDXIFBS.css     65.23 kB │ gzip:   9.85 kB
dist/assets/index-Bl5XObBm.js   2,790.16 kB │ gzip: 520.54 kB
[stdout] built in 3123ms.
[typecheck] ✗ tsc --noEmit found 25 type error(s) — these compile under Vite but will crash at runtime:
[typecheck]   src/generated/audit-entry.routes.ts(166,11): TS2322 Type 'any' is not assignable to type 'never'.
[typecheck]   src/generated/audit-entry.routes.ts(237,9): TS2322 Type 'Record<string, unknown>' is not assignable to type '(Without<AuditEntryCreateInput, AuditEntryUncheckedCreateInput> & AuditEntryUncheckedCreateInput) | (Without<...> & AuditEntryCreateInput)'.
[typecheck]   src/generated/contract-record.routes.ts(166,11): TS2322 Type 'any' is not assignable to type 'never'.
[typecheck]   src/generated/contract-record.routes.ts(237,9): TS2322 Type 'Record<string, unknown>' is not assignable to type '(Without<ContractRecordCreateInput, ContractRecordUncheckedCreateInput> & ContractRecordUncheckedCreateInput) | (Without<...> & ContractRecordCreateInput)'.
[typecheck]   src/generated/domain.ts(96,7): TS2353 Object literal may only specify known properties, and 'pendingDeletes' does not exist in type 'AnnotationsMap<this, never>'.
[typecheck]   src/generated/domain.ts(304,7): TS2353 Object literal may only specify known properties, and 'pendingDeletes' does not exist in type 'AnnotationsMap<this, never>'.
[typecheck]   src/generated/domain.ts(512,7): TS2353 Object literal may only specify known properties, and 'pendingDeletes' does not exist in type 'AnnotationsMap<this, never>'.
[typecheck]   src/generated/domain.ts(720,7): TS2353 Object literal may only specify known properties, and 'pendingDeletes' does not exist in type 'AnnotationsMap<this, never>'.
[typecheck]   src/generated/domain.ts(928,7): TS2353 Object literal may only specify known properties, and 'pendingDeletes' does not exist in type 'AnnotationsMap<this, never>'.
[typecheck]   src/generated/domain.ts(1136,7): TS2353 Object literal may only specify known properties, and 'pendingDeletes' does not exist in type 'AnnotationsMap<this, never>'.
[typecheck]   …and 15 more
[stdout] build started...
[stdout] ✓ 2 modules transformed.
[stdout] dist/index.html                     0.43 kB │ gzip:   0.30 kB
[stdout] dist/assets/index-DWDXIFBS.css     65.23 kB │ gzip:   9.85 kB
dist/assets/index-tULGXula.js   2,791.62 kB │ gzip: 520.89 kB
[stdout] built in 2997ms.
[typecheck] ✗ tsc --noEmit found 25 type error(s) — these compile under Vite but will crash at runtime:
[typecheck]   src/generated/audit-entry.routes.ts(166,11): TS2322 Type 'any' is not assignable to type 'never'.
[typecheck]   src/generated/audit-entry.routes.ts(237,9): TS2322 Type 'Record<string, unknown>' is not assignable to type '(Without<AuditEntryCreateInput, AuditEntryUncheckedCreateInput> & AuditEntryUncheckedCreateInput) | (Without<...> & AuditEntryCreateInput)'.
[typecheck]   src/generated/contract-record.routes.ts(166,11): TS2322 Type 'any' is not assignable to type 'never'.
[typecheck]   src/generated/contract-record.routes.ts(237,9): TS2322 Type 'Record<string, unknown>' is not assignable to type '(Without<ContractRecordCreateInput, ContractRecordUncheckedCreateInput> & ContractRecordUncheckedCreateInput) | (Without<...> & ContractRecordCreateInput)'.
[typecheck]   src/generated/domain.ts(96,7): TS2353 Object literal may only specify known properties, and 'pendingDeletes' does not exist in type 'AnnotationsMap<this, never>'.
[typecheck]   src/generated/domain.ts(304,7): TS2353 Object literal may only specify known properties, and 'pendingDeletes' does not exist in type 'AnnotationsMap<this, never>'.
[typecheck]   src/generated/domain.ts(512,7): TS2353 Object literal may only specify known properties, and 'pendingDeletes' does not exist in type 'AnnotationsMap<this, never>'.
[typecheck]   src/generated/domain.ts(720,7): TS2353 Object literal may only specify known properties, and 'pendingDeletes' does not exist in type 'AnnotationsMap<this, never>'.
[typecheck]   src/generated/domain.ts(928,7): TS2353 Object literal may only specify known properties, and 'pendingDeletes' does not exist in type 'AnnotationsMap<this, never>'.
[typecheck]   src/generated/domain.ts(1136,7): TS2353 Object literal may only specify known properties, and 'pendingDeletes' does not exist in type 'AnnotationsMap<this, never>'.
[typecheck]   …and 15 more
[stdout] build started...
[stdout] ✓ 1 modules transformed.
[stdout] dist/index.html                     0.43 kB │ gzip:   0.30 kB
[stdout] dist/assets/index-DWDXIFBS.css     65.23 kB │ gzip:   9.85 kB
dist/assets/index-8Wa2u-jW.js   2,791.67 kB │ gzip: 520.89 kB
[stdout] built in 2819ms.
[typecheck] ✗ tsc --noEmit found 25 type error(s) — these compile under Vite but will crash at runtime:
[typecheck]   src/generated/audit-entry.routes.ts(166,11): TS2322 Type 'any' is not assignable to type 'never'.
[typecheck]   src/generated/audit-entry.routes.ts(237,9): TS2322 Type 'Record<string, unknown>' is not assignable to type '(Without<AuditEntryCreateInput, AuditEntryUncheckedCreateInput> & AuditEntryUncheckedCreateInput) | (Without<...> & AuditEntryCreateInput)'.
[typecheck]   src/generated/contract-record.routes.ts(166,11): TS2322 Type 'any' is not assignable to type 'never'.
[typecheck]   src/generated/contract-record.routes.ts(237,9): TS2322 Type 'Record<string, unknown>' is not assignable to type '(Without<ContractRecordCreateInput, ContractRecordUncheckedCreateInput> & ContractRecordUncheckedCreateInput) | (Without<...> & ContractRecordCreateInput)'.
[typecheck]   src/generated/domain.ts(96,7): TS2353 Object literal may only specify known properties, and 'pendingDeletes' does not exist in type 'AnnotationsMap<this, never>'.
[typecheck]   src/generated/domain.ts(304,7): TS2353 Object literal may only specify known properties, and 'pendingDeletes' does not exist in type 'AnnotationsMap<this, never>'.
[typecheck]   src/generated/domain.ts(512,7): TS2353 Object literal may only specify known properties, and 'pendingDeletes' does not exist in type 'AnnotationsMap<this, never>'.
[typecheck]   src/generated/domain.ts(720,7): TS2353 Object literal may only specify known properties, and 'pendingDeletes' does not exist in type 'AnnotationsMap<this, never>'.
[typecheck]   src/generated/domain.ts(928,7): TS2353 Object literal may only specify known properties, and 'pendingDeletes' does not exist in type 'AnnotationsMap<this, never>'.
[typecheck]   src/generated/domain.ts(1136,7): TS2353 Object literal may only specify known properties, and 'pendingDeletes' does not exist in type 'AnnotationsMap<this, never>'.
[typecheck]   …and 15 more
[stdout] build started...
[stdout] ✓ 1 modules transformed.
[stdout] dist/index.html                     0.43 kB │ gzip:   0.30 kB
[stdout] dist/assets/index-DWDXIFBS.css     65.23 kB │ gzip:   9.85 kB
dist/assets/index-tULGXula.js   2,791.62 kB │ gzip: 520.89 kB
[stdout] built in 2917ms.
[typecheck] ✗ tsc --noEmit found 25 type error(s) — these compile under Vite but will crash at runtime:
[typecheck]   src/generated/audit-entry.routes.ts(166,11): TS2322 Type 'any' is not assignable to type 'never'.
[typecheck]   src/generated/audit-entry.routes.ts(237,9): TS2322 Type 'Record<string, unknown>' is not assignable to type '(Without<AuditEntryCreateInput, AuditEntryUncheckedCreateInput> & AuditEntryUncheckedCreateInput) | (Without<...> & AuditEntryCreateInput)'.
[typecheck]   src/generated/contract-record.routes.ts(166,11): TS2322 Type 'any' is not assignable to type 'never'.
[typecheck]   src/generated/contract-record.routes.ts(237,9): TS2322 Type 'Record<string, unknown>' is not assignable to type '(Without<ContractRecordCreateInput, ContractRecordUncheckedCreateInput> & ContractRecordUncheckedCreateInput) | (Without<...> & ContractRecordCreateInput)'.
[typecheck]   src/generated/domain.ts(96,7): TS2353 Object literal may only specify known properties, and 'pendingDeletes' does not exist in type 'AnnotationsMap<this, never>'.
[typecheck]   src/generated/domain.ts(304,7): TS2353 Object literal may only specify known properties, and 'pendingDeletes' does not exist in type 'AnnotationsMap<this, never>'.
[typecheck]   src/generated/domain.ts(512,7): TS2353 Object literal may only specify known properties, and 'pendingDeletes' does not exist in type 'AnnotationsMap<this, never>'.
[typecheck]   src/generated/domain.ts(720,7): TS2353 Object literal may only specify known properties, and 'pendingDeletes' does not exist in type 'AnnotationsMap<this, never>'.
[typecheck]   src/generated/domain.ts(928,7): TS2353 Object literal may only specify known properties, and 'pendingDeletes' does not exist in type 'AnnotationsMap<this, never>'.
[typecheck]   src/generated/domain.ts(1136,7): TS2353 Object literal may only specify known properties, and 'pendingDeletes' does not exist in type 'AnnotationsMap<this, never>'.
[typecheck]   …and 15 more
[stdout] build started...
[stdout] ✓ 1 modules transformed.
[stdout] dist/index.html                     0.43 kB │ gzip:   0.30 kB
[stdout] dist/assets/index-B4hlW4Zp.css     65.29 kB │ gzip:   9.88 kB
dist/assets/index-DdkNMrJd.js   2,791.67 kB │ gzip: 520.89 kB
[stdout] built in 2842ms.
[typecheck] ✗ tsc --noEmit found 25 type error(s) — these compile under Vite but will crash at runtime:
[typecheck]   src/generated/audit-entry.routes.ts(166,11): TS2322 Type 'any' is not assignable to type 'never'.
[typecheck]   src/generated/audit-entry.routes.ts(237,9): TS2322 Type 'Record<string, unknown>' is not assignable to type '(Without<AuditEntryCreateInput, AuditEntryUncheckedCreateInput> & AuditEntryUncheckedCreateInput) | (Without<...> & AuditEntryCreateInput)'.
[typecheck]   src/generated/contract-record.routes.ts(166,11): TS2322 Type 'any' is not assignable to type 'never'.
[typecheck]   src/generated/contract-record.routes.ts(237,9): TS2322 Type 'Record<string, unknown>' is not assignable to type '(Without<ContractRecordCreateInput, ContractRecordUncheckedCreateInput> & ContractRecordUncheckedCreateInput) | (Without<...> & ContractRecordCreateInput)'.
[typecheck]   src/generated/domain.ts(96,7): TS2353 Object literal may only specify known properties, and 'pendingDeletes' does not exist in type 'AnnotationsMap<this, never>'.
[typecheck]   src/generated/domain.ts(304,7): TS2353 Object literal may only specify known properties, and 'pendingDeletes' does not exist in type 'AnnotationsMap<this, never>'.
[typecheck]   src/generated/domain.ts(512,7): TS2353 Object literal may only specify known properties, and 'pendingDeletes' does not exist in type 'AnnotationsMap<this, never>'.
[typecheck]   src/generated/domain.ts(720,7): TS2353 Object literal may only specify known properties, and 'pendingDeletes' does not exist in type 'AnnotationsMap<this, never>'.
[typecheck]   src/generated/domain.ts(928,7): TS2353 Object literal may only specify known properties, and 'pendingDeletes' does not exist in type 'AnnotationsMap<this, never>'.
[typecheck]   src/generated/domain.ts(1136,7): TS2353 Object literal may only specify known properties, and 'pendingDeletes' does not exist in type 'AnnotationsMap<this, never>'.
[typecheck]   …and 15 more
[stdout] build started...
[stdout] ✓ 1 modules transformed.
[stdout] dist/index.html                     0.43 kB │ gzip:   0.30 kB
[stdout] dist/assets/index-B4hlW4Zp.css     65.29 kB │ gzip:   9.88 kB
dist/assets/index-Xxx6DbRN.js   2,791.62 kB │ gzip: 520.89 kB
[stdout] built in 3056ms.
[typecheck] ✗ tsc --noEmit found 25 type error(s) — these compile under Vite but will crash at runtime:
[typecheck]   src/generated/audit-entry.routes.ts(166,11): TS2322 Type 'any' is not assignable to type 'never'.
[typecheck]   src/generated/audit-entry.routes.ts(237,9): TS2322 Type 'Record<string, unknown>' is not assignable to type '(Without<AuditEntryCreateInput, AuditEntryUncheckedCreateInput> & AuditEntryUncheckedCreateInput) | (Without<...> & AuditEntryCreateInput)'.
[typecheck]   src/generated/contract-record.routes.ts(166,11): TS2322 Type 'any' is not assignable to type 'never'.
[typecheck]   src/generated/contract-record.routes.ts(237,9): TS2322 Type 'Record<string, unknown>' is not assignable to type '(Without<ContractRecordCreateInput, ContractRecordUncheckedCreateInput> & ContractRecordUncheckedCreateInput) | (Without<...> & ContractRecordCreateInput)'.
[typecheck]   src/generated/domain.ts(96,7): TS2353 Object literal may only specify known properties, and 'pendingDeletes' does not exist in type 'AnnotationsMap<this, never>'.
[typecheck]   src/generated/domain.ts(304,7): TS2353 Object literal may only specify known properties, and 'pendingDeletes' does not exist in type 'AnnotationsMap<this, never>'.
[typecheck]   src/generated/domain.ts(512,7): TS2353 Object literal may only specify known properties, and 'pendingDeletes' does not exist in type 'AnnotationsMap<this, never>'.
[typecheck]   src/generated/domain.ts(720,7): TS2353 Object literal may only specify known properties, and 'pendingDeletes' does not exist in type 'AnnotationsMap<this, never>'.
[typecheck]   src/generated/domain.ts(928,7): TS2353 Object literal may only specify known properties, and 'pendingDeletes' does not exist in type 'AnnotationsMap<this, never>'.
[typecheck]   src/generated/domain.ts(1136,7): TS2353 Object literal may only specify known properties, and 'pendingDeletes' does not exist in type 'AnnotationsMap<this, never>'.
[typecheck]   …and 15 more
[stdout] build started...
[stdout] ✓ 1 modules transformed.
[stdout] dist/index.html                     0.43 kB │ gzip:   0.30 kB
[stdout] dist/assets/index-B4hlW4Zp.css     65.29 kB │ gzip:   9.88 kB
dist/assets/index-DdkNMrJd.js   2,791.67 kB │ gzip: 520.89 kB
[stdout] built in 2911ms.
[typecheck] ✗ tsc --noEmit found 25 type error(s) — these compile under Vite but will crash at runtime:
[typecheck]   src/generated/audit-entry.routes.ts(166,11): TS2322 Type 'any' is not assignable to type 'never'.
[typecheck]   src/generated/audit-entry.routes.ts(237,9): TS2322 Type 'Record<string, unknown>' is not assignable to type '(Without<AuditEntryCreateInput, AuditEntryUncheckedCreateInput> & AuditEntryUncheckedCreateInput) | (Without<...> & AuditEntryCreateInput)'.
[typecheck]   src/generated/contract-record.routes.ts(166,11): TS2322 Type 'any' is not assignable to type 'never'.
[typecheck]   src/generated/contract-record.routes.ts(237,9): TS2322 Type 'Record<string, unknown>' is not assignable to type '(Without<ContractRecordCreateInput, ContractRecordUncheckedCreateInput> & ContractRecordUncheckedCreateInput) | (Without<...> & ContractRecordCreateInput)'.
[typecheck]   src/generated/domain.ts(96,7): TS2353 Object literal may only specify known properties, and 'pendingDeletes' does not exist in type 'AnnotationsMap<this, never>'.
[typecheck]   src/generated/domain.ts(304,7): TS2353 Object literal may only specify known properties, and 'pendingDeletes' does not exist in type 'AnnotationsMap<this, never>'.
[typecheck]   src/generated/domain.ts(512,7): TS2353 Object literal may only specify known properties, and 'pendingDeletes' does not exist in type 'AnnotationsMap<this, never>'.
[typecheck]   src/generated/domain.ts(720,7): TS2353 Object literal may only specify known properties, and 'pendingDeletes' does not exist in type 'AnnotationsMap<this, never>'.
[typecheck]   src/generated/domain.ts(928,7): TS2353 Object literal may only specify known properties, and 'pendingDeletes' does not exist in type 'AnnotationsMap<this, never>'.
[typecheck]   src/generated/domain.ts(1136,7): TS2353 Object literal may only specify known properties, and 'pendingDeletes' does not exist in type 'AnnotationsMap<this, never>'.
[typecheck]   …and 15 more
[stdout] build started...
[api-stdout] 🚀 Server running on http://localhost:3001
[stdout] ✓ 1 modules transformed.
[stdout] dist/index.html                     0.43 kB │ gzip:   0.30 kB
[stdout] dist/assets/index-B4hlW4Zp.css     65.29 kB │ gzip:   9.88 kB
dist/assets/index-Xxx6DbRN.js   2,791.62 kB │ gzip: 520.89 kB
[stdout] built in 2814ms.
[typecheck] ✗ tsc --noEmit found 25 type error(s) — these compile under Vite but will crash at runtime:
[typecheck]   src/generated/audit-entry.routes.ts(166,11): TS2322 Type 'any' is not assignable to type 'never'.
[typecheck]   src/generated/audit-entry.routes.ts(237,9): TS2322 Type 'Record<string, unknown>' is not assignable to type '(Without<AuditEntryCreateInput, AuditEntryUncheckedCreateInput> & AuditEntryUncheckedCreateInput) | (Without<...> & AuditEntryCreateInput)'.
[typecheck]   src/generated/contract-record.routes.ts(166,11): TS2322 Type 'any' is not assignable to type 'never'.
[typecheck]   src/generated/contract-record.routes.ts(237,9): TS2322 Type 'Record<string, unknown>' is not assignable to type '(Without<ContractRecordCreateInput, ContractRecordUncheckedCreateInput> & ContractRecordUncheckedCreateInput) | (Without<...> & ContractRecordCreateInput)'.
[typecheck]   src/generated/domain.ts(96,7): TS2353 Object literal may only specify known properties, and 'pendingDeletes' does not exist in type 'AnnotationsMap<this, never>'.
[typecheck]   src/generated/domain.ts(304,7): TS2353 Object literal may only specify known properties, and 'pendingDeletes' does not exist in type 'AnnotationsMap<this, never>'.
[typecheck]   src/generated/domain.ts(512,7): TS2353 Object literal may only specify known properties, and 'pendingDeletes' does not exist in type 'AnnotationsMap<this, never>'.
[typecheck]   src/generated/domain.ts(720,7): TS2353 Object literal may only specify known properties, and 'pendingDeletes' does not exist in type 'AnnotationsMap<this, never>'.
[typecheck]   src/generated/domain.ts(928,7): TS2353 Object literal may only specify known properties, and 'pendingDeletes' does not exist in type 'AnnotationsMap<this, never>'.
[typecheck]   src/generated/domain.ts(1136,7): TS2353 Object literal may only specify known properties, and 'pendingDeletes' does not exist in type 'AnnotationsMap<this, never>'.
[typecheck]   …and 15 more
[stdout] build started...
[api-stdout] 🚀 Server running on http://localhost:3001
[stdout] ✓ 1 modules transformed.
[stdout] dist/index.html                     0.43 kB │ gzip:   0.30 kB
[stdout] dist/assets/index-B4hlW4Zp.css     65.29 kB │ gzip:   9.88 kB
dist/assets/index-DdkNMrJd.js   2,791.67 kB │ gzip: 520.89 kB
[stdout] built in 3448ms.
[typecheck] ✗ tsc --noEmit found 25 type error(s) — these compile under Vite but will crash at runtime:
[typecheck]   src/generated/audit-entry.routes.ts(166,11): TS2322 Type 'any' is not assignable to type 'never'.
[typecheck]   src/generated/audit-entry.routes.ts(237,9): TS2322 Type 'Record<string, unknown>' is not assignable to type '(Without<AuditEntryCreateInput, AuditEntryUncheckedCreateInput> & AuditEntryUncheckedCreateInput) | (Without<...> & AuditEntryCreateInput)'.
[typecheck]   src/generated/contract-record.routes.ts(166,11): TS2322 Type 'any' is not assignable to type 'never'.
[typecheck]   src/generated/contract-record.routes.ts(237,9): TS2322 Type 'Record<string, unknown>' is not assignable to type '(Without<ContractRecordCreateInput, ContractRecordUncheckedCreateInput> & ContractRecordUncheckedCreateInput) | (Without<...> & ContractRecordCreateInput)'.
[typecheck]   src/generated/domain.ts(96,7): TS2353 Object literal may only specify known properties, and 'pendingDeletes' does not exist in type 'AnnotationsMap<this, never>'.
[typecheck]   src/generated/domain.ts(304,7): TS2353 Object literal may only specify known properties, and 'pendingDeletes' does not exist in type 'AnnotationsMap<this, never>'.
[typecheck]   src/generated/domain.ts(512,7): TS2353 Object literal may only specify known properties, and 'pendingDeletes' does not exist in type 'AnnotationsMap<this, never>'.
[typecheck]   src/generated/domain.ts(720,7): TS2353 Object literal may only specify known properties, and 'pendingDeletes' does not exist in type 'AnnotationsMap<this, never>'.
[typecheck]   src/generated/domain.ts(928,7): TS2353 Object literal may only specify known properties, and 'pendingDeletes' does not exist in type 'AnnotationsMap<this, never>'.
[typecheck]   src/generated/domain.ts(1136,7): TS2353 Object literal may only specify known properties, and 'pendingDeletes' does not exist in type 'AnnotationsMap<this, never>'.
[typecheck]   …and 15 more
[stdout] build started...
[stdout] ✓ 1 modules transformed.
[stdout] dist/index.html                     0.43 kB │ gzip:   0.30 kB
[stdout] dist/assets/index-B4hlW4Zp.css     65.29 kB │ gzip:   9.88 kB
dist/assets/index-Xxx6DbRN.js   2,791.62 kB │ gzip: 520.89 kB
[stdout] built in 3181ms.
[typecheck] ✗ tsc --noEmit found 24 type error(s) — these compile under Vite but will crash at runtime:
[typecheck]   src/generated/audit-entry.routes.ts(166,11): TS2322 Type 'any' is not assignable to type 'never'.
[typecheck]   src/generated/audit-entry.routes.ts(237,9): TS2322 Type 'Record<string, unknown>' is not assignable to type '(Without<AuditEntryCreateInput, AuditEntryUncheckedCreateInput> & AuditEntryUncheckedCreateInput) | (Without<...> & AuditEntryCreateInput)'.
[typecheck]   src/generated/contract-record.routes.ts(166,11): TS2322 Type 'any' is not assignable to type 'never'.
[typecheck]   src/generated/contract-record.routes.ts(237,9): TS2322 Type 'Record<string, unknown>' is not assignable to type '(Without<ContractRecordCreateInput, ContractRecordUncheckedCreateInput> & ContractRecordUncheckedCreateInput) | (Without<...> & ContractRecordCreateInput)'.
[typecheck]   src/generated/domain.ts(96,7): TS2353 Object literal may only specify known properties, and 'pendingDeletes' does not exist in type 'AnnotationsMap<this, never>'.
[typecheck]   src/generated/domain.ts(304,7): TS2353 Object literal may only specify known properties, and 'pendingDeletes' does not exist in type 'AnnotationsMap<this, never>'.
[typecheck]   src/generated/domain.ts(512,7): TS2353 Object literal may only specify known properties, and 'pendingDeletes' does not exist in type 'AnnotationsMap<this, never>'.
[typecheck]   src/generated/domain.ts(720,7): TS2353 Object literal may only specify known properties, and 'pendingDeletes' does not exist in type 'AnnotationsMap<this, never>'.
[typecheck]   src/generated/domain.ts(928,7): TS2353 Object literal may only specify known properties, and 'pendingDeletes' does not exist in type 'AnnotationsMap<this, never>'.
[typecheck]   src/generated/domain.ts(1136,7): TS2353 Object literal may only specify known properties, and 'pendingDeletes' does not exist in type 'AnnotationsMap<this, never>'.
[typecheck]   …and 14 more
[stdout] build started...
[stdout] ✓ 1 modules transformed.
[stdout] dist/index.html                     0.43 kB │ gzip:   0.30 kB
[stdout] dist/assets/index-B4hlW4Zp.css     65.29 kB │ gzip:   9.88 kB
dist/assets/index-DdkNMrJd.js   2,791.67 kB │ gzip: 520.89 kB
[stdout] built in 3012ms.
[stdout] build started...
[typecheck] ✗ tsc --noEmit found 24 type error(s) — these compile under Vite but will crash at runtime:
[typecheck]   src/generated/audit-entry.routes.ts(166,11): TS2322 Type 'any' is not assignable to type 'never'.
[typecheck]   src/generated/audit-entry.routes.ts(237,9): TS2322 Type 'Record<string, unknown>' is not assignable to type '(Without<AuditEntryCreateInput, AuditEntryUncheckedCreateInput> & AuditEntryUncheckedCreateInput) | (Without<...> & AuditEntryCreateInput)'.
[typecheck]   src/generated/contract-record.routes.ts(166,11): TS2322 Type 'any' is not assignable to type 'never'.
[typecheck]   src/generated/contract-record.routes.ts(237,9): TS2322 Type 'Record<string, unknown>' is not assignable to type '(Without<ContractRecordCreateInput, ContractRecordUncheckedCreateInput> & ContractRecordUncheckedCreateInput) | (Without<...> & ContractRecordCreateInput)'.
[typecheck]   src/generated/domain.ts(96,7): TS2353 Object literal may only specify known properties, and 'pendingDeletes' does not exist in type 'AnnotationsMap<this, never>'.
[typecheck]   src/generated/domain.ts(304,7): TS2353 Object literal may only specify known properties, and 'pendingDeletes' does not exist in type 'AnnotationsMap<this, never>'.
[typecheck]   src/generated/domain.ts(512,7): TS2353 Object literal may only specify known properties, and 'pendingDeletes' does not exist in type 'AnnotationsMap<this, never>'.
[typecheck]   src/generated/domain.ts(720,7): TS2353 Object literal may only specify known properties, and 'pendingDeletes' does not exist in type 'AnnotationsMap<this, never>'.
[typecheck]   src/generated/domain.ts(928,7): TS2353 Object literal may only specify known properties, and 'pendingDeletes' does not exist in type 'AnnotationsMap<this, never>'.
[typecheck]   src/generated/domain.ts(1136,7): TS2353 Object literal may only specify known properties, and 'pendingDeletes' does not exist in type 'AnnotationsMap<this, never>'.
[typecheck]   …and 14 more
[stdout] ✓ 1 modules transformed.
[stdout] dist/index.html                     0.43 kB │ gzip:   0.30 kB
[stdout] dist/assets/index-B4hlW4Zp.css     65.29 kB │ gzip:   9.88 kB
[stdout] dist/assets/index-Xxx6DbRN.js   2,791.62 kB │ gzip: 520.89 kB
[stdout] built in 3676ms.
[stdout] build started...
[typecheck] ✗ tsc --noEmit found 24 type error(s) — these compile under Vite but will crash at runtime:
[typecheck]   src/generated/audit-entry.routes.ts(166,11): TS2322 Type 'any' is not assignable to type 'never'.
[typecheck]   src/generated/audit-entry.routes.ts(237,9): TS2322 Type 'Record<string, unknown>' is not assignable to type '(Without<AuditEntryCreateInput, AuditEntryUncheckedCreateInput> & AuditEntryUncheckedCreateInput) | (Without<...> & AuditEntryCreateInput)'.
[typecheck]   src/generated/contract-record.routes.ts(166,11): TS2322 Type 'any' is not assignable to type 'never'.
[typecheck]   src/generated/contract-record.routes.ts(237,9): TS2322 Type 'Record<string, unknown>' is not assignable to type '(Without<ContractRecordCreateInput, ContractRecordUncheckedCreateInput> & ContractRecordUncheckedCreateInput) | (Without<...> & ContractRecordCreateInput)'.
[typecheck]   src/generated/domain.ts(96,7): TS2353 Object literal may only specify known properties, and 'pendingDeletes' does not exist in type 'AnnotationsMap<this, never>'.
[typecheck]   src/generated/domain.ts(304,7): TS2353 Object literal may only specify known properties, and 'pendingDeletes' does not exist in type 'AnnotationsMap<this, never>'.
[typecheck]   src/generated/domain.ts(512,7): TS2353 Object literal may only specify known properties, and 'pendingDeletes' does not exist in type 'AnnotationsMap<this, never>'.
[typecheck]   src/generated/domain.ts(720,7): TS2353 Object literal may only specify known properties, and 'pendingDeletes' does not exist in type 'AnnotationsMap<this, never>'.
[typecheck]   src/generated/domain.ts(928,7): TS2353 Object literal may only specify known properties, and 'pendingDeletes' does not exist in type 'AnnotationsMap<this, never>'.
[typecheck]   src/generated/domain.ts(1136,7): TS2353 Object literal may only specify known properties, and 'pendingDeletes' does not exist in type 'AnnotationsMap<this, never>'.
[typecheck]   …and 14 more
[stdout] ✓ 1 modules transformed.
[stdout] dist/index.html                     0.43 kB │ gzip:   0.30 kB
dist/assets/index-B4hlW4Zp.css     65.29 kB │ gzip:   9.88 kB
[stdout] dist/assets/index-DdkNMrJd.js   2,791.67 kB │ gzip: 520.89 kB
[stdout] built in 4082ms.
[typecheck] ✗ tsc --noEmit found 24 type error(s) — these compile under Vite but will crash at runtime:
[typecheck]   src/generated/audit-entry.routes.ts(166,11): TS2322 Type 'any' is not assignable to type 'never'.
[typecheck]   src/generated/audit-entry.routes.ts(237,9): TS2322 Type 'Record<string, unknown>' is not assignable to type '(Without<AuditEntryCreateInput, AuditEntryUncheckedCreateInput> & AuditEntryUncheckedCreateInput) | (Without<...> & AuditEntryCreateInput)'.
[typecheck]   src/generated/contract-record.routes.ts(166,11): TS2322 Type 'any' is not assignable to type 'never'.
[typecheck]   src/generated/contract-record.routes.ts(237,9): TS2322 Type 'Record<string, unknown>' is not assignable to type '(Without<ContractRecordCreateInput, ContractRecordUncheckedCreateInput> & ContractRecordUncheckedCreateInput) | (Without<...> & ContractRecordCreateInput)'.
[typecheck]   src/generated/domain.ts(96,7): TS2353 Object literal may only specify known properties, and 'pendingDeletes' does not exist in type 'AnnotationsMap<this, never>'.
[typecheck]   src/generated/domain.ts(304,7): TS2353 Object literal may only specify known properties, and 'pendingDeletes' does not exist in type 'AnnotationsMap<this, never>'.
[typecheck]   src/generated/domain.ts(512,7): TS2353 Object literal may only specify known properties, and 'pendingDeletes' does not exist in type 'AnnotationsMap<this, never>'.
[typecheck]   src/generated/domain.ts(720,7): TS2353 Object literal may only specify known properties, and 'pendingDeletes' does not exist in type 'AnnotationsMap<this, never>'.
[typecheck]   src/generated/domain.ts(928,7): TS2353 Object literal may only specify known properties, and 'pendingDeletes' does not exist in type 'AnnotationsMap<this, never>'.
[typecheck]   src/generated/domain.ts(1136,7): TS2353 Object literal may only specify known properties, and 'pendingDeletes' does not exist in type 'AnnotationsMap<this, never>'.
[typecheck]   …and 14 more
[stdout] build started...
[stdout] ✓ 1 modules transformed.
[stdout] dist/index.html                     0.43 kB │ gzip:   0.30 kB
[stdout] dist/assets/index-B4hlW4Zp.css     65.29 kB │ gzip:   9.88 kB
dist/assets/index-Xxx6DbRN.js   2,791.62 kB │ gzip: 520.89 kB
[stdout] built in 2931ms.
[typecheck] ✗ tsc --noEmit found 24 type error(s) — these compile under Vite but will crash at runtime:
[typecheck]   src/generated/audit-entry.routes.ts(166,11): TS2322 Type 'any' is not assignable to type 'never'.
[typecheck]   src/generated/audit-entry.routes.ts(237,9): TS2322 Type 'Record<string, unknown>' is not assignable to type '(Without<AuditEntryCreateInput, AuditEntryUncheckedCreateInput> & AuditEntryUncheckedCreateInput) | (Without<...> & AuditEntryCreateInput)'.
[typecheck]   src/generated/contract-record.routes.ts(166,11): TS2322 Type 'any' is not assignable to type 'never'.
[typecheck]   src/generated/contract-record.routes.ts(237,9): TS2322 Type 'Record<string, unknown>' is not assignable to type '(Without<ContractRecordCreateInput, ContractRecordUncheckedCreateInput> & ContractRecordUncheckedCreateInput) | (Without<...> & ContractRecordCreateInput)'.
[typecheck]   src/generated/domain.ts(96,7): TS2353 Object literal may only specify known properties, and 'pendingDeletes' does not exist in type 'AnnotationsMap<this, never>'.
[typecheck]   src/generated/domain.ts(304,7): TS2353 Object literal may only specify known properties, and 'pendingDeletes' does not exist in type 'AnnotationsMap<this, never>'.
[typecheck]   src/generated/domain.ts(512,7): TS2353 Object literal may only specify known properties, and 'pendingDeletes' does not exist in type 'AnnotationsMap<this, never>'.
[typecheck]   src/generated/domain.ts(720,7): TS2353 Object literal may only specify known properties, and 'pendingDeletes' does not exist in type 'AnnotationsMap<this, never>'.
[typecheck]   src/generated/domain.ts(928,7): TS2353 Object literal may only specify known properties, and 'pendingDeletes' does not exist in type 'AnnotationsMap<this, never>'.
[typecheck]   src/generated/domain.ts(1136,7): TS2353 Object literal may only specify known properties, and 'pendingDeletes' does not exist in type 'AnnotationsMap<this, never>'.
[typecheck]   …and 14 more
[stdout] build started...
[stdout] ✓ 1 modules transformed.
[stdout] dist/index.html                     0.43 kB │ gzip:   0.30 kB
[stdout] dist/assets/index-B4hlW4Zp.css     65.29 kB │ gzip:   9.88 kB
dist/assets/index-DdkNMrJd.js   2,791.67 kB │ gzip: 520.89 kB
[stdout] built in 2806ms.
[typecheck] ✗ tsc --noEmit found 24 type error(s) — these compile under Vite but will crash at runtime:
[typecheck]   src/generated/audit-entry.routes.ts(166,11): TS2322 Type 'any' is not assignable to type 'never'.
[typecheck]   src/generated/audit-entry.routes.ts(237,9): TS2322 Type 'Record<string, unknown>' is not assignable to type '(Without<AuditEntryCreateInput, AuditEntryUncheckedCreateInput> & AuditEntryUncheckedCreateInput) | (Without<...> & AuditEntryCreateInput)'.
[typecheck]   src/generated/contract-record.routes.ts(166,11): TS2322 Type 'any' is not assignable to type 'never'.
[typecheck]   src/generated/contract-record.routes.ts(237,9): TS2322 Type 'Record<string, unknown>' is not assignable to type '(Without<ContractRecordCreateInput, ContractRecordUncheckedCreateInput> & ContractRecordUncheckedCreateInput) | (Without<...> & ContractRecordCreateInput)'.
[typecheck]   src/generated/domain.ts(96,7): TS2353 Object literal may only specify known properties, and 'pendingDeletes' does not exist in type 'AnnotationsMap<this, never>'.
[typecheck]   src/generated/domain.ts(304,7): TS2353 Object literal may only specify known properties, and 'pendingDeletes' does not exist in type 'AnnotationsMap<this, never>'.
[typecheck]   src/generated/domain.ts(512,7): TS2353 Object literal may only specify known properties, and 'pendingDeletes' does not exist in type 'AnnotationsMap<this, never>'.
[typecheck]   src/generated/domain.ts(720,7): TS2353 Object literal may only specify known properties, and 'pendingDeletes' does not exist in type 'AnnotationsMap<this, never>'.
[typecheck]   src/generated/domain.ts(928,7): TS2353 Object literal may only specify known properties, and 'pendingDeletes' does not exist in type 'AnnotationsMap<this, never>'.
[typecheck]   src/generated/domain.ts(1136,7): TS2353 Object literal may only specify known properties, and 'pendingDeletes' does not exist in type 'AnnotationsMap<this, never>'.
[typecheck]   …and 14 more
[api-stdout] 🚀 Server running on http://localhost:3001
[api-stdout] 🚀 Server running on http://localhost:3001
[stdout] build started...
[stdout] ✓ 1 modules transformed.
[stdout] dist/index.html                     0.43 kB │ gzip:   0.30 kB
[stdout] dist/assets/index-B4hlW4Zp.css     65.29 kB │ gzip:   9.88 kB
dist/assets/index-Xxx6DbRN.js   2,791.62 kB │ gzip: 520.89 kB
[stdout] built in 4940ms.
[typecheck] ✗ tsc --noEmit found 24 type error(s) — these compile under Vite but will crash at runtime:
[typecheck]   src/generated/audit-entry.routes.ts(166,11): TS2322 Type 'any' is not assignable to type 'never'.
[typecheck]   src/generated/audit-entry.routes.ts(237,9): TS2322 Type 'Record<string, unknown>' is not assignable to type '(Without<AuditEntryCreateInput, AuditEntryUncheckedCreateInput> & AuditEntryUncheckedCreateInput) | (Without<...> & AuditEntryCreateInput)'.
[typecheck]   src/generated/contract-record.routes.ts(166,11): TS2322 Type 'any' is not assignable to type 'never'.
[typecheck]   src/generated/contract-record.routes.ts(237,9): TS2322 Type 'Record<string, unknown>' is not assignable to type '(Without<ContractRecordCreateInput, ContractRecordUncheckedCreateInput> & ContractRecordUncheckedCreateInput) | (Without<...> & ContractRecordCreateInput)'.
[typecheck]   src/generated/domain.ts(96,7): TS2353 Object literal may only specify known properties, and 'pendingDeletes' does not exist in type 'AnnotationsMap<this, never>'.
[typecheck]   src/generated/domain.ts(304,7): TS2353 Object literal may only specify known properties, and 'pendingDeletes' does not exist in type 'AnnotationsMap<this, never>'.
[typecheck]   src/generated/domain.ts(512,7): TS2353 Object literal may only specify known properties, and 'pendingDeletes' does not exist in type 'AnnotationsMap<this, never>'.
[typecheck]   src/generated/domain.ts(720,7): TS2353 Object literal may only specify known properties, and 'pendingDeletes' does not exist in type 'AnnotationsMap<this, never>'.
[typecheck]   src/generated/domain.ts(928,7): TS2353 Object literal may only specify known properties, and 'pendingDeletes' does not exist in type 'AnnotationsMap<this, never>'.
[typecheck]   src/generated/domain.ts(1136,7): TS2353 Object literal may only specify known properties, and 'pendingDeletes' does not exist in type 'AnnotationsMap<this, never>'.
[typecheck]   …and 14 more
[stdout] build started...
[stdout] ✓ 1 modules transformed.
[stdout] dist/index.html                     0.43 kB │ gzip:   0.30 kB
[stdout] dist/assets/index-B4hlW4Zp.css     65.29 kB │ gzip:   9.88 kB
dist/assets/index-DdkNMrJd.js   2,791.67 kB │ gzip: 520.89 kB
[stdout] built in 3788ms.
[stdout] build started...
[typecheck] ✗ tsc --noEmit found 24 type error(s) — these compile under Vite but will crash at runtime:
[typecheck]   src/generated/audit-entry.routes.ts(166,11): TS2322 Type 'any' is not assignable to type 'never'.
[typecheck]   src/generated/audit-entry.routes.ts(237,9): TS2322 Type 'Record<string, unknown>' is not assignable to type '(Without<AuditEntryCreateInput, AuditEntryUncheckedCreateInput> & AuditEntryUncheckedCreateInput) | (Without<...> & AuditEntryCreateInput)'.
[typecheck]   src/generated/contract-record.routes.ts(166,11): TS2322 Type 'any' is not assignable to type 'never'.
[typecheck]   src/generated/contract-record.routes.ts(237,9): TS2322 Type 'Record<string, unknown>' is not assignable to type '(Without<ContractRecordCreateInput, ContractRecordUncheckedCreateInput> & ContractRecordUncheckedCreateInput) | (Without<...> & ContractRecordCreateInput)'.
[typecheck]   src/generated/domain.ts(96,7): TS2353 Object literal may only specify known properties, and 'pendingDeletes' does not exist in type 'AnnotationsMap<this, never>'.
[typecheck]   src/generated/domain.ts(304,7): TS2353 Object literal may only specify known properties, and 'pendingDeletes' does not exist in type 'AnnotationsMap<this, never>'.
[typecheck]   src/generated/domain.ts(512,7): TS2353 Object literal may only specify known properties, and 'pendingDeletes' does not exist in type 'AnnotationsMap<this, never>'.
[typecheck]   src/generated/domain.ts(720,7): TS2353 Object literal may only specify known properties, and 'pendingDeletes' does not exist in type 'AnnotationsMap<this, never>'.
[typecheck]   src/generated/domain.ts(928,7): TS2353 Object literal may only specify known properties, and 'pendingDeletes' does not exist in type 'AnnotationsMap<this, never>'.
[typecheck]   src/generated/domain.ts(1136,7): TS2353 Object literal may only specify known properties, and 'pendingDeletes' does not exist in type 'AnnotationsMap<this, never>'.
[typecheck]   …and 14 more
[stdout] ✓ 1 modules transformed.
[stdout] dist/index.html                     0.43 kB │ gzip:   0.30 kB
[stdout] dist/assets/index-B4hlW4Zp.css     65.29 kB │ gzip:   9.88 kB
[stdout] dist/assets/index-Xxx6DbRN.js   2,791.62 kB │ gzip: 520.89 kB
[stdout] built in 3885ms.
[typecheck] ✗ tsc --noEmit found 24 type error(s) — these compile under Vite but will crash at runtime:
[typecheck]   src/generated/audit-entry.routes.ts(166,11): TS2322 Type 'any' is not assignable to type 'never'.
[typecheck]   src/generated/audit-entry.routes.ts(237,9): TS2322 Type 'Record<string, unknown>' is not assignable to type '(Without<AuditEntryCreateInput, AuditEntryUncheckedCreateInput> & AuditEntryUncheckedCreateInput) | (Without<...> & AuditEntryCreateInput)'.
[typecheck]   src/generated/contract-record.routes.ts(166,11): TS2322 Type 'any' is not assignable to type 'never'.
[typecheck]   src/generated/contract-record.routes.ts(237,9): TS2322 Type 'Record<string, unknown>' is not assignable to type '(Without<ContractRecordCreateInput, ContractRecordUncheckedCreateInput> & ContractRecordUncheckedCreateInput) | (Without<...> & ContractRecordCreateInput)'.
[typecheck]   src/generated/domain.ts(96,7): TS2353 Object literal may only specify known properties, and 'pendingDeletes' does not exist in type 'AnnotationsMap<this, never>'.
[typecheck]   src/generated/domain.ts(304,7): TS2353 Object literal may only specify known properties, and 'pendingDeletes' does not exist in type 'AnnotationsMap<this, never>'.
[typecheck]   src/generated/domain.ts(512,7): TS2353 Object literal may only specify known properties, and 'pendingDeletes' does not exist in type 'AnnotationsMap<this, never>'.
[typecheck]   src/generated/domain.ts(720,7): TS2353 Object literal may only specify known properties, and 'pendingDeletes' does not exist in type 'AnnotationsMap<this, never>'.
[typecheck]   src/generated/domain.ts(928,7): TS2353 Object literal may only specify known properties, and 'pendingDeletes' does not exist in type 'AnnotationsMap<this, never>'.
[typecheck]   src/generated/domain.ts(1136,7): TS2353 Object literal may only specify known properties, and 'pendingDeletes' does not exist in type 'AnnotationsMap<this, never>'.
[typecheck]   …and 14 more
[stdout] build started...
[stdout] ✓ 1 modules transformed.
[stdout] dist/index.html                     0.43 kB │ gzip:   0.30 kB
[stdout] dist/assets/index-B4hlW4Zp.css     65.29 kB │ gzip:   9.88 kB
dist/assets/index-DdkNMrJd.js   2,791.67 kB │ gzip: 520.89 kB
[stdout] built in 3323ms.
[typecheck] ✗ tsc --noEmit found 24 type error(s) — these compile under Vite but will crash at runtime:
[typecheck]   src/generated/audit-entry.routes.ts(166,11): TS2322 Type 'any' is not assignable to type 'never'.
[typecheck]   src/generated/audit-entry.routes.ts(237,9): TS2322 Type 'Record<string, unknown>' is not assignable to type '(Without<AuditEntryCreateInput, AuditEntryUncheckedCreateInput> & AuditEntryUncheckedCreateInput) | (Without<...> & AuditEntryCreateInput)'.
[typecheck]   src/generated/contract-record.routes.ts(166,11): TS2322 Type 'any' is not assignable to type 'never'.
[typecheck]   src/generated/contract-record.routes.ts(237,9): TS2322 Type 'Record<string, unknown>' is not assignable to type '(Without<ContractRecordCreateInput, ContractRecordUncheckedCreateInput> & ContractRecordUncheckedCreateInput) | (Without<...> & ContractRecordCreateInput)'.
[typecheck]   src/generated/domain.ts(96,7): TS2353 Object literal may only specify known properties, and 'pendingDeletes' does not exist in type 'AnnotationsMap<this, never>'.
[typecheck]   src/generated/domain.ts(304,7): TS2353 Object literal may only specify known properties, and 'pendingDeletes' does not exist in type 'AnnotationsMap<this, never>'.
[typecheck]   src/generated/domain.ts(512,7): TS2353 Object literal may only specify known properties, and 'pendingDeletes' does not exist in type 'AnnotationsMap<this, never>'.
[typecheck]   src/generated/domain.ts(720,7): TS2353 Object literal may only specify known properties, and 'pendingDeletes' does not exist in type 'AnnotationsMap<this, never>'.
[typecheck]   src/generated/domain.ts(928,7): TS2353 Object literal may only specify known properties, and 'pendingDeletes' does not exist in type 'AnnotationsMap<this, never>'.
[typecheck]   src/generated/domain.ts(1136,7): TS2353 Object literal may only specify known properties, and 'pendingDeletes' does not exist in type 'AnnotationsMap<this, never>'.
[typecheck]   …and 14 more
[stdout] build started...
[stdout] ✓ 1 modules transformed.
[stdout] dist/index.html                     0.43 kB │ gzip:   0.30 kB
[stdout] dist/assets/index-B4hlW4Zp.css     65.29 kB │ gzip:   9.88 kB
dist/assets/index-Xxx6DbRN.js   2,791.62 kB │ gzip: 520.89 kB
[stdout] built in 3383ms.
[stdout] build started...
[stdout] ✓ 0 modules transformed.
[stdout] dist/index.html                     0.43 kB │ gzip:   0.30 kB
[stdout] dist/assets/index-B4hlW4Zp.css     65.29 kB │ gzip:   9.88 kB
[stdout] dist/assets/index-DdkNMrJd.js   2,791.67 kB │ gzip: 520.89 kB
[stdout] built in 5036ms.
[typecheck] ✗ tsc --noEmit found 24 type error(s) — these compile under Vite but will crash at runtime:
[typecheck]   src/generated/audit-entry.routes.ts(166,11): TS2322 Type 'any' is not assignable to type 'never'.
[typecheck]   src/generated/audit-entry.routes.ts(237,9): TS2322 Type 'Record<string, unknown>' is not assignable to type '(Without<AuditEntryCreateInput, AuditEntryUncheckedCreateInput> & AuditEntryUncheckedCreateInput) | (Without<...> & AuditEntryCreateInput)'.
[typecheck]   src/generated/contract-record.routes.ts(166,11): TS2322 Type 'any' is not assignable to type 'never'.
[typecheck]   src/generated/contract-record.routes.ts(237,9): TS2322 Type 'Record<string, unknown>' is not assignable to type '(Without<ContractRecordCreateInput, ContractRecordUncheckedCreateInput> & ContractRecordUncheckedCreateInput) | (Without<...> & ContractRecordCreateInput)'.
[typecheck]   src/generated/domain.ts(96,7): TS2353 Object literal may only specify known properties, and 'pendingDeletes' does not exist in type 'AnnotationsMap<this, never>'.
[typecheck]   src/generated/domain.ts(304,7): TS2353 Object literal may only specify known properties, and 'pendingDeletes' does not exist in type 'AnnotationsMap<this, never>'.
[typecheck]   src/generated/domain.ts(512,7): TS2353 Object literal may only specify known properties, and 'pendingDeletes' does not exist in type 'AnnotationsMap<this, never>'.
[typecheck]   src/generated/domain.ts(720,7): TS2353 Object literal may only specify known properties, and 'pendingDeletes' does not exist in type 'AnnotationsMap<this, never>'.
[typecheck]   src/generated/domain.ts(928,7): TS2353 Object literal may only specify known properties, and 'pendingDeletes' does not exist in type 'AnnotationsMap<this, never>'.
[typecheck]   src/generated/domain.ts(1136,7): TS2353 Object literal may only specify known properties, and 'pendingDeletes' does not exist in type 'AnnotationsMap<this, never>'.
[typecheck]   …and 14 more
[typecheck] ✗ tsc --noEmit found 24 type error(s) — these compile under Vite but will crash at runtime:
[typecheck]   src/generated/audit-entry.routes.ts(166,11): TS2322 Type 'any' is not assignable to type 'never'.
[typecheck]   src/generated/audit-entry.routes.ts(237,9): TS2322 Type 'Record<string, unknown>' is not assignable to type '(Without<AuditEntryCreateInput, AuditEntryUncheckedCreateInput> & AuditEntryUncheckedCreateInput) | (Without<...> & AuditEntryCreateInput)'.
[typecheck]   src/generated/contract-record.routes.ts(166,11): TS2322 Type 'any' is not assignable to type 'never'.
[typecheck]   src/generated/contract-record.routes.ts(237,9): TS2322 Type 'Record<string, unknown>' is not assignable to type '(Without<ContractRecordCreateInput, ContractRecordUncheckedCreateInput> & ContractRecordUncheckedCreateInput) | (Without<...> & ContractRecordCreateInput)'.
[typecheck]   src/generated/domain.ts(96,7): TS2353 Object literal may only specify known properties, and 'pendingDeletes' does not exist in type 'AnnotationsMap<this, never>'.
[typecheck]   src/generated/domain.ts(304,7): TS2353 Object literal may only specify known properties, and 'pendingDeletes' does not exist in type 'AnnotationsMap<this, never>'.
[typecheck]   src/generated/domain.ts(512,7): TS2353 Object literal may only specify known properties, and 'pendingDeletes' does not exist in type 'AnnotationsMap<this, never>'.
[typecheck]   src/generated/domain.ts(720,7): TS2353 Object literal may only specify known properties, and 'pendingDeletes' does not exist in type 'AnnotationsMap<this, never>'.
[typecheck]   src/generated/domain.ts(928,7): TS2353 Object literal may only specify known properties, and 'pendingDeletes' does not exist in type 'AnnotationsMap<this, never>'.
[typecheck]   src/generated/domain.ts(1136,7): TS2353 Object literal may only specify known properties, and 'pendingDeletes' does not exist in type 'AnnotationsMap<this, never>'.
[typecheck]   …and 14 more
[stdout] build started...
[stdout] ✓ 1 modules transformed.
[stdout] dist/index.html                     0.43 kB │ gzip:   0.30 kB
dist/assets/index-B4hlW4Zp.css     65.29 kB │ gzip:   9.88 kB
[stdout] dist/assets/index-Xxx6DbRN.js   2,791.62 kB │ gzip: 520.89 kB
[stdout] built in 3316ms.
[typecheck] ✗ tsc --noEmit found 24 type error(s) — these compile under Vite but will crash at runtime:
[typecheck]   src/generated/audit-entry.routes.ts(166,11): TS2322 Type 'any' is not assignable to type 'never'.
[typecheck]   src/generated/audit-entry.routes.ts(237,9): TS2322 Type 'Record<string, unknown>' is not assignable to type '(Without<AuditEntryCreateInput, AuditEntryUncheckedCreateInput> & AuditEntryUncheckedCreateInput) | (Without<...> & AuditEntryCreateInput)'.
[typecheck]   src/generated/contract-record.routes.ts(166,11): TS2322 Type 'any' is not assignable to type 'never'.
[typecheck]   src/generated/contract-record.routes.ts(237,9): TS2322 Type 'Record<string, unknown>' is not assignable to type '(Without<ContractRecordCreateInput, ContractRecordUncheckedCreateInput> & ContractRecordUncheckedCreateInput) | (Without<...> & ContractRecordCreateInput)'.
[typecheck]   src/generated/domain.ts(96,7): TS2353 Object literal may only specify known properties, and 'pendingDeletes' does not exist in type 'AnnotationsMap<this, never>'.
[typecheck]   src/generated/domain.ts(304,7): TS2353 Object literal may only specify known properties, and 'pendingDeletes' does not exist in type 'AnnotationsMap<this, never>'.
[typecheck]   src/generated/domain.ts(512,7): TS2353 Object literal may only specify known properties, and 'pendingDeletes' does not exist in type 'AnnotationsMap<this, never>'.
[typecheck]   src/generated/domain.ts(720,7): TS2353 Object literal may only specify known properties, and 'pendingDeletes' does not exist in type 'AnnotationsMap<this, never>'.
[typecheck]   src/generated/domain.ts(928,7): TS2353 Object literal may only specify known properties, and 'pendingDeletes' does not exist in type 'AnnotationsMap<this, never>'.
[typecheck]   src/generated/domain.ts(1136,7): TS2353 Object literal may only specify known properties, and 'pendingDeletes' does not exist in type 'AnnotationsMap<this, never>'.
[typecheck]   …and 14 more
[stdout] build started...
[stdout] ✓ 1 modules transformed.
[stdout] dist/index.html                     0.43 kB │ gzip:   0.30 kB
[stdout] dist/assets/index-B4hlW4Zp.css     65.29 kB │ gzip:   9.88 kB
dist/assets/index-DdkNMrJd.js   2,791.67 kB │ gzip: 520.89 kB
[stdout] built in 2945ms.
[stdout] build started...
[stdout] ✓ 1 modules transformed.
[typecheck] ✗ tsc --noEmit found 24 type error(s) — these compile under Vite but will crash at runtime:
[typecheck]   src/generated/audit-entry.routes.ts(166,11): TS2322 Type 'any' is not assignable to type 'never'.
[typecheck]   src/generated/audit-entry.routes.ts(237,9): TS2322 Type 'Record<string, unknown>' is not assignable to type '(Without<AuditEntryCreateInput, AuditEntryUncheckedCreateInput> & AuditEntryUncheckedCreateInput) | (Without<...> & AuditEntryCreateInput)'.
[typecheck]   src/generated/contract-record.routes.ts(166,11): TS2322 Type 'any' is not assignable to type 'never'.
[typecheck]   src/generated/contract-record.routes.ts(237,9): TS2322 Type 'Record<string, unknown>' is not assignable to type '(Without<ContractRecordCreateInput, ContractRecordUncheckedCreateInput> & ContractRecordUncheckedCreateInput) | (Without<...> & ContractRecordCreateInput)'.
[typecheck]   src/generated/domain.ts(96,7): TS2353 Object literal may only specify known properties, and 'pendingDeletes' does not exist in type 'AnnotationsMap<this, never>'.
[typecheck]   src/generated/domain.ts(304,7): TS2353 Object literal may only specify known properties, and 'pendingDeletes' does not exist in type 'AnnotationsMap<this, never>'.
[typecheck]   src/generated/domain.ts(512,7): TS2353 Object literal may only specify known properties, and 'pendingDeletes' does not exist in type 'AnnotationsMap<this, never>'.
[typecheck]   src/generated/domain.ts(720,7): TS2353 Object literal may only specify known properties, and 'pendingDeletes' does not exist in type 'AnnotationsMap<this, never>'.
[typecheck]   src/generated/domain.ts(928,7): TS2353 Object literal may only specify known properties, and 'pendingDeletes' does not exist in type 'AnnotationsMap<this, never>'.
[typecheck]   src/generated/domain.ts(1136,7): TS2353 Object literal may only specify known properties, and 'pendingDeletes' does not exist in type 'AnnotationsMap<this, never>'.
[typecheck]   …and 14 more
[stdout] dist/index.html                     0.43 kB │ gzip:   0.30 kB
dist/assets/index-B4hlW4Zp.css     65.29 kB │ gzip:   9.88 kB
dist/assets/index-Xxx6DbRN.js   2,791.62 kB │ gzip: 520.89 kB
[stdout] built in 4672ms.
[typecheck] ✗ tsc --noEmit found 24 type error(s) — these compile under Vite but will crash at runtime:
[typecheck]   src/generated/audit-entry.routes.ts(166,11): TS2322 Type 'any' is not assignable to type 'never'.
[typecheck]   src/generated/audit-entry.routes.ts(237,9): TS2322 Type 'Record<string, unknown>' is not assignable to type '(Without<AuditEntryCreateInput, AuditEntryUncheckedCreateInput> & AuditEntryUncheckedCreateInput) | (Without<...> & AuditEntryCreateInput)'.
[typecheck]   src/generated/contract-record.routes.ts(166,11): TS2322 Type 'any' is not assignable to type 'never'.
[typecheck]   src/generated/contract-record.routes.ts(237,9): TS2322 Type 'Record<string, unknown>' is not assignable to type '(Without<ContractRecordCreateInput, ContractRecordUncheckedCreateInput> & ContractRecordUncheckedCreateInput) | (Without<...> & ContractRecordCreateInput)'.
[typecheck]   src/generated/domain.ts(96,7): TS2353 Object literal may only specify known properties, and 'pendingDeletes' does not exist in type 'AnnotationsMap<this, never>'.
[typecheck]   src/generated/domain.ts(304,7): TS2353 Object literal may only specify known properties, and 'pendingDeletes' does not exist in type 'AnnotationsMap<this, never>'.
[typecheck]   src/generated/domain.ts(512,7): TS2353 Object literal may only specify known properties, and 'pendingDeletes' does not exist in type 'AnnotationsMap<this, never>'.
[typecheck]   src/generated/domain.ts(720,7): TS2353 Object literal may only specify known properties, and 'pendingDeletes' does not exist in type 'AnnotationsMap<this, never>'.
[typecheck]   src/generated/domain.ts(928,7): TS2353 Object literal may only specify known properties, and 'pendingDeletes' does not exist in type 'AnnotationsMap<this, never>'.
[typecheck]   src/generated/domain.ts(1136,7): TS2353 Object literal may only specify known properties, and 'pendingDeletes' does not exist in type 'AnnotationsMap<this, never>'.
[typecheck]   …and 14 more
[stdout] build started...
[stdout] ✓ 1 modules transformed.
[stdout] dist/index.html                     0.43 kB │ gzip:   0.30 kB
[stdout] dist/assets/index-B4hlW4Zp.css     65.29 kB │ gzip:   9.88 kB
dist/assets/index-DdkNMrJd.js   2,791.67 kB │ gzip: 520.89 kB
[stdout] built in 2856ms.
[typecheck] ✗ tsc --noEmit found 24 type error(s) — these compile under Vite but will crash at runtime:
[typecheck]   src/generated/audit-entry.routes.ts(166,11): TS2322 Type 'any' is not assignable to type 'never'.
[typecheck]   src/generated/audit-entry.routes.ts(237,9): TS2322 Type 'Record<string, unknown>' is not assignable to type '(Without<AuditEntryCreateInput, AuditEntryUncheckedCreateInput> & AuditEntryUncheckedCreateInput) | (Without<...> & AuditEntryCreateInput)'.
[typecheck]   src/generated/contract-record.routes.ts(166,11): TS2322 Type 'any' is not assignable to type 'never'.
[typecheck]   src/generated/contract-record.routes.ts(237,9): TS2322 Type 'Record<string, unknown>' is not assignable to type '(Without<ContractRecordCreateInput, ContractRecordUncheckedCreateInput> & ContractRecordUncheckedCreateInput) | (Without<...> & ContractRecordCreateInput)'.
[typecheck]   src/generated/domain.ts(96,7): TS2353 Object literal may only specify known properties, and 'pendingDeletes' does not exist in type 'AnnotationsMap<this, never>'.
[typecheck]   src/generated/domain.ts(304,7): TS2353 Object literal may only specify known properties, and 'pendingDeletes' does not exist in type 'AnnotationsMap<this, never>'.
[typecheck]   src/generated/domain.ts(512,7): TS2353 Object literal may only specify known properties, and 'pendingDeletes' does not exist in type 'AnnotationsMap<this, never>'.
[typecheck]   src/generated/domain.ts(720,7): TS2353 Object literal may only specify known properties, and 'pendingDeletes' does not exist in type 'AnnotationsMap<this, never>'.
[typecheck]   src/generated/domain.ts(928,7): TS2353 Object literal may only specify known properties, and 'pendingDeletes' does not exist in type 'AnnotationsMap<this, never>'.
[typecheck]   src/generated/domain.ts(1136,7): TS2353 Object literal may only specify known properties, and 'pendingDeletes' does not exist in type 'AnnotationsMap<this, never>'.
[typecheck]   …and 14 more
[stdout] build started...
[stdout] ✓ 1 modules transformed.
[stdout] dist/index.html                     0.43 kB │ gzip:   0.30 kB
[stdout] dist/assets/index-B4hlW4Zp.css     65.29 kB │ gzip:   9.88 kB
dist/assets/index-Xxx6DbRN.js   2,791.62 kB │ gzip: 520.89 kB
[stdout] built in 2745ms.
[stdout] build started...
[stdout] ✓ 0 modules transformed.
[stdout] dist/index.html                     0.43 kB │ gzip:   0.30 kB
[stdout] dist/assets/index-B4hlW4Zp.css     65.29 kB │ gzip:   9.88 kB
dist/assets/index-DdkNMrJd.js   2,791.67 kB │ gzip: 520.89 kB
[stdout] built in 3508ms.
[typecheck] ✗ tsc --noEmit found 24 type error(s) — these compile under Vite but will crash at runtime:
[typecheck]   src/generated/audit-entry.routes.ts(166,11): TS2322 Type 'any' is not assignable to type 'never'.
[typecheck]   src/generated/audit-entry.routes.ts(237,9): TS2322 Type 'Record<string, unknown>' is not assignable to type '(Without<AuditEntryCreateInput, AuditEntryUncheckedCreateInput> & AuditEntryUncheckedCreateInput) | (Without<...> & AuditEntryCreateInput)'.
[typecheck]   src/generated/contract-record.routes.ts(166,11): TS2322 Type 'any' is not assignable to type 'never'.
[typecheck]   src/generated/contract-record.routes.ts(237,9): TS2322 Type 'Record<string, unknown>' is not assignable to type '(Without<ContractRecordCreateInput, ContractRecordUncheckedCreateInput> & ContractRecordUncheckedCreateInput) | (Without<...> & ContractRecordCreateInput)'.
[typecheck]   src/generated/domain.ts(96,7): TS2353 Object literal may only specify known properties, and 'pendingDeletes' does not exist in type 'AnnotationsMap<this, never>'.
[typecheck]   src/generated/domain.ts(304,7): TS2353 Object literal may only specify known properties, and 'pendingDeletes' does not exist in type 'AnnotationsMap<this, never>'.
[typecheck]   src/generated/domain.ts(512,7): TS2353 Object literal may only specify known properties, and 'pendingDeletes' does not exist in type 'AnnotationsMap<this, never>'.
[typecheck]   src/generated/domain.ts(720,7): TS2353 Object literal may only specify known properties, and 'pendingDeletes' does not exist in type 'AnnotationsMap<this, never>'.
[typecheck]   src/generated/domain.ts(928,7): TS2353 Object literal may only specify known properties, and 'pendingDeletes' does not exist in type 'AnnotationsMap<this, never>'.
[typecheck]   src/generated/domain.ts(1136,7): TS2353 Object literal may only specify known properties, and 'pendingDeletes' does not exist in type 'AnnotationsMap<this, never>'.
[typecheck]   …and 14 more
[typecheck] ✗ tsc --noEmit found 24 type error(s) — these compile under Vite but will crash at runtime:
[typecheck]   src/generated/audit-entry.routes.ts(166,11): TS2322 Type 'any' is not assignable to type 'never'.
[typecheck]   src/generated/audit-entry.routes.ts(237,9): TS2322 Type 'Record<string, unknown>' is not assignable to type '(Without<AuditEntryCreateInput, AuditEntryUncheckedCreateInput> & AuditEntryUncheckedCreateInput) | (Without<...> & AuditEntryCreateInput)'.
[typecheck]   src/generated/contract-record.routes.ts(166,11): TS2322 Type 'any' is not assignable to type 'never'.
[typecheck]   src/generated/contract-record.routes.ts(237,9): TS2322 Type 'Record<string, unknown>' is not assignable to type '(Without<ContractRecordCreateInput, ContractRecordUncheckedCreateInput> & ContractRecordUncheckedCreateInput) | (Without<...> & ContractRecordCreateInput)'.
[typecheck]   src/generated/domain.ts(96,7): TS2353 Object literal may only specify known properties, and 'pendingDeletes' does not exist in type 'AnnotationsMap<this, never>'.
[typecheck]   src/generated/domain.ts(304,7): TS2353 Object literal may only specify known properties, and 'pendingDeletes' does not exist in type 'AnnotationsMap<this, never>'.
[typecheck]   src/generated/domain.ts(512,7): TS2353 Object literal may only specify known properties, and 'pendingDeletes' does not exist in type 'AnnotationsMap<this, never>'.
[typecheck]   src/generated/domain.ts(720,7): TS2353 Object literal may only specify known properties, and 'pendingDeletes' does not exist in type 'AnnotationsMap<this, never>'.
[typecheck]   src/generated/domain.ts(928,7): TS2353 Object literal may only specify known properties, and 'pendingDeletes' does not exist in type 'AnnotationsMap<this, never>'.
[typecheck]   src/generated/domain.ts(1136,7): TS2353 Object literal may only specify known properties, and 'pendingDeletes' does not exist in type 'AnnotationsMap<this, never>'.
[typecheck]   …and 14 more
[stdout] build started...
[stdout] ✓ 1 modules transformed.
[stdout] dist/index.html                     0.43 kB │ gzip:   0.30 kB
[stdout] dist/assets/index-B4hlW4Zp.css     65.29 kB │ gzip:   9.88 kB
dist/assets/index-Xxx6DbRN.js   2,791.62 kB │ gzip: 520.89 kB
[stdout] built in 3557ms.
[typecheck] ✗ tsc --noEmit found 24 type error(s) — these compile under Vite but will crash at runtime:
[typecheck]   src/generated/audit-entry.routes.ts(166,11): TS2322 Type 'any' is not assignable to type 'never'.
[typecheck]   src/generated/audit-entry.routes.ts(237,9): TS2322 Type 'Record<string, unknown>' is not assignable to type '(Without<AuditEntryCreateInput, AuditEntryUncheckedCreateInput> & AuditEntryUncheckedCreateInput) | (Without<...> & AuditEntryCreateInput)'.
[typecheck]   src/generated/contract-record.routes.ts(166,11): TS2322 Type 'any' is not assignable to type 'never'.
[typecheck]   src/generated/contract-record.routes.ts(237,9): TS2322 Type 'Record<string, unknown>' is not assignable to type '(Without<ContractRecordCreateInput, ContractRecordUncheckedCreateInput> & ContractRecordUncheckedCreateInput) | (Without<...> & ContractRecordCreateInput)'.
[typecheck]   src/generated/domain.ts(96,7): TS2353 Object literal may only specify known properties, and 'pendingDeletes' does not exist in type 'AnnotationsMap<this, never>'.
[typecheck]   src/generated/domain.ts(304,7): TS2353 Object literal may only specify known properties, and 'pendingDeletes' does not exist in type 'AnnotationsMap<this, never>'.
[typecheck]   src/generated/domain.ts(512,7): TS2353 Object literal may only specify known properties, and 'pendingDeletes' does not exist in type 'AnnotationsMap<this, never>'.
[typecheck]   src/generated/domain.ts(720,7): TS2353 Object literal may only specify known properties, and 'pendingDeletes' does not exist in type 'AnnotationsMap<this, never>'.
[typecheck]   src/generated/domain.ts(928,7): TS2353 Object literal may only specify known properties, and 'pendingDeletes' does not exist in type 'AnnotationsMap<this, never>'.
[typecheck]   src/generated/domain.ts(1136,7): TS2353 Object literal may only specify known properties, and 'pendingDeletes' does not exist in type 'AnnotationsMap<this, never>'.
[typecheck]   …and 14 more
[stdout] build started...
[stdout] ✓ 1 modules transformed.
[stdout] dist/index.html                     0.43 kB │ gzip:   0.30 kB
dist/assets/index-B4hlW4Zp.css     65.29 kB │ gzip:   9.88 kB
dist/assets/index-DdkNMrJd.js   2,791.67 kB │ gzip: 520.89 kB
[stdout] built in 3577ms.
[typecheck] ✗ tsc --noEmit found 24 type error(s) — these compile under Vite but will crash at runtime:
[typecheck]   src/generated/audit-entry.routes.ts(166,11): TS2322 Type 'any' is not assignable to type 'never'.
[typecheck]   src/generated/audit-entry.routes.ts(237,9): TS2322 Type 'Record<string, unknown>' is not assignable to type '(Without<AuditEntryCreateInput, AuditEntryUncheckedCreateInput> & AuditEntryUncheckedCreateInput) | (Without<...> & AuditEntryCreateInput)'.
[typecheck]   src/generated/contract-record.routes.ts(166,11): TS2322 Type 'any' is not assignable to type 'never'.
[typecheck]   src/generated/contract-record.routes.ts(237,9): TS2322 Type 'Record<string, unknown>' is not assignable to type '(Without<ContractRecordCreateInput, ContractRecordUncheckedCreateInput> & ContractRecordUncheckedCreateInput) | (Without<...> & ContractRecordCreateInput)'.
[typecheck]   src/generated/domain.ts(96,7): TS2353 Object literal may only specify known properties, and 'pendingDeletes' does not exist in type 'AnnotationsMap<this, never>'.
[typecheck]   src/generated/domain.ts(304,7): TS2353 Object literal may only specify known properties, and 'pendingDeletes' does not exist in type 'AnnotationsMap<this, never>'.
[typecheck]   src/generated/domain.ts(512,7): TS2353 Object literal may only specify known properties, and 'pendingDeletes' does not exist in type 'AnnotationsMap<this, never>'.
[typecheck]   src/generated/domain.ts(720,7): TS2353 Object literal may only specify known properties, and 'pendingDeletes' does not exist in type 'AnnotationsMap<this, never>'.
[typecheck]   src/generated/domain.ts(928,7): TS2353 Object literal may only specify known properties, and 'pendingDeletes' does not exist in type 'AnnotationsMap<this, never>'.
[typecheck]   src/generated/domain.ts(1136,7): TS2353 Object literal may only specify known properties, and 'pendingDeletes' does not exist in type 'AnnotationsMap<this, never>'.
[typecheck]   …and 14 more
[stdout] build started...
[stdout] ✓ 1 modules transformed.
[stdout] dist/index.html                     0.43 kB │ gzip:   0.30 kB
[stdout] dist/assets/index-B4hlW4Zp.css     65.29 kB │ gzip:   9.88 kB
[stdout] dist/assets/index-Xxx6DbRN.js   2,791.62 kB │ gzip: 520.89 kB
[stdout] built in 4168ms.
[typecheck] ✗ tsc --noEmit found 24 type error(s) — these compile under Vite but will crash at runtime:
[typecheck]   src/generated/audit-entry.routes.ts(166,11): TS2322 Type 'any' is not assignable to type 'never'.
[typecheck]   src/generated/audit-entry.routes.ts(237,9): TS2322 Type 'Record<string, unknown>' is not assignable to type '(Without<AuditEntryCreateInput, AuditEntryUncheckedCreateInput> & AuditEntryUncheckedCreateInput) | (Without<...> & AuditEntryCreateInput)'.
[typecheck]   src/generated/contract-record.routes.ts(166,11): TS2322 Type 'any' is not assignable to type 'never'.
[typecheck]   src/generated/contract-record.routes.ts(237,9): TS2322 Type 'Record<string, unknown>' is not assignable to type '(Without<ContractRecordCreateInput, ContractRecordUncheckedCreateInput> & ContractRecordUncheckedCreateInput) | (Without<...> & ContractRecordCreateInput)'.
[typecheck]   src/generated/domain.ts(96,7): TS2353 Object literal may only specify known properties, and 'pendingDeletes' does not exist in type 'AnnotationsMap<this, never>'.
[typecheck]   src/generated/domain.ts(304,7): TS2353 Object literal may only specify known properties, and 'pendingDeletes' does not exist in type 'AnnotationsMap<this, never>'.
[typecheck]   src/generated/domain.ts(512,7): TS2353 Object literal may only specify known properties, and 'pendingDeletes' does not exist in type 'AnnotationsMap<this, never>'.
[typecheck]   src/generated/domain.ts(720,7): TS2353 Object literal may only specify known properties, and 'pendingDeletes' does not exist in type 'AnnotationsMap<this, never>'.
[typecheck]   src/generated/domain.ts(928,7): TS2353 Object literal may only specify known properties, and 'pendingDeletes' does not exist in type 'AnnotationsMap<this, never>'.
[typecheck]   src/generated/domain.ts(1136,7): TS2353 Object literal may only specify known properties, and 'pendingDeletes' does not exist in type 'AnnotationsMap<this, never>'.
[typecheck]   …and 14 more
[stdout] build started...
[api-stdout] 🚀 Server running on http://localhost:3001
[stdout] ✓ 1 modules transformed.
[stdout] dist/index.html                     0.43 kB │ gzip:   0.30 kB
dist/assets/index-B4hlW4Zp.css     65.29 kB │ gzip:   9.88 kB
dist/assets/index-DdkNMrJd.js   2,791.67 kB │ gzip: 520.89 kB
[stdout] built in 3572ms.
[typecheck] ✗ tsc --noEmit found 24 type error(s) — these compile under Vite but will crash at runtime:
[typecheck]   src/generated/audit-entry.routes.ts(166,11): TS2322 Type 'any' is not assignable to type 'never'.
[typecheck]   src/generated/audit-entry.routes.ts(237,9): TS2322 Type 'Record<string, unknown>' is not assignable to type '(Without<AuditEntryCreateInput, AuditEntryUncheckedCreateInput> & AuditEntryUncheckedCreateInput) | (Without<...> & AuditEntryCreateInput)'.
[typecheck]   src/generated/contract-record.routes.ts(166,11): TS2322 Type 'any' is not assignable to type 'never'.
[typecheck]   src/generated/contract-record.routes.ts(237,9): TS2322 Type 'Record<string, unknown>' is not assignable to type '(Without<ContractRecordCreateInput, ContractRecordUncheckedCreateInput> & ContractRecordUncheckedCreateInput) | (Without<...> & ContractRecordCreateInput)'.
[typecheck]   src/generated/domain.ts(96,7): TS2353 Object literal may only specify known properties, and 'pendingDeletes' does not exist in type 'AnnotationsMap<this, never>'.
[typecheck]   src/generated/domain.ts(304,7): TS2353 Object literal may only specify known properties, and 'pendingDeletes' does not exist in type 'AnnotationsMap<this, never>'.
[typecheck]   src/generated/domain.ts(512,7): TS2353 Object literal may only specify known properties, and 'pendingDeletes' does not exist in type 'AnnotationsMap<this, never>'.
[typecheck]   src/generated/domain.ts(720,7): TS2353 Object literal may only specify known properties, and 'pendingDeletes' does not exist in type 'AnnotationsMap<this, never>'.
[typecheck]   src/generated/domain.ts(928,7): TS2353 Object literal may only specify known properties, and 'pendingDeletes' does not exist in type 'AnnotationsMap<this, never>'.
[typecheck]   src/generated/domain.ts(1136,7): TS2353 Object literal may only specify known properties, and 'pendingDeletes' does not exist in type 'AnnotationsMap<this, never>'.
[typecheck]   …and 14 more
[stdout] build started...
[api-stdout] 🚀 Server running on http://localhost:3001
[stdout] ✓ 1 modules transformed.
[stdout] dist/index.html                     0.43 kB │ gzip:   0.30 kB
[stdout] dist/assets/index-B4hlW4Zp.css     65.29 kB │ gzip:   9.88 kB
dist/assets/index-Xxx6DbRN.js   2,791.62 kB │ gzip: 520.89 kB
[stdout] built in 3643ms.
[stdout] build started...
[stdout] ✓ 0 modules transformed.
[stdout] dist/index.html                     0.43 kB │ gzip:   0.30 kB
[stdout] dist/assets/index-B4hlW4Zp.css     65.29 kB │ gzip:   9.88 kB
dist/assets/index-DdkNMrJd.js   2,791.67 kB │ gzip: 520.89 kB
[stdout] built in 4867ms.
[typecheck] ✗ tsc --noEmit found 24 type error(s) — these compile under Vite but will crash at runtime:
[typecheck]   src/generated/audit-entry.routes.ts(166,11): TS2322 Type 'any' is not assignable to type 'never'.
[typecheck]   src/generated/audit-entry.routes.ts(237,9): TS2322 Type 'Record<string, unknown>' is not assignable to type '(Without<AuditEntryCreateInput, AuditEntryUncheckedCreateInput> & AuditEntryUncheckedCreateInput) | (Without<...> & AuditEntryCreateInput)'.
[typecheck]   src/generated/contract-record.routes.ts(166,11): TS2322 Type 'any' is not assignable to type 'never'.
[typecheck]   src/generated/contract-record.routes.ts(237,9): TS2322 Type 'Record<string, unknown>' is not assignable to type '(Without<ContractRecordCreateInput, ContractRecordUncheckedCreateInput> & ContractRecordUncheckedCreateInput) | (Without<...> & ContractRecordCreateInput)'.
[typecheck]   src/generated/domain.ts(96,7): TS2353 Object literal may only specify known properties, and 'pendingDeletes' does not exist in type 'AnnotationsMap<this, never>'.
[typecheck]   src/generated/domain.ts(304,7): TS2353 Object literal may only specify known properties, and 'pendingDeletes' does not exist in type 'AnnotationsMap<this, never>'.
[typecheck]   src/generated/domain.ts(512,7): TS2353 Object literal may only specify known properties, and 'pendingDeletes' does not exist in type 'AnnotationsMap<this, never>'.
[typecheck]   src/generated/domain.ts(720,7): TS2353 Object literal may only specify known properties, and 'pendingDeletes' does not exist in type 'AnnotationsMap<this, never>'.
[typecheck]   src/generated/domain.ts(928,7): TS2353 Object literal may only specify known properties, and 'pendingDeletes' does not exist in type 'AnnotationsMap<this, never>'.
[typecheck]   src/generated/domain.ts(1136,7): TS2353 Object literal may only specify known properties, and 'pendingDeletes' does not exist in type 'AnnotationsMap<this, never>'.
[typecheck]   …and 14 more
[typecheck] ✗ tsc --noEmit found 24 type error(s) — these compile under Vite but will crash at runtime:
[typecheck]   src/generated/audit-entry.routes.ts(166,11): TS2322 Type 'any' is not assignable to type 'never'.
[typecheck]   src/generated/audit-entry.routes.ts(237,9): TS2322 Type 'Record<string, unknown>' is not assignable to type '(Without<AuditEntryCreateInput, AuditEntryUncheckedCreateInput> & AuditEntryUncheckedCreateInput) | (Without<...> & AuditEntryCreateInput)'.
[typecheck]   src/generated/contract-record.routes.ts(166,11): TS2322 Type 'any' is not assignable to type 'never'.
[typecheck]   src/generated/contract-record.routes.ts(237,9): TS2322 Type 'Record<string, unknown>' is not assignable to type '(Without<ContractRecordCreateInput, ContractRecordUncheckedCreateInput> & ContractRecordUncheckedCreateInput) | (Without<...> & ContractRecordCreateInput)'.
[typecheck]   src/generated/domain.ts(96,7): TS2353 Object literal may only specify known properties, and 'pendingDeletes' does not exist in type 'AnnotationsMap<this, never>'.
[typecheck]   src/generated/domain.ts(304,7): TS2353 Object literal may only specify known properties, and 'pendingDeletes' does not exist in type 'AnnotationsMap<this, never>'.
[typecheck]   src/generated/domain.ts(512,7): TS2353 Object literal may only specify known properties, and 'pendingDeletes' does not exist in type 'AnnotationsMap<this, never>'.
[typecheck]   src/generated/domain.ts(720,7): TS2353 Object literal may only specify known properties, and 'pendingDeletes' does not exist in type 'AnnotationsMap<this, never>'.
[typecheck]   src/generated/domain.ts(928,7): TS2353 Object literal may only specify known properties, and 'pendingDeletes' does not exist in type 'AnnotationsMap<this, never>'.
[typecheck]   src/generated/domain.ts(1136,7): TS2353 Object literal may only specify known properties, and 'pendingDeletes' does not exist in type 'AnnotationsMap<this, never>'.
[typecheck]   …and 14 more
[stdout] build started...
[stdout] ✓ 1 modules transformed.
[stdout] dist/index.html                     0.43 kB │ gzip:   0.30 kB
[stdout] dist/assets/index-B4hlW4Zp.css     65.29 kB │ gzip:   9.88 kB
dist/assets/index-Xxx6DbRN.js   2,791.62 kB │ gzip: 520.89 kB
[stdout] built in 3291ms.
[typecheck] ✗ tsc --noEmit found 24 type error(s) — these compile under Vite but will crash at runtime:
[typecheck]   src/generated/audit-entry.routes.ts(166,11): TS2322 Type 'any' is not assignable to type 'never'.
[typecheck]   src/generated/audit-entry.routes.ts(237,9): TS2322 Type 'Record<string, unknown>' is not assignable to type '(Without<AuditEntryCreateInput, AuditEntryUncheckedCreateInput> & AuditEntryUncheckedCreateInput) | (Without<...> & AuditEntryCreateInput)'.
[typecheck]   src/generated/contract-record.routes.ts(166,11): TS2322 Type 'any' is not assignable to type 'never'.
[typecheck]   src/generated/contract-record.routes.ts(237,9): TS2322 Type 'Record<string, unknown>' is not assignable to type '(Without<ContractRecordCreateInput, ContractRecordUncheckedCreateInput> & ContractRecordUncheckedCreateInput) | (Without<...> & ContractRecordCreateInput)'.
[typecheck]   src/generated/domain.ts(96,7): TS2353 Object literal may only specify known properties, and 'pendingDeletes' does not exist in type 'AnnotationsMap<this, never>'.
[typecheck]   src/generated/domain.ts(304,7): TS2353 Object literal may only specify known properties, and 'pendingDeletes' does not exist in type 'AnnotationsMap<this, never>'.
[typecheck]   src/generated/domain.ts(512,7): TS2353 Object literal may only specify known properties, and 'pendingDeletes' does not exist in type 'AnnotationsMap<this, never>'.
[typecheck]   src/generated/domain.ts(720,7): TS2353 Object literal may only specify known properties, and 'pendingDeletes' does not exist in type 'AnnotationsMap<this, never>'.
[typecheck]   src/generated/domain.ts(928,7): TS2353 Object literal may only specify known properties, and 'pendingDeletes' does not exist in type 'AnnotationsMap<this, never>'.
[typecheck]   src/generated/domain.ts(1136,7): TS2353 Object literal may only specify known properties, and 'pendingDeletes' does not exist in type 'AnnotationsMap<this, never>'.
[typecheck]   …and 14 more
[api-stdout] 🚀 Server running on http://localhost:3001
[stdout] build started...
[stdout] ✓ 2 modules transformed.
[stdout] dist/index.html                     0.43 kB │ gzip:   0.30 kB
[stdout] dist/assets/index-B4hlW4Zp.css     65.29 kB │ gzip:   9.88 kB
dist/assets/index-Cmf2CzWz.js   2,529.71 kB │ gzip: 475.13 kB
[stdout] built in 4758ms.
[stdout] build started...
[stdout] ✓ 2 modules transformed.
[typecheck] ✗ tsc --noEmit found 26 type error(s) — these compile under Vite but will crash at runtime:
[typecheck]   src/App.tsx(63,31): TS2304 Cannot find name 'ThreatLab'.
[typecheck]   src/App.tsx(64,30): TS2304 Cannot find name 'IntelProtocols'.
[typecheck]   src/generated/audit-entry.routes.ts(166,11): TS2322 Type 'any' is not assignable to type 'never'.
[typecheck]   src/generated/audit-entry.routes.ts(237,9): TS2322 Type 'Record<string, unknown>' is not assignable to type '(Without<AuditEntryCreateInput, AuditEntryUncheckedCreateInput> & AuditEntryUncheckedCreateInput) | (Without<...> & AuditEntryCreateInput)'.
[typecheck]   src/generated/contract-record.routes.ts(166,11): TS2322 Type 'any' is not assignable to type 'never'.
[typecheck]   src/generated/contract-record.routes.ts(237,9): TS2322 Type 'Record<string, unknown>' is not assignable to type '(Without<ContractRecordCreateInput, ContractRecordUncheckedCreateInput> & ContractRecordUncheckedCreateInput) | (Without<...> & ContractRecordCreateInput)'.
[typecheck]   src/generated/domain.ts(96,7): TS2353 Object literal may only specify known properties, and 'pendingDeletes' does not exist in type 'AnnotationsMap<this, never>'.
[typecheck]   src/generated/domain.ts(304,7): TS2353 Object literal may only specify known properties, and 'pendingDeletes' does not exist in type 'AnnotationsMap<this, never>'.
[typecheck]   src/generated/domain.ts(512,7): TS2353 Object literal may only specify known properties, and 'pendingDeletes' does not exist in type 'AnnotationsMap<this, never>'.
[typecheck]   src/generated/domain.ts(720,7): TS2353 Object literal may only specify known properties, and 'pendingDeletes' does not exist in type 'AnnotationsMap<this, never>'.
[typecheck]   …and 16 more
[stdout] dist/index.html                     0.43 kB │ gzip:   0.30 kB
dist/assets/index-B4hlW4Zp.css     65.29 kB │ gzip:   9.88 kB
[stdout] dist/assets/index-BctujPdp.js   2,529.22 kB │ gzip: 475.08 kB
[stdout] built in 5407ms.
[stdout] build started...
[stdout] ✓ 1 modules transformed.
[stdout] dist/index.html                     0.43 kB │ gzip:   0.30 kB
[stdout] dist/assets/index-B4hlW4Zp.css     65.29 kB │ gzip:   9.88 kB
[stdout] dist/assets/index-CdIH_V0E.js   2,529.31 kB │ gzip: 475.11 kB
[stdout] built in 3552ms.
[stdout] build started...
[typecheck] ✗ tsc --noEmit found 24 type error(s) — these compile under Vite but will crash at runtime:
[typecheck]   src/generated/audit-entry.routes.ts(166,11): TS2322 Type 'any' is not assignable to type 'never'.
[typecheck]   src/generated/audit-entry.routes.ts(237,9): TS2322 Type 'Record<string, unknown>' is not assignable to type '(Without<AuditEntryCreateInput, AuditEntryUncheckedCreateInput> & AuditEntryUncheckedCreateInput) | (Without<...> & AuditEntryCreateInput)'.
[typecheck]   src/generated/contract-record.routes.ts(166,11): TS2322 Type 'any' is not assignable to type 'never'.
[typecheck]   src/generated/contract-record.routes.ts(237,9): TS2322 Type 'Record<string, unknown>' is not assignable to type '(Without<ContractRecordCreateInput, ContractRecordUncheckedCreateInput> & ContractRecordUncheckedCreateInput) | (Without<...> & ContractRecordCreateInput)'.
[typecheck]   src/generated/domain.ts(96,7): TS2353 Object literal may only specify known properties, and 'pendingDeletes' does not exist in type 'AnnotationsMap<this, never>'.
[typecheck]   src/generated/domain.ts(304,7): TS2353 Object literal may only specify known properties, and 'pendingDeletes' does not exist in type 'AnnotationsMap<this, never>'.
[typecheck]   src/generated/domain.ts(512,7): TS2353 Object literal may only specify known properties, and 'pendingDeletes' does not exist in type 'AnnotationsMap<this, never>'.
[typecheck]   src/generated/domain.ts(720,7): TS2353 Object literal may only specify known properties, and 'pendingDeletes' does not exist in type 'AnnotationsMap<this, never>'.
[typecheck]   src/generated/domain.ts(928,7): TS2353 Object literal may only specify known properties, and 'pendingDeletes' does not exist in type 'AnnotationsMap<this, never>'.
[typecheck]   src/generated/domain.ts(1136,7): TS2353 Object literal may only specify known properties, and 'pendingDeletes' does not exist in type 'AnnotationsMap<this, never>'.
[typecheck]   …and 14 more
[stdout] ✓ 1 modules transformed.
[stdout] dist/index.html                     0.43 kB │ gzip:   0.30 kB
[stdout] dist/assets/index-B4hlW4Zp.css     65.29 kB │ gzip:   9.88 kB
[stdout] dist/assets/index-CT2tkUuX.js   2,529.26 kB │ gzip: 475.11 kB
[stdout] built in 7125ms.
[typecheck] ✗ tsc --noEmit found 24 type error(s) — these compile under Vite but will crash at runtime:
[typecheck]   src/generated/audit-entry.routes.ts(166,11): TS2322 Type 'any' is not assignable to type 'never'.
[typecheck]   src/generated/audit-entry.routes.ts(237,9): TS2322 Type 'Record<string, unknown>' is not assignable to type '(Without<AuditEntryCreateInput, AuditEntryUncheckedCreateInput> & AuditEntryUncheckedCreateInput) | (Without<...> & AuditEntryCreateInput)'.
[typecheck]   src/generated/contract-record.routes.ts(166,11): TS2322 Type 'any' is not assignable to type 'never'.
[typecheck]   src/generated/contract-record.routes.ts(237,9): TS2322 Type 'Record<string, unknown>' is not assignable to type '(Without<ContractRecordCreateInput, ContractRecordUncheckedCreateInput> & ContractRecordUncheckedCreateInput) | (Without<...> & ContractRecordCreateInput)'.
[typecheck]   src/generated/domain.ts(96,7): TS2353 Object literal may only specify known properties, and 'pendingDeletes' does not exist in type 'AnnotationsMap<this, never>'.
[typecheck]   src/generated/domain.ts(304,7): TS2353 Object literal may only specify known properties, and 'pendingDeletes' does not exist in type 'AnnotationsMap<this, never>'.
[typecheck]   src/generated/domain.ts(512,7): TS2353 Object literal may only specify known properties, and 'pendingDeletes' does not exist in type 'AnnotationsMap<this, never>'.
[typecheck]   src/generated/domain.ts(720,7): TS2353 Object literal may only specify known properties, and 'pendingDeletes' does not exist in type 'AnnotationsMap<this, never>'.
[typecheck]   src/generated/domain.ts(928,7): TS2353 Object literal may only specify known properties, and 'pendingDeletes' does not exist in type 'AnnotationsMap<this, never>'.
[typecheck]   src/generated/domain.ts(1136,7): TS2353 Object literal may only specify known properties, and 'pendingDeletes' does not exist in type 'AnnotationsMap<this, never>'.
[typecheck]   …and 14 more
[typecheck] ✗ tsc --noEmit found 24 type error(s) — these compile under Vite but will crash at runtime:
[typecheck]   src/generated/audit-entry.routes.ts(166,11): TS2322 Type 'any' is not assignable to type 'never'.
[typecheck]   src/generated/audit-entry.routes.ts(237,9): TS2322 Type 'Record<string, unknown>' is not assignable to type '(Without<AuditEntryCreateInput, AuditEntryUncheckedCreateInput> & AuditEntryUncheckedCreateInput) | (Without<...> & AuditEntryCreateInput)'.
[typecheck]   src/generated/contract-record.routes.ts(166,11): TS2322 Type 'any' is not assignable to type 'never'.
[typecheck]   src/generated/contract-record.routes.ts(237,9): TS2322 Type 'Record<string, unknown>' is not assignable to type '(Without<ContractRecordCreateInput, ContractRecordUncheckedCreateInput> & ContractRecordUncheckedCreateInput) | (Without<...> & ContractRecordCreateInput)'.
[typecheck]   src/generated/domain.ts(96,7): TS2353 Object literal may only specify known properties, and 'pendingDeletes' does not exist in type 'AnnotationsMap<this, never>'.
[typecheck]   src/generated/domain.ts(304,7): TS2353 Object literal may only specify known properties, and 'pendingDeletes' does not exist in type 'AnnotationsMap<this, never>'.
[typecheck]   src/generated/domain.ts(512,7): TS2353 Object literal may only specify known properties, and 'pendingDeletes' does not exist in type 'AnnotationsMap<this, never>'.
[typecheck]   src/generated/domain.ts(720,7): TS2353 Object literal may only specify known properties, and 'pendingDeletes' does not exist in type 'AnnotationsMap<this, never>'.
[typecheck]   src/generated/domain.ts(928,7): TS2353 Object literal may only specify known properties, and 'pendingDeletes' does not exist in type 'AnnotationsMap<this, never>'.
[typecheck]   src/generated/domain.ts(1136,7): TS2353 Object literal may only specify known properties, and 'pendingDeletes' does not exist in type 'AnnotationsMap<this, never>'.
[typecheck]   …and 14 more
[stdout] build started...
[stdout] ✓ 1 modules transformed.
[stdout] dist/index.html                     0.43 kB │ gzip:   0.30 kB
[stdout] dist/assets/index-B4hlW4Zp.css     65.29 kB │ gzip:   9.88 kB
dist/assets/index-CdIH_V0E.js   2,529.31 kB │ gzip: 475.11 kB
[stdout] built in 2438ms.
[typecheck] ✗ tsc --noEmit found 24 type error(s) — these compile under Vite but will crash at runtime:
[typecheck]   src/generated/audit-entry.routes.ts(166,11): TS2322 Type 'any' is not assignable to type 'never'.
[typecheck]   src/generated/audit-entry.routes.ts(237,9): TS2322 Type 'Record<string, unknown>' is not assignable to type '(Without<AuditEntryCreateInput, AuditEntryUncheckedCreateInput> & AuditEntryUncheckedCreateInput) | (Without<...> & AuditEntryCreateInput)'.
[typecheck]   src/generated/contract-record.routes.ts(166,11): TS2322 Type 'any' is not assignable to type 'never'.
[typecheck]   src/generated/contract-record.routes.ts(237,9): TS2322 Type 'Record<string, unknown>' is not assignable to type '(Without<ContractRecordCreateInput, ContractRecordUncheckedCreateInput> & ContractRecordUncheckedCreateInput) | (Without<...> & ContractRecordCreateInput)'.
[typecheck]   src/generated/domain.ts(96,7): TS2353 Object literal may only specify known properties, and 'pendingDeletes' does not exist in type 'AnnotationsMap<this, never>'.
[typecheck]   src/generated/domain.ts(304,7): TS2353 Object literal may only specify known properties, and 'pendingDeletes' does not exist in type 'AnnotationsMap<this, never>'.
[typecheck]   src/generated/domain.ts(512,7): TS2353 Object literal may only specify known properties, and 'pendingDeletes' does not exist in type 'AnnotationsMap<this, never>'.
[typecheck]   src/generated/domain.ts(720,7): TS2353 Object literal may only specify known properties, and 'pendingDeletes' does not exist in type 'AnnotationsMap<this, never>'.
[typecheck]   src/generated/domain.ts(928,7): TS2353 Object literal may only specify known properties, and 'pendingDeletes' does not exist in type 'AnnotationsMap<this, never>'.
[typecheck]   src/generated/domain.ts(1136,7): TS2353 Object literal may only specify known properties, and 'pendingDeletes' does not exist in type 'AnnotationsMap<this, never>'.
[typecheck]   …and 14 more
[stdout] build started...
[stdout] ✓ 2 modules transformed.
[stdout] dist/index.html                     0.43 kB │ gzip:   0.30 kB
dist/assets/index-B4hlW4Zp.css     65.29 kB │ gzip:   9.88 kB
[stdout] dist/assets/index-DYbuO1Ok.js   2,528.55 kB │ gzip: 474.95 kB
[stdout] built in 3234ms.
[stdout] build started...
[stdout] ✓ 0 modules transformed.
[stdout] dist/index.html                     0.43 kB │ gzip:   0.30 kB
dist/assets/index-B4hlW4Zp.css     65.29 kB │ gzip:   9.88 kB
[stdout] dist/assets/index-D_MBF0pU.js   2,528.60 kB │ gzip: 474.96 kB
[stdout] built in 4222ms.
[typecheck] ✗ tsc --noEmit found 25 type error(s) — these compile under Vite but will crash at runtime:
[typecheck]   src/components/auri/Overview.tsx(96,90): TS2304 Cannot find name 'Swords'.
[typecheck]   src/generated/audit-entry.routes.ts(166,11): TS2322 Type 'any' is not assignable to type 'never'.
[typecheck]   src/generated/audit-entry.routes.ts(237,9): TS2322 Type 'Record<string, unknown>' is not assignable to type '(Without<AuditEntryCreateInput, AuditEntryUncheckedCreateInput> & AuditEntryUncheckedCreateInput) | (Without<...> & AuditEntryCreateInput)'.
[typecheck]   src/generated/contract-record.routes.ts(166,11): TS2322 Type 'any' is not assignable to type 'never'.
[typecheck]   src/generated/contract-record.routes.ts(237,9): TS2322 Type 'Record<string, unknown>' is not assignable to type '(Without<ContractRecordCreateInput, ContractRecordUncheckedCreateInput> & ContractRecordUncheckedCreateInput) | (Without<...> & ContractRecordCreateInput)'.
[typecheck]   src/generated/domain.ts(96,7): TS2353 Object literal may only specify known properties, and 'pendingDeletes' does not exist in type 'AnnotationsMap<this, never>'.
[typecheck]   src/generated/domain.ts(304,7): TS2353 Object literal may only specify known properties, and 'pendingDeletes' does not exist in type 'AnnotationsMap<this, never>'.
[typecheck]   src/generated/domain.ts(512,7): TS2353 Object literal may only specify known properties, and 'pendingDeletes' does not exist in type 'AnnotationsMap<this, never>'.
[typecheck]   src/generated/domain.ts(720,7): TS2353 Object literal may only specify known properties, and 'pendingDeletes' does not exist in type 'AnnotationsMap<this, never>'.
[typecheck]   src/generated/domain.ts(928,7): TS2353 Object literal may only specify known properties, and 'pendingDeletes' does not exist in type 'AnnotationsMap<this, never>'.
[typecheck]   …and 15 more
[typecheck] ✗ tsc --noEmit found 25 type error(s) — these compile under Vite but will crash at runtime:
[typecheck]   src/components/auri/Overview.tsx(96,90): TS2304 Cannot find name 'Swords'.
[typecheck]   src/generated/audit-entry.routes.ts(166,11): TS2322 Type 'any' is not assignable to type 'never'.
[typecheck]   src/generated/audit-entry.routes.ts(237,9): TS2322 Type 'Record<string, unknown>' is not assignable to type '(Without<AuditEntryCreateInput, AuditEntryUncheckedCreateInput> & AuditEntryUncheckedCreateInput) | (Without<...> & AuditEntryCreateInput)'.
[typecheck]   src/generated/contract-record.routes.ts(166,11): TS2322 Type 'any' is not assignable to type 'never'.
[typecheck]   src/generated/contract-record.routes.ts(237,9): TS2322 Type 'Record<string, unknown>' is not assignable to type '(Without<ContractRecordCreateInput, ContractRecordUncheckedCreateInput> & ContractRecordUncheckedCreateInput) | (Without<...> & ContractRecordCreateInput)'.
[typecheck]   src/generated/domain.ts(96,7): TS2353 Object literal may only specify known properties, and 'pendingDeletes' does not exist in type 'AnnotationsMap<this, never>'.
[typecheck]   src/generated/domain.ts(304,7): TS2353 Object literal may only specify known properties, and 'pendingDeletes' does not exist in type 'AnnotationsMap<this, never>'.
[typecheck]   src/generated/domain.ts(512,7): TS2353 Object literal may only specify known properties, and 'pendingDeletes' does not exist in type 'AnnotationsMap<this, never>'.
[typecheck]   src/generated/domain.ts(720,7): TS2353 Object literal may only specify known properties, and 'pendingDeletes' does not exist in type 'AnnotationsMap<this, never>'.
[typecheck]   src/generated/domain.ts(928,7): TS2353 Object literal may only specify known properties, and 'pendingDeletes' does not exist in type 'AnnotationsMap<this, never>'.
[typecheck]   …and 15 more
[stdout] build started...
[stdout] ✓ 2 modules transformed.
[stdout] dist/index.html                     0.43 kB │ gzip:   0.30 kB
[stdout] dist/assets/index-BN3PoZxl.css     66.31 kB │ gzip:   9.93 kB
dist/assets/index-CIvmwgDM.js   2,528.56 kB │ gzip: 474.95 kB
[stdout] built in 2885ms.
[stdout] build started...
[typecheck] ✗ tsc --noEmit found 24 type error(s) — these compile under Vite but will crash at runtime:
[typecheck]   src/generated/audit-entry.routes.ts(166,11): TS2322 Type 'any' is not assignable to type 'never'.
[typecheck]   src/generated/audit-entry.routes.ts(237,9): TS2322 Type 'Record<string, unknown>' is not assignable to type '(Without<AuditEntryCreateInput, AuditEntryUncheckedCreateInput> & AuditEntryUncheckedCreateInput) | (Without<...> & AuditEntryCreateInput)'.
[typecheck]   src/generated/contract-record.routes.ts(166,11): TS2322 Type 'any' is not assignable to type 'never'.
[typecheck]   src/generated/contract-record.routes.ts(237,9): TS2322 Type 'Record<string, unknown>' is not assignable to type '(Without<ContractRecordCreateInput, ContractRecordUncheckedCreateInput> & ContractRecordUncheckedCreateInput) | (Without<...> & ContractRecordCreateInput)'.
[typecheck]   src/generated/domain.ts(96,7): TS2353 Object literal may only specify known properties, and 'pendingDeletes' does not exist in type 'AnnotationsMap<this, never>'.
[typecheck]   src/generated/domain.ts(304,7): TS2353 Object literal may only specify known properties, and 'pendingDeletes' does not exist in type 'AnnotationsMap<this, never>'.
[typecheck]   src/generated/domain.ts(512,7): TS2353 Object literal may only specify known properties, and 'pendingDeletes' does not exist in type 'AnnotationsMap<this, never>'.
[typecheck]   src/generated/domain.ts(720,7): TS2353 Object literal may only specify known properties, and 'pendingDeletes' does not exist in type 'AnnotationsMap<this, never>'.
[typecheck]   src/generated/domain.ts(928,7): TS2353 Object literal may only specify known properties, and 'pendingDeletes' does not exist in type 'AnnotationsMap<this, never>'.
[typecheck]   src/generated/domain.ts(1136,7): TS2353 Object literal may only specify known properties, and 'pendingDeletes' does not exist in type 'AnnotationsMap<this, never>'.
[typecheck]   …and 14 more
[stdout] ✓ 2 modules transformed.
[stdout] dist/index.html                     0.43 kB │ gzip:   0.30 kB
[stdout] dist/assets/index-BN3PoZxl.css     66.31 kB │ gzip:   9.93 kB
dist/assets/index-DOtFdhir.js   2,528.60 kB │ gzip: 474.95 kB
[stdout] built in 3032ms.
[typecheck] ✗ tsc --noEmit found 24 type error(s) — these compile under Vite but will crash at runtime:
[typecheck]   src/generated/audit-entry.routes.ts(166,11): TS2322 Type 'any' is not assignable to type 'never'.
[typecheck]   src/generated/audit-entry.routes.ts(237,9): TS2322 Type 'Record<string, unknown>' is not assignable to type '(Without<AuditEntryCreateInput, AuditEntryUncheckedCreateInput> & AuditEntryUncheckedCreateInput) | (Without<...> & AuditEntryCreateInput)'.
[typecheck]   src/generated/contract-record.routes.ts(166,11): TS2322 Type 'any' is not assignable to type 'never'.
[typecheck]   src/generated/contract-record.routes.ts(237,9): TS2322 Type 'Record<string, unknown>' is not assignable to type '(Without<ContractRecordCreateInput, ContractRecordUncheckedCreateInput> & ContractRecordUncheckedCreateInput) | (Without<...> & ContractRecordCreateInput)'.
[typecheck]   src/generated/domain.ts(96,7): TS2353 Object literal may only specify known properties, and 'pendingDeletes' does not exist in type 'AnnotationsMap<this, never>'.
[typecheck]   src/generated/domain.ts(304,7): TS2353 Object literal may only specify known properties, and 'pendingDeletes' does not exist in type 'AnnotationsMap<this, never>'.
[typecheck]   src/generated/domain.ts(512,7): TS2353 Object literal may only specify known properties, and 'pendingDeletes' does not exist in type 'AnnotationsMap<this, never>'.
[typecheck]   src/generated/domain.ts(720,7): TS2353 Object literal may only specify known properties, and 'pendingDeletes' does not exist in type 'AnnotationsMap<this, never>'.
[typecheck]   src/generated/domain.ts(928,7): TS2353 Object literal may only specify known properties, and 'pendingDeletes' does not exist in type 'AnnotationsMap<this, never>'.
[typecheck]   src/generated/domain.ts(1136,7): TS2353 Object literal may only specify known properties, and 'pendingDeletes' does not exist in type 'AnnotationsMap<this, never>'.
[typecheck]   …and 14 more
[stdout] build started...
[stdout] ✓ 1 modules transformed.
[stdout] dist/index.html                     0.43 kB │ gzip:   0.30 kB
[stdout] dist/assets/index-BN3PoZxl.css     66.31 kB │ gzip:   9.93 kB
dist/assets/index-Dgl0GkcN.js   2,528.55 kB │ gzip: 474.95 kB
[stdout] built in 3466ms.
[api-stderr] error: Cannot find module './src/lib/adversary' from '/app/workspace/custom-routes.ts'
[api-stderr] Bun v1.3.11 (Linux x64)
[stdout] build started...
[stdout] ✓ 1 modules transformed.
[stdout] dist/index.html                     0.43 kB │ gzip:   0.30 kB
[stdout] dist/assets/index-BN3PoZxl.css     66.31 kB │ gzip:   9.93 kB
[stdout] dist/assets/index-DOtFdhir.js   2,528.60 kB │ gzip: 474.95 kB
[stdout] built in 3187ms.
[typecheck] ✗ tsc --noEmit found 21 type error(s) — these compile under Vite but will crash at runtime:
[typecheck]   src/generated/audit-entry.routes.ts(166,11): TS2322 Type 'any' is not assignable to type 'never'.
[typecheck]   src/generated/audit-entry.routes.ts(237,9): TS2322 Type 'Record<string, unknown>' is not assignable to type '(Without<AuditEntryCreateInput, AuditEntryUncheckedCreateInput> & AuditEntryUncheckedCreateInput) | (Without<...> & AuditEntryCreateInput)'.
[typecheck]   src/generated/contract-record.routes.ts(166,11): TS2322 Type 'any' is not assignable to type 'never'.
[typecheck]   src/generated/contract-record.routes.ts(237,9): TS2322 Type 'Record<string, unknown>' is not assignable to type '(Without<ContractRecordCreateInput, ContractRecordUncheckedCreateInput> & ContractRecordUncheckedCreateInput) | (Without<...> & ContractRecordCreateInput)'.
[typecheck]   src/generated/domain.ts(88,7): TS2353 Object literal may only specify known properties, and 'pendingDeletes' does not exist in type 'AnnotationsMap<this, never>'.
[typecheck]   src/generated/domain.ts(296,7): TS2353 Object literal may only specify known properties, and 'pendingDeletes' does not exist in type 'AnnotationsMap<this, never>'.
[typecheck]   src/generated/domain.ts(504,7): TS2353 Object literal may only specify known properties, and 'pendingDeletes' does not exist in type 'AnnotationsMap<this, never>'.
[typecheck]   src/generated/domain.ts(712,7): TS2353 Object literal may only specify known properties, and 'pendingDeletes' does not exist in type 'AnnotationsMap<this, never>'.
[typecheck]   src/generated/domain.ts(920,7): TS2353 Object literal may only specify known properties, and 'pendingDeletes' does not exist in type 'AnnotationsMap<this, never>'.
[typecheck]   src/generated/domain.ts(1128,7): TS2353 Object literal may only specify known properties, and 'pendingDeletes' does not exist in type 'AnnotationsMap<this, never>'.
[typecheck]   …and 11 more
[typecheck] ✗ tsc --noEmit found 21 type error(s) — these compile under Vite but will crash at runtime:
[typecheck]   src/generated/audit-entry.routes.ts(166,11): TS2322 Type 'any' is not assignable to type 'never'.
[typecheck]   src/generated/audit-entry.routes.ts(237,9): TS2322 Type 'Record<string, unknown>' is not assignable to type '(Without<AuditEntryCreateInput, AuditEntryUncheckedCreateInput> & AuditEntryUncheckedCreateInput) | (Without<...> & AuditEntryCreateInput)'.
[typecheck]   src/generated/contract-record.routes.ts(166,11): TS2322 Type 'any' is not assignable to type 'never'.
[typecheck]   src/generated/contract-record.routes.ts(237,9): TS2322 Type 'Record<string, unknown>' is not assignable to type '(Without<ContractRecordCreateInput, ContractRecordUncheckedCreateInput> & ContractRecordUncheckedCreateInput) | (Without<...> & ContractRecordCreateInput)'.
[typecheck]   src/generated/domain.ts(88,7): TS2353 Object literal may only specify known properties, and 'pendingDeletes' does not exist in type 'AnnotationsMap<this, never>'.
[typecheck]   src/generated/domain.ts(296,7): TS2353 Object literal may only specify known properties, and 'pendingDeletes' does not exist in type 'AnnotationsMap<this, never>'.
[typecheck]   src/generated/domain.ts(504,7): TS2353 Object literal may only specify known properties, and 'pendingDeletes' does not exist in type 'AnnotationsMap<this, never>'.
[typecheck]   src/generated/domain.ts(712,7): TS2353 Object literal may only specify known properties, and 'pendingDeletes' does not exist in type 'AnnotationsMap<this, never>'.
[typecheck]   src/generated/domain.ts(920,7): TS2353 Object literal may only specify known properties, and 'pendingDeletes' does not exist in type 'AnnotationsMap<this, never>'.
[typecheck]   src/generated/domain.ts(1128,7): TS2353 Object literal may only specify known properties, and 'pendingDeletes' does not exist in type 'AnnotationsMap<this, never>'.
[typecheck]   …and 11 more
[api-stdout] 🚀 Server running on http://localhost:3001
[api-stdout] 🚀 Server running on http://localhost:3001
[stdout] build started...
[stdout] ✓ 1 modules transformed.
[stdout] dist/index.html                     0.43 kB │ gzip:   0.30 kB
[stdout] dist/assets/index-BN3PoZxl.css     66.31 kB │ gzip:   9.93 kB
dist/assets/index-Dgl0GkcN.js   2,528.55 kB │ gzip: 474.95 kB
[stdout] built in 3028ms.
[typecheck] ✗ tsc --noEmit found 21 type error(s) — these compile under Vite but will crash at runtime:
[typecheck]   src/generated/audit-entry.routes.ts(166,11): TS2322 Type 'any' is not assignable to type 'never'.
[typecheck]   src/generated/audit-entry.routes.ts(237,9): TS2322 Type 'Record<string, unknown>' is not assignable to type '(Without<AuditEntryCreateInput, AuditEntryUncheckedCreateInput> & AuditEntryUncheckedCreateInput) | (Without<...> & AuditEntryCreateInput)'.
[typecheck]   src/generated/contract-record.routes.ts(166,11): TS2322 Type 'any' is not assignable to type 'never'.
[typecheck]   src/generated/contract-record.routes.ts(237,9): TS2322 Type 'Record<string, unknown>' is not assignable to type '(Without<ContractRecordCreateInput, ContractRecordUncheckedCreateInput> & ContractRecordUncheckedCreateInput) | (Without<...> & ContractRecordCreateInput)'.
[typecheck]   src/generated/domain.ts(88,7): TS2353 Object literal may only specify known properties, and 'pendingDeletes' does not exist in type 'AnnotationsMap<this, never>'.
[typecheck]   src/generated/domain.ts(296,7): TS2353 Object literal may only specify known properties, and 'pendingDeletes' does not exist in type 'AnnotationsMap<this, never>'.
[typecheck]   src/generated/domain.ts(504,7): TS2353 Object literal may only specify known properties, and 'pendingDeletes' does not exist in type 'AnnotationsMap<this, never>'.
[typecheck]   src/generated/domain.ts(712,7): TS2353 Object literal may only specify known properties, and 'pendingDeletes' does not exist in type 'AnnotationsMap<this, never>'.
[typecheck]   src/generated/domain.ts(920,7): TS2353 Object literal may only specify known properties, and 'pendingDeletes' does not exist in type 'AnnotationsMap<this, never>'.
[typecheck]   src/generated/domain.ts(1128,7): TS2353 Object literal may only specify known properties, and 'pendingDeletes' does not exist in type 'AnnotationsMap<this, never>'.
[typecheck]   …and 11 more
[stdout] build started...
[stdout] ✓ 1 modules transformed.
[stdout] dist/index.html                     0.43 kB │ gzip:   0.30 kB
[stdout] dist/assets/index-BN3PoZxl.css     66.31 kB │ gzip:   9.93 kB
dist/assets/index-DOtFdhir.js   2,528.60 kB │ gzip: 474.95 kB
[stdout] built in 2730ms.
[typecheck] ✗ tsc --noEmit found 21 type error(s) — these compile under Vite but will crash at runtime:
[typecheck]   src/generated/audit-entry.routes.ts(166,11): TS2322 Type 'any' is not assignable to type 'never'.
[typecheck]   src/generated/audit-entry.routes.ts(237,9): TS2322 Type 'Record<string, unknown>' is not assignable to type '(Without<AuditEntryCreateInput, AuditEntryUncheckedCreateInput> & AuditEntryUncheckedCreateInput) | (Without<...> & AuditEntryCreateInput)'.
[typecheck]   src/generated/contract-record.routes.ts(166,11): TS2322 Type 'any' is not assignable to type 'never'.
[typecheck]   src/generated/contract-record.routes.ts(237,9): TS2322 Type 'Record<string, unknown>' is not assignable to type '(Without<ContractRecordCreateInput, ContractRecordUncheckedCreateInput> & ContractRecordUncheckedCreateInput) | (Without<...> & ContractRecordCreateInput)'.
[typecheck]   src/generated/domain.ts(88,7): TS2353 Object literal may only specify known properties, and 'pendingDeletes' does not exist in type 'AnnotationsMap<this, never>'.
[typecheck]   src/generated/domain.ts(296,7): TS2353 Object literal may only specify known properties, and 'pendingDeletes' does not exist in type 'AnnotationsMap<this, never>'.
[typecheck]   src/generated/domain.ts(504,7): TS2353 Object literal may only specify known properties, and 'pendingDeletes' does not exist in type 'AnnotationsMap<this, never>'.
[typecheck]   src/generated/domain.ts(712,7): TS2353 Object literal may only specify known properties, and 'pendingDeletes' does not exist in type 'AnnotationsMap<this, never>'.
[typecheck]   src/generated/domain.ts(920,7): TS2353 Object literal may only specify known properties, and 'pendingDeletes' does not exist in type 'AnnotationsMap<this, never>'.
[typecheck]   src/generated/domain.ts(1128,7): TS2353 Object literal may only specify known properties, and 'pendingDeletes' does not exist in type 'AnnotationsMap<this, never>'.
[typecheck]   …and 11 more
[stdout] build started...
[stdout] ✓ 1 modules transformed.
[stdout] dist/index.html                     0.43 kB │ gzip:   0.30 kB
[stdout] dist/assets/index-BN3PoZxl.css     66.31 kB │ gzip:   9.93 kB
dist/assets/index-Dgl0GkcN.js   2,528.55 kB │ gzip: 474.95 kB
[stdout] built in 2608ms.
[typecheck] ✗ tsc --noEmit found 21 type error(s) — these compile under Vite but will crash at runtime:
[typecheck]   src/generated/audit-entry.routes.ts(166,11): TS2322 Type 'any' is not assignable to type 'never'.
[typecheck]   src/generated/audit-entry.routes.ts(237,9): TS2322 Type 'Record<string, unknown>' is not assignable to type '(Without<AuditEntryCreateInput, AuditEntryUncheckedCreateInput> & AuditEntryUncheckedCreateInput) | (Without<...> & AuditEntryCreateInput)'.
[typecheck]   src/generated/contract-record.routes.ts(166,11): TS2322 Type 'any' is not assignable to type 'never'.
[typecheck]   src/generated/contract-record.routes.ts(237,9): TS2322 Type 'Record<string, unknown>' is not assignable to type '(Without<ContractRecordCreateInput, ContractRecordUncheckedCreateInput> & ContractRecordUncheckedCreateInput) | (Without<...> & ContractRecordCreateInput)'.
[typecheck]   src/generated/domain.ts(88,7): TS2353 Object literal may only specify known properties, and 'pendingDeletes' does not exist in type 'AnnotationsMap<this, never>'.
[typecheck]   src/generated/domain.ts(296,7): TS2353 Object literal may only specify known properties, and 'pendingDeletes' does not exist in type 'AnnotationsMap<this, never>'.
[typecheck]   src/generated/domain.ts(504,7): TS2353 Object literal may only specify known properties, and 'pendingDeletes' does not exist in type 'AnnotationsMap<this, never>'.
[typecheck]   src/generated/domain.ts(712,7): TS2353 Object literal may only specify known properties, and 'pendingDeletes' does not exist in type 'AnnotationsMap<this, never>'.
[typecheck]   src/generated/domain.ts(920,7): TS2353 Object literal may only specify known properties, and 'pendingDeletes' does not exist in type 'AnnotationsMap<this, never>'.
[typecheck]   src/generated/domain.ts(1128,7): TS2353 Object literal may only specify known properties, and 'pendingDeletes' does not exist in type 'AnnotationsMap<this, never>'.
[typecheck]   …and 11 more
[stdout] build started...
[stdout] ✓ 1 modules transformed.
[stdout] dist/index.html                     0.43 kB │ gzip:   0.30 kB
[stdout] dist/assets/index-BN3PoZxl.css     66.31 kB │ gzip:   9.93 kB
[stdout] dist/assets/index-DOtFdhir.js   2,528.60 kB │ gzip: 474.95 kB
[stdout] built in 2631ms.
[typecheck] ✗ tsc --noEmit found 21 type error(s) — these compile under Vite but will crash at runtime:
[typecheck]   src/generated/audit-entry.routes.ts(166,11): TS2322 Type 'any' is not assignable to type 'never'.
[typecheck]   src/generated/audit-entry.routes.ts(237,9): TS2322 Type 'Record<string, unknown>' is not assignable to type '(Without<AuditEntryCreateInput, AuditEntryUncheckedCreateInput> & AuditEntryUncheckedCreateInput) | (Without<...> & AuditEntryCreateInput)'.
[typecheck]   src/generated/contract-record.routes.ts(166,11): TS2322 Type 'any' is not assignable to type 'never'.
[typecheck]   src/generated/contract-record.routes.ts(237,9): TS2322 Type 'Record<string, unknown>' is not assignable to type '(Without<ContractRecordCreateInput, ContractRecordUncheckedCreateInput> & ContractRecordUncheckedCreateInput) | (Without<...> & ContractRecordCreateInput)'.
[typecheck]   src/generated/domain.ts(88,7): TS2353 Object literal may only specify known properties, and 'pendingDeletes' does not exist in type 'AnnotationsMap<this, never>'.
[typecheck]   src/generated/domain.ts(296,7): TS2353 Object literal may only specify known properties, and 'pendingDeletes' does not exist in type 'AnnotationsMap<this, never>'.
[typecheck]   src/generated/domain.ts(504,7): TS2353 Object literal may only specify known properties, and 'pendingDeletes' does not exist in type 'AnnotationsMap<this, never>'.
[typecheck]   src/generated/domain.ts(712,7): TS2353 Object literal may only specify known properties, and 'pendingDeletes' does not exist in type 'AnnotationsMap<this, never>'.
[typecheck]   src/generated/domain.ts(920,7): TS2353 Object literal may only specify known properties, and 'pendingDeletes' does not exist in type 'AnnotationsMap<this, never>'.
[typecheck]   src/generated/domain.ts(1128,7): TS2353 Object literal may only specify known properties, and 'pendingDeletes' does not exist in type 'AnnotationsMap<this, never>'.
[typecheck]   …and 11 more
[stdout] build started...
[stdout] ✓ 1 modules transformed.
[stdout] dist/index.html                     0.43 kB │ gzip:   0.30 kB
[stdout] dist/assets/index-BN3PoZxl.css     66.31 kB │ gzip:   9.93 kB
dist/assets/index-Dgl0GkcN.js   2,528.55 kB │ gzip: 474.95 kB
[stdout] built in 2870ms.
[typecheck] ✗ tsc --noEmit found 21 type error(s) — these compile under Vite but will crash at runtime:
[typecheck]   src/generated/audit-entry.routes.ts(166,11): TS2322 Type 'any' is not assignable to type 'never'.
[typecheck]   src/generated/audit-entry.routes.ts(237,9): TS2322 Type 'Record<string, unknown>' is not assignable to type '(Without<AuditEntryCreateInput, AuditEntryUncheckedCreateInput> & AuditEntryUncheckedCreateInput) | (Without<...> & AuditEntryCreateInput)'.
[typecheck]   src/generated/contract-record.routes.ts(166,11): TS2322 Type 'any' is not assignable to type 'never'.
[typecheck]   src/generated/contract-record.routes.ts(237,9): TS2322 Type 'Record<string, unknown>' is not assignable to type '(Without<ContractRecordCreateInput, ContractRecordUncheckedCreateInput> & ContractRecordUncheckedCreateInput) | (Without<...> & ContractRecordCreateInput)'.
[typecheck]   src/generated/domain.ts(88,7): TS2353 Object literal may only specify known properties, and 'pendingDeletes' does not exist in type 'AnnotationsMap<this, never>'.
[typecheck]   src/generated/domain.ts(296,7): TS2353 Object literal may only specify known properties, and 'pendingDeletes' does not exist in type 'AnnotationsMap<this, never>'.
[typecheck]   src/generated/domain.ts(504,7): TS2353 Object literal may only specify known properties, and 'pendingDeletes' does not exist in type 'AnnotationsMap<this, never>'.
[typecheck]   src/generated/domain.ts(712,7): TS2353 Object literal may only specify known properties, and 'pendingDeletes' does not exist in type 'AnnotationsMap<this, never>'.
[typecheck]   src/generated/domain.ts(920,7): TS2353 Object literal may only specify known properties, and 'pendingDeletes' does not exist in type 'AnnotationsMap<this, never>'.
[typecheck]   src/generated/domain.ts(1128,7): TS2353 Object literal may only specify known properties, and 'pendingDeletes' does not exist in type 'AnnotationsMap<this, never>'.
[typecheck]   …and 11 more
[stdout] build started...
[stdout] ✓ 1 modules transformed.
[stdout] dist/index.html                     0.43 kB │ gzip:   0.30 kB
[stdout] dist/assets/index-BN3PoZxl.css     66.31 kB │ gzip:   9.93 kB
dist/assets/index-DOtFdhir.js   2,528.60 kB │ gzip: 474.95 kB
[stdout] built in 2572ms.
[typecheck] ✗ tsc --noEmit found 21 type error(s) — these compile under Vite but will crash at runtime:
[typecheck]   src/generated/audit-entry.routes.ts(166,11): TS2322 Type 'any' is not assignable to type 'never'.
[typecheck]   src/generated/audit-entry.routes.ts(237,9): TS2322 Type 'Record<string, unknown>' is not assignable to type '(Without<AuditEntryCreateInput, AuditEntryUncheckedCreateInput> & AuditEntryUncheckedCreateInput) | (Without<...> & AuditEntryCreateInput)'.
[typecheck]   src/generated/contract-record.routes.ts(166,11): TS2322 Type 'any' is not assignable to type 'never'.
[typecheck]   src/generated/contract-record.routes.ts(237,9): TS2322 Type 'Record<string, unknown>' is not assignable to type '(Without<ContractRecordCreateInput, ContractRecordUncheckedCreateInput> & ContractRecordUncheckedCreateInput) | (Without<...> & ContractRecordCreateInput)'.
[typecheck]   src/generated/domain.ts(88,7): TS2353 Object literal may only specify known properties, and 'pendingDeletes' does not exist in type 'AnnotationsMap<this, never>'.
[typecheck]   src/generated/domain.ts(296,7): TS2353 Object literal may only specify known properties, and 'pendingDeletes' does not exist in type 'AnnotationsMap<this, never>'.
[typecheck]   src/generated/domain.ts(504,7): TS2353 Object literal may only specify known properties, and 'pendingDeletes' does not exist in type 'AnnotationsMap<this, never>'.
[typecheck]   src/generated/domain.ts(712,7): TS2353 Object literal may only specify known properties, and 'pendingDeletes' does not exist in type 'AnnotationsMap<this, never>'.
[typecheck]   src/generated/domain.ts(920,7): TS2353 Object literal may only specify known properties, and 'pendingDeletes' does not exist in type 'AnnotationsMap<this, never>'.
[typecheck]   src/generated/domain.ts(1128,7): TS2353 Object literal may only specify known properties, and 'pendingDeletes' does not exist in type 'AnnotationsMap<this, never>'.
[typecheck]   …and 11 more
[api-stdout] 🚀 Server running on http://localhost:3001
[api-stdout] 🚀 Server running on http://localhost:3001
[stdout] build started...
[stdout] ✓ 1 modules transformed.
[stdout] dist/index.html                     0.43 kB │ gzip:   0.30 kB
dist/assets/index-BN3PoZxl.css     66.31 kB │ gzip:   9.93 kB
[stdout] dist/assets/index-Dgl0GkcN.js   2,528.55 kB │ gzip: 474.95 kB
[stdout] built in 5044ms.
[typecheck] ✗ tsc --noEmit found 21 type error(s) — these compile under Vite but will crash at runtime:
[typecheck]   src/generated/audit-entry.routes.ts(166,11): TS2322 Type 'any' is not assignable to type 'never'.
[typecheck]   src/generated/audit-entry.routes.ts(237,9): TS2322 Type 'Record<string, unknown>' is not assignable to type '(Without<AuditEntryCreateInput, AuditEntryUncheckedCreateInput> & AuditEntryUncheckedCreateInput) | (Without<...> & AuditEntryCreateInput)'.
[typecheck]   src/generated/contract-record.routes.ts(166,11): TS2322 Type 'any' is not assignable to type 'never'.
[typecheck]   src/generated/contract-record.routes.ts(237,9): TS2322 Type 'Record<string, unknown>' is not assignable to type '(Without<ContractRecordCreateInput, ContractRecordUncheckedCreateInput> & ContractRecordUncheckedCreateInput) | (Without<...> & ContractRecordCreateInput)'.
[typecheck]   src/generated/domain.ts(88,7): TS2353 Object literal may only specify known properties, and 'pendingDeletes' does not exist in type 'AnnotationsMap<this, never>'.
[typecheck]   src/generated/domain.ts(296,7): TS2353 Object literal may only specify known properties, and 'pendingDeletes' does not exist in type 'AnnotationsMap<this, never>'.
[typecheck]   src/generated/domain.ts(504,7): TS2353 Object literal may only specify known properties, and 'pendingDeletes' does not exist in type 'AnnotationsMap<this, never>'.
[typecheck]   src/generated/domain.ts(712,7): TS2353 Object literal may only specify known properties, and 'pendingDeletes' does not exist in type 'AnnotationsMap<this, never>'.
[typecheck]   src/generated/domain.ts(920,7): TS2353 Object literal may only specify known properties, and 'pendingDeletes' does not exist in type 'AnnotationsMap<this, never>'.
[typecheck]   src/generated/domain.ts(1128,7): TS2353 Object literal may only specify known properties, and 'pendingDeletes' does not exist in type 'AnnotationsMap<this, never>'.
[typecheck]   …and 11 more
[stdout] build started...
[stdout] ✓ 1 modules transformed.
[stdout] dist/index.html                     0.43 kB │ gzip:   0.30 kB
dist/assets/index-DzG8zPRM.css     66.55 kB │ gzip:   9.95 kB
[stdout] dist/assets/index-2F9UXZMK.js   2,528.60 kB │ gzip: 474.95 kB
[stdout] built in 3924ms.
[typecheck] ✗ tsc --noEmit found 21 type error(s) — these compile under Vite but will crash at runtime:
[typecheck]   src/generated/audit-entry.routes.ts(166,11): TS2322 Type 'any' is not assignable to type 'never'.
[typecheck]   src/generated/audit-entry.routes.ts(237,9): TS2322 Type 'Record<string, unknown>' is not assignable to type '(Without<AuditEntryCreateInput, AuditEntryUncheckedCreateInput> & AuditEntryUncheckedCreateInput) | (Without<...> & AuditEntryCreateInput)'.
[typecheck]   src/generated/contract-record.routes.ts(166,11): TS2322 Type 'any' is not assignable to type 'never'.
[typecheck]   src/generated/contract-record.routes.ts(237,9): TS2322 Type 'Record<string, unknown>' is not assignable to type '(Without<ContractRecordCreateInput, ContractRecordUncheckedCreateInput> & ContractRecordUncheckedCreateInput) | (Without<...> & ContractRecordCreateInput)'.
[typecheck]   src/generated/domain.ts(88,7): TS2353 Object literal may only specify known properties, and 'pendingDeletes' does not exist in type 'AnnotationsMap<this, never>'.
[typecheck]   src/generated/domain.ts(296,7): TS2353 Object literal may only specify known properties, and 'pendingDeletes' does not exist in type 'AnnotationsMap<this, never>'.
[typecheck]   src/generated/domain.ts(504,7): TS2353 Object literal may only specify known properties, and 'pendingDeletes' does not exist in type 'AnnotationsMap<this, never>'.
[typecheck]   src/generated/domain.ts(712,7): TS2353 Object literal may only specify known properties, and 'pendingDeletes' does not exist in type 'AnnotationsMap<this, never>'.
[typecheck]   src/generated/domain.ts(920,7): TS2353 Object literal may only specify known properties, and 'pendingDeletes' does not exist in type 'AnnotationsMap<this, never>'.
[typecheck]   src/generated/domain.ts(1128,7): TS2353 Object literal may only specify known properties, and 'pendingDeletes' does not exist in type 'AnnotationsMap<this, never>'.
[typecheck]   …and 11 more
[stdout] build started...
[stdout] ✓ 1 modules transformed.
[stdout] dist/index.html                     0.43 kB │ gzip:   0.30 kB
[stdout] dist/assets/index-DzG8zPRM.css     66.55 kB │ gzip:   9.95 kB
[stdout] dist/assets/index-D7Ta8iAS.js   2,528.55 kB │ gzip: 474.95 kB
[stdout] built in 3175ms.
[typecheck] ✗ tsc --noEmit found 21 type error(s) — these compile under Vite but will crash at runtime:
[typecheck]   src/generated/audit-entry.routes.ts(166,11): TS2322 Type 'any' is not assignable to type 'never'.
[typecheck]   src/generated/audit-entry.routes.ts(237,9): TS2322 Type 'Record<string, unknown>' is not assignable to type '(Without<AuditEntryCreateInput, AuditEntryUncheckedCreateInput> & AuditEntryUncheckedCreateInput) | (Without<...> & AuditEntryCreateInput)'.
[typecheck]   src/generated/contract-record.routes.ts(166,11): TS2322 Type 'any' is not assignable to type 'never'.
[typecheck]   src/generated/contract-record.routes.ts(237,9): TS2322 Type 'Record<string, unknown>' is not assignable to type '(Without<ContractRecordCreateInput, ContractRecordUncheckedCreateInput> & ContractRecordUncheckedCreateInput) | (Without<...> & ContractRecordCreateInput)'.
[typecheck]   src/generated/domain.ts(88,7): TS2353 Object literal may only specify known properties, and 'pendingDeletes' does not exist in type 'AnnotationsMap<this, never>'.
[typecheck]   src/generated/domain.ts(296,7): TS2353 Object literal may only specify known properties, and 'pendingDeletes' does not exist in type 'AnnotationsMap<this, never>'.
[typecheck]   src/generated/domain.ts(504,7): TS2353 Object literal may only specify known properties, and 'pendingDeletes' does not exist in type 'AnnotationsMap<this, never>'.
[typecheck]   src/generated/domain.ts(712,7): TS2353 Object literal may only specify known properties, and 'pendingDeletes' does not exist in type 'AnnotationsMap<this, never>'.
[typecheck]   src/generated/domain.ts(920,7): TS2353 Object literal may only specify known properties, and 'pendingDeletes' does not exist in type 'AnnotationsMap<this, never>'.
[typecheck]   src/generated/domain.ts(1128,7): TS2353 Object literal may only specify known properties, and 'pendingDeletes' does not exist in type 'AnnotationsMap<this, never>'.
[typecheck]   …and 11 more
[stdout] build started...
[stdout] ✓ 1 modules transformed.
[stdout] dist/index.html                     0.43 kB │ gzip:   0.30 kB
[stdout] dist/assets/index-DzG8zPRM.css     66.55 kB │ gzip:   9.95 kB
[stdout] dist/assets/index-2F9UXZMK.js   2,528.60 kB │ gzip: 474.95 kB
[stdout] built in 3160ms.
[stdout] build started...
[stdout] ✓ 0 modules transformed.
[stdout] dist/index.html                     0.43 kB │ gzip:   0.30 kB
dist/assets/index-DzG8zPRM.css     66.55 kB │ gzip:   9.95 kB
dist/assets/index-D7Ta8iAS.js   2,528.55 kB │ gzip: 474.95 kB
[stdout] built in 3411ms.
[typecheck] ✗ tsc --noEmit found 21 type error(s) — these compile under Vite but will crash at runtime:
[typecheck]   src/generated/audit-entry.routes.ts(166,11): TS2322 Type 'any' is not assignable to type 'never'.
[typecheck]   src/generated/audit-entry.routes.ts(237,9): TS2322 Type 'Record<string, unknown>' is not assignable to type '(Without<AuditEntryCreateInput, AuditEntryUncheckedCreateInput> & AuditEntryUncheckedCreateInput) | (Without<...> & AuditEntryCreateInput)'.
[typecheck]   src/generated/contract-record.routes.ts(166,11): TS2322 Type 'any' is not assignable to type 'never'.
[typecheck]   src/generated/contract-record.routes.ts(237,9): TS2322 Type 'Record<string, unknown>' is not assignable to type '(Without<ContractRecordCreateInput, ContractRecordUncheckedCreateInput> & ContractRecordUncheckedCreateInput) | (Without<...> & ContractRecordCreateInput)'.
[typecheck]   src/generated/domain.ts(88,7): TS2353 Object literal may only specify known properties, and 'pendingDeletes' does not exist in type 'AnnotationsMap<this, never>'.
[typecheck]   src/generated/domain.ts(296,7): TS2353 Object literal may only specify known properties, and 'pendingDeletes' does not exist in type 'AnnotationsMap<this, never>'.
[typecheck]   src/generated/domain.ts(504,7): TS2353 Object literal may only specify known properties, and 'pendingDeletes' does not exist in type 'AnnotationsMap<this, never>'.
[typecheck]   src/generated/domain.ts(712,7): TS2353 Object literal may only specify known properties, and 'pendingDeletes' does not exist in type 'AnnotationsMap<this, never>'.
[typecheck]   src/generated/domain.ts(920,7): TS2353 Object literal may only specify known properties, and 'pendingDeletes' does not exist in type 'AnnotationsMap<this, never>'.
[typecheck]   src/generated/domain.ts(1128,7): TS2353 Object literal may only specify known properties, and 'pendingDeletes' does not exist in type 'AnnotationsMap<this, never>'.
[typecheck]   …and 11 more
[typecheck] ✗ tsc --noEmit found 21 type error(s) — these compile under Vite but will crash at runtime:
[typecheck]   src/generated/audit-entry.routes.ts(166,11): TS2322 Type 'any' is not assignable to type 'never'.
[typecheck]   src/generated/audit-entry.routes.ts(237,9): TS2322 Type 'Record<string, unknown>' is not assignable to type '(Without<AuditEntryCreateInput, AuditEntryUncheckedCreateInput> & AuditEntryUncheckedCreateInput) | (Without<...> & AuditEntryCreateInput)'.
[typecheck]   src/generated/contract-record.routes.ts(166,11): TS2322 Type 'any' is not assignable to type 'never'.
[typecheck]   src/generated/contract-record.routes.ts(237,9): TS2322 Type 'Record<string, unknown>' is not assignable to type '(Without<ContractRecordCreateInput, ContractRecordUncheckedCreateInput> & ContractRecordUncheckedCreateInput) | (Without<...> & ContractRecordCreateInput)'.
[typecheck]   src/generated/domain.ts(88,7): TS2353 Object literal may only specify known properties, and 'pendingDeletes' does not exist in type 'AnnotationsMap<this, never>'.
[typecheck]   src/generated/domain.ts(296,7): TS2353 Object literal may only specify known properties, and 'pendingDeletes' does not exist in type 'AnnotationsMap<this, never>'.
[typecheck]   src/generated/domain.ts(504,7): TS2353 Object literal may only specify known properties, and 'pendingDeletes' does not exist in type 'AnnotationsMap<this, never>'.
[typecheck]   src/generated/domain.ts(712,7): TS2353 Object literal may only specify known properties, and 'pendingDeletes' does not exist in type 'AnnotationsMap<this, never>'.
[typecheck]   src/generated/domain.ts(920,7): TS2353 Object literal may only specify known properties, and 'pendingDeletes' does not exist in type 'AnnotationsMap<this, never>'.
[typecheck]   src/generated/domain.ts(1128,7): TS2353 Object literal may only specify known properties, and 'pendingDeletes' does not exist in type 'AnnotationsMap<this, never>'.
[typecheck]   …and 11 more
[stdout] build started...
[stdout] ✓ 2 modules transformed.
[stdout] dist/index.html                     0.43 kB │ gzip:   0.30 kB
[stdout] dist/assets/index-DzG8zPRM.css     66.55 kB │ gzip:   9.95 kB
dist/assets/index-DRmRl5v4.js   2,528.78 kB │ gzip: 475.05 kB
[stdout] built in 3413ms.
[typecheck] ✗ tsc --noEmit found 21 type error(s) — these compile under Vite but will crash at runtime:
[typecheck]   src/generated/audit-entry.routes.ts(166,11): TS2322 Type 'any' is not assignable to type 'never'.
[typecheck]   src/generated/audit-entry.routes.ts(237,9): TS2322 Type 'Record<string, unknown>' is not assignable to type '(Without<AuditEntryCreateInput, AuditEntryUncheckedCreateInput> & AuditEntryUncheckedCreateInput) | (Without<...> & AuditEntryCreateInput)'.
[typecheck]   src/generated/contract-record.routes.ts(166,11): TS2322 Type 'any' is not assignable to type 'never'.
[typecheck]   src/generated/contract-record.routes.ts(237,9): TS2322 Type 'Record<string, unknown>' is not assignable to type '(Without<ContractRecordCreateInput, ContractRecordUncheckedCreateInput> & ContractRecordUncheckedCreateInput) | (Without<...> & ContractRecordCreateInput)'.
[typecheck]   src/generated/domain.ts(88,7): TS2353 Object literal may only specify known properties, and 'pendingDeletes' does not exist in type 'AnnotationsMap<this, never>'.
[typecheck]   src/generated/domain.ts(296,7): TS2353 Object literal may only specify known properties, and 'pendingDeletes' does not exist in type 'AnnotationsMap<this, never>'.
[typecheck]   src/generated/domain.ts(504,7): TS2353 Object literal may only specify known properties, and 'pendingDeletes' does not exist in type 'AnnotationsMap<this, never>'.
[typecheck]   src/generated/domain.ts(712,7): TS2353 Object literal may only specify known properties, and 'pendingDeletes' does not exist in type 'AnnotationsMap<this, never>'.
[typecheck]   src/generated/domain.ts(920,7): TS2353 Object literal may only specify known properties, and 'pendingDeletes' does not exist in type 'AnnotationsMap<this, never>'.
[typecheck]   src/generated/domain.ts(1128,7): TS2353 Object literal may only specify known properties, and 'pendingDeletes' does not exist in type 'AnnotationsMap<this, never>'.
[typecheck]   …and 11 more
[stdout] build started...
[stdout] ✓ 1 modules transformed.
[stdout] dist/index.html                     0.43 kB │ gzip:   0.30 kB
[stdout] dist/assets/index-DzG8zPRM.css     66.55 kB │ gzip:   9.95 kB
dist/assets/index-BwHR1UnE.js   2,528.73 kB │ gzip: 475.05 kB
[stdout] built in 3123ms.
[typecheck] ✗ tsc --noEmit found 21 type error(s) — these compile under Vite but will crash at runtime:
[typecheck]   src/generated/audit-entry.routes.ts(166,11): TS2322 Type 'any' is not assignable to type 'never'.
[typecheck]   src/generated/audit-entry.routes.ts(237,9): TS2322 Type 'Record<string, unknown>' is not assignable to type '(Without<AuditEntryCreateInput, AuditEntryUncheckedCreateInput> & AuditEntryUncheckedCreateInput) | (Without<...> & AuditEntryCreateInput)'.
[typecheck]   src/generated/contract-record.routes.ts(166,11): TS2322 Type 'any' is not assignable to type 'never'.
[typecheck]   src/generated/contract-record.routes.ts(237,9): TS2322 Type 'Record<string, unknown>' is not assignable to type '(Without<ContractRecordCreateInput, ContractRecordUncheckedCreateInput> & ContractRecordUncheckedCreateInput) | (Without<...> & ContractRecordCreateInput)'.
[typecheck]   src/generated/domain.ts(88,7): TS2353 Object literal may only specify known properties, and 'pendingDeletes' does not exist in type 'AnnotationsMap<this, never>'.
[typecheck]   src/generated/domain.ts(296,7): TS2353 Object literal may only specify known properties, and 'pendingDeletes' does not exist in type 'AnnotationsMap<this, never>'.
[typecheck]   src/generated/domain.ts(504,7): TS2353 Object literal may only specify known properties, and 'pendingDeletes' does not exist in type 'AnnotationsMap<this, never>'.
[typecheck]   src/generated/domain.ts(712,7): TS2353 Object literal may only specify known properties, and 'pendingDeletes' does not exist in type 'AnnotationsMap<this, never>'.
[typecheck]   src/generated/domain.ts(920,7): TS2353 Object literal may only specify known properties, and 'pendingDeletes' does not exist in type 'AnnotationsMap<this, never>'.
[typecheck]   src/generated/domain.ts(1128,7): TS2353 Object literal may only specify known properties, and 'pendingDeletes' does not exist in type 'AnnotationsMap<this, never>'.
[typecheck]   …and 11 more
[stdout] build started...
[stdout] ✓ 1 modules transformed.
[stdout] dist/index.html                     0.43 kB │ gzip:   0.30 kB
dist/assets/index-DzG8zPRM.css     66.55 kB │ gzip:   9.95 kB
dist/assets/index-DRmRl5v4.js   2,528.78 kB │ gzip: 475.05 kB
[stdout] built in 2785ms.
[typecheck] ✗ tsc --noEmit found 21 type error(s) — these compile under Vite but will crash at runtime:
[typecheck]   src/generated/audit-entry.routes.ts(166,11): TS2322 Type 'any' is not assignable to type 'never'.
[typecheck]   src/generated/audit-entry.routes.ts(237,9): TS2322 Type 'Record<string, unknown>' is not assignable to type '(Without<AuditEntryCreateInput, AuditEntryUncheckedCreateInput> & AuditEntryUncheckedCreateInput) | (Without<...> & AuditEntryCreateInput)'.
[typecheck]   src/generated/contract-record.routes.ts(166,11): TS2322 Type 'any' is not assignable to type 'never'.
[typecheck]   src/generated/contract-record.routes.ts(237,9): TS2322 Type 'Record<string, unknown>' is not assignable to type '(Without<ContractRecordCreateInput, ContractRecordUncheckedCreateInput> & ContractRecordUncheckedCreateInput) | (Without<...> & ContractRecordCreateInput)'.
[typecheck]   src/generated/domain.ts(88,7): TS2353 Object literal may only specify known properties, and 'pendingDeletes' does not exist in type 'AnnotationsMap<this, never>'.
[typecheck]   src/generated/domain.ts(296,7): TS2353 Object literal may only specify known properties, and 'pendingDeletes' does not exist in type 'AnnotationsMap<this, never>'.
[typecheck]   src/generated/domain.ts(504,7): TS2353 Object literal may only specify known properties, and 'pendingDeletes' does not exist in type 'AnnotationsMap<this, never>'.
[typecheck]   src/generated/domain.ts(712,7): TS2353 Object literal may only specify known properties, and 'pendingDeletes' does not exist in type 'AnnotationsMap<this, never>'.
[typecheck]   src/generated/domain.ts(920,7): TS2353 Object literal may only specify known properties, and 'pendingDeletes' does not exist in type 'AnnotationsMap<this, never>'.
[typecheck]   src/generated/domain.ts(1128,7): TS2353 Object literal may only specify known properties, and 'pendingDeletes' does not exist in type 'AnnotationsMap<this, never>'.
[typecheck]   …and 11 more
[stdout] build started...
[stdout] ✓ 1 modules transformed.
[stdout] dist/index.html                     0.43 kB │ gzip:   0.30 kB
[stdout] dist/assets/index-DzG8zPRM.css     66.55 kB │ gzip:   9.95 kB
dist/assets/index-BwHR1UnE.js   2,528.73 kB │ gzip: 475.05 kB
[stdout] built in 3712ms.
[typecheck] ✗ tsc --noEmit found 21 type error(s) — these compile under Vite but will crash at runtime:
[typecheck]   src/generated/audit-entry.routes.ts(166,11): TS2322 Type 'any' is not assignable to type 'never'.
[typecheck]   src/generated/audit-entry.routes.ts(237,9): TS2322 Type 'Record<string, unknown>' is not assignable to type '(Without<AuditEntryCreateInput, AuditEntryUncheckedCreateInput> & AuditEntryUncheckedCreateInput) | (Without<...> & AuditEntryCreateInput)'.
[typecheck]   src/generated/contract-record.routes.ts(166,11): TS2322 Type 'any' is not assignable to type 'never'.
[typecheck]   src/generated/contract-record.routes.ts(237,9): TS2322 Type 'Record<string, unknown>' is not assignable to type '(Without<ContractRecordCreateInput, ContractRecordUncheckedCreateInput> & ContractRecordUncheckedCreateInput) | (Without<...> & ContractRecordCreateInput)'.
[typecheck]   src/generated/domain.ts(88,7): TS2353 Object literal may only specify known properties, and 'pendingDeletes' does not exist in type 'AnnotationsMap<this, never>'.
[typecheck]   src/generated/domain.ts(296,7): TS2353 Object literal may only specify known properties, and 'pendingDeletes' does not exist in type 'AnnotationsMap<this, never>'.
[typecheck]   src/generated/domain.ts(504,7): TS2353 Object literal may only specify known properties, and 'pendingDeletes' does not exist in type 'AnnotationsMap<this, never>'.
[typecheck]   src/generated/domain.ts(712,7): TS2353 Object literal may only specify known properties, and 'pendingDeletes' does not exist in type 'AnnotationsMap<this, never>'.
[typecheck]   src/generated/domain.ts(920,7): TS2353 Object literal may only specify known properties, and 'pendingDeletes' does not exist in type 'AnnotationsMap<this, never>'.
[typecheck]   src/generated/domain.ts(1128,7): TS2353 Object literal may only specify known properties, and 'pendingDeletes' does not exist in type 'AnnotationsMap<this, never>'.
[typecheck]   …and 11 more
[stdout] build started...
[stdout] ✓ 1 modules transformed.
[stdout] dist/index.html                     0.43 kB │ gzip:   0.30 kB
[stdout] dist/assets/index-DzG8zPRM.css     66.55 kB │ gzip:   9.95 kB
dist/assets/index-DRmRl5v4.js   2,528.78 kB │ gzip: 475.05 kB
[stdout] built in 3090ms.
[typecheck] ✗ tsc --noEmit found 21 type error(s) — these compile under Vite but will crash at runtime:
[typecheck]   src/generated/audit-entry.routes.ts(166,11): TS2322 Type 'any' is not assignable to type 'never'.
[typecheck]   src/generated/audit-entry.routes.ts(237,9): TS2322 Type 'Record<string, unknown>' is not assignable to type '(Without<AuditEntryCreateInput, AuditEntryUncheckedCreateInput> & AuditEntryUncheckedCreateInput) | (Without<...> & AuditEntryCreateInput)'.
[typecheck]   src/generated/contract-record.routes.ts(166,11): TS2322 Type 'any' is not assignable to type 'never'.
[typecheck]   src/generated/contract-record.routes.ts(237,9): TS2322 Type 'Record<string, unknown>' is not assignable to type '(Without<ContractRecordCreateInput, ContractRecordUncheckedCreateInput> & ContractRecordUncheckedCreateInput) | (Without<...> & ContractRecordCreateInput)'.
[typecheck]   src/generated/domain.ts(88,7): TS2353 Object literal may only specify known properties, and 'pendingDeletes' does not exist in type 'AnnotationsMap<this, never>'.
[typecheck]   src/generated/domain.ts(296,7): TS2353 Object literal may only specify known properties, and 'pendingDeletes' does not exist in type 'AnnotationsMap<this, never>'.
[typecheck]   src/generated/domain.ts(504,7): TS2353 Object literal may only specify known properties, and 'pendingDeletes' does not exist in type 'AnnotationsMap<this, never>'.
[typecheck]   src/generated/domain.ts(712,7): TS2353 Object literal may only specify known properties, and 'pendingDeletes' does not exist in type 'AnnotationsMap<this, never>'.
[typecheck]   src/generated/domain.ts(920,7): TS2353 Object literal may only specify known properties, and 'pendingDeletes' does not exist in type 'AnnotationsMap<this, never>'.
[typecheck]   src/generated/domain.ts(1128,7): TS2353 Object literal may only specify known properties, and 'pendingDeletes' does not exist in type 'AnnotationsMap<this, never>'.
[typecheck]   …and 11 more
[stdout] build started...
[stdout] ✓ 1 modules transformed.
[stdout] dist/index.html                     0.43 kB │ gzip:   0.30 kB
dist/assets/index-DzG8zPRM.css     66.55 kB │ gzip:   9.95 kB
[stdout] dist/assets/index-BwHR1UnE.js   2,528.73 kB │ gzip: 475.05 kB
[stdout] built in 3486ms.
[stdout] build started...
[stdout] ✓ 0 modules transformed.
[stdout] dist/index.html                     0.43 kB │ gzip:   0.30 kB
[stdout] dist/assets/index-DzG8zPRM.css     66.55 kB │ gzip:   9.95 kB
dist/assets/index-DRmRl5v4.js   2,528.78 kB │ gzip: 475.05 kB
[stdout] built in 4619ms.
[typecheck] ✗ tsc --noEmit found 21 type error(s) — these compile under Vite but will crash at runtime:
[typecheck]   src/generated/audit-entry.routes.ts(166,11): TS2322 Type 'any' is not assignable to type 'never'.
[typecheck]   src/generated/audit-entry.routes.ts(237,9): TS2322 Type 'Record<string, unknown>' is not assignable to type '(Without<AuditEntryCreateInput, AuditEntryUncheckedCreateInput> & AuditEntryUncheckedCreateInput) | (Without<...> & AuditEntryCreateInput)'.
[typecheck]   src/generated/contract-record.routes.ts(166,11): TS2322 Type 'any' is not assignable to type 'never'.
[typecheck]   src/generated/contract-record.routes.ts(237,9): TS2322 Type 'Record<string, unknown>' is not assignable to type '(Without<ContractRecordCreateInput, ContractRecordUncheckedCreateInput> & ContractRecordUncheckedCreateInput) | (Without<...> & ContractRecordCreateInput)'.
[typecheck]   src/generated/domain.ts(88,7): TS2353 Object literal may only specify known properties, and 'pendingDeletes' does not exist in type 'AnnotationsMap<this, never>'.
[typecheck]   src/generated/domain.ts(296,7): TS2353 Object literal may only specify known properties, and 'pendingDeletes' does not exist in type 'AnnotationsMap<this, never>'.
[typecheck]   src/generated/domain.ts(504,7): TS2353 Object literal may only specify known properties, and 'pendingDeletes' does not exist in type 'AnnotationsMap<this, never>'.
[typecheck]   src/generated/domain.ts(712,7): TS2353 Object literal may only specify known properties, and 'pendingDeletes' does not exist in type 'AnnotationsMap<this, never>'.
[typecheck]   src/generated/domain.ts(920,7): TS2353 Object literal may only specify known properties, and 'pendingDeletes' does not exist in type 'AnnotationsMap<this, never>'.
[typecheck]   src/generated/domain.ts(1128,7): TS2353 Object literal may only specify known properties, and 'pendingDeletes' does not exist in type 'AnnotationsMap<this, never>'.
[typecheck]   …and 11 more
[typecheck] ✗ tsc --noEmit found 21 type error(s) — these compile under Vite but will crash at runtime:
[typecheck]   src/generated/audit-entry.routes.ts(166,11): TS2322 Type 'any' is not assignable to type 'never'.
[typecheck]   src/generated/audit-entry.routes.ts(237,9): TS2322 Type 'Record<string, unknown>' is not assignable to type '(Without<AuditEntryCreateInput, AuditEntryUncheckedCreateInput> & AuditEntryUncheckedCreateInput) | (Without<...> & AuditEntryCreateInput)'.
[typecheck]   src/generated/contract-record.routes.ts(166,11): TS2322 Type 'any' is not assignable to type 'never'.
[typecheck]   src/generated/contract-record.routes.ts(237,9): TS2322 Type 'Record<string, unknown>' is not assignable to type '(Without<ContractRecordCreateInput, ContractRecordUncheckedCreateInput> & ContractRecordUncheckedCreateInput) | (Without<...> & ContractRecordCreateInput)'.
[typecheck]   src/generated/domain.ts(88,7): TS2353 Object literal may only specify known properties, and 'pendingDeletes' does not exist in type 'AnnotationsMap<this, never>'.
[typecheck]   src/generated/domain.ts(296,7): TS2353 Object literal may only specify known properties, and 'pendingDeletes' does not exist in type 'AnnotationsMap<this, never>'.
[typecheck]   src/generated/domain.ts(504,7): TS2353 Object literal may only specify known properties, and 'pendingDeletes' does not exist in type 'AnnotationsMap<this, never>'.
[typecheck]   src/generated/domain.ts(712,7): TS2353 Object literal may only specify known properties, and 'pendingDeletes' does not exist in type 'AnnotationsMap<this, never>'.
[typecheck]   src/generated/domain.ts(920,7): TS2353 Object literal may only specify known properties, and 'pendingDeletes' does not exist in type 'AnnotationsMap<this, never>'.
[typecheck]   src/generated/domain.ts(1128,7): TS2353 Object literal may only specify known properties, and 'pendingDeletes' does not exist in type 'AnnotationsMap<this, never>'.
[typecheck]   …and 11 more
[stdout] build started...
[stdout] ✓ 1 modules transformed.
[stdout] dist/index.html                     0.43 kB │ gzip:   0.30 kB
dist/assets/index-DzG8zPRM.css     66.55 kB │ gzip:   9.95 kB
[stdout] dist/assets/index-BwHR1UnE.js   2,528.73 kB │ gzip: 475.05 kB
[stdout] built in 3526ms.
[typecheck] ✗ tsc --noEmit found 21 type error(s) — these compile under Vite but will crash at runtime:
[typecheck]   src/generated/audit-entry.routes.ts(166,11): TS2322 Type 'any' is not assignable to type 'never'.
[typecheck]   src/generated/audit-entry.routes.ts(237,9): TS2322 Type 'Record<string, unknown>' is not assignable to type '(Without<AuditEntryCreateInput, AuditEntryUncheckedCreateInput> & AuditEntryUncheckedCreateInput) | (Without<...> & AuditEntryCreateInput)'.
[typecheck]   src/generated/contract-record.routes.ts(166,11): TS2322 Type 'any' is not assignable to type 'never'.
[typecheck]   src/generated/contract-record.routes.ts(237,9): TS2322 Type 'Record<string, unknown>' is not assignable to type '(Without<ContractRecordCreateInput, ContractRecordUncheckedCreateInput> & ContractRecordUncheckedCreateInput) | (Without<...> & ContractRecordCreateInput)'.
[typecheck]   src/generated/domain.ts(88,7): TS2353 Object literal may only specify known properties, and 'pendingDeletes' does not exist in type 'AnnotationsMap<this, never>'.
[typecheck]   src/generated/domain.ts(296,7): TS2353 Object literal may only specify known properties, and 'pendingDeletes' does not exist in type 'AnnotationsMap<this, never>'.
[typecheck]   src/generated/domain.ts(504,7): TS2353 Object literal may only specify known properties, and 'pendingDeletes' does not exist in type 'AnnotationsMap<this, never>'.
[typecheck]   src/generated/domain.ts(712,7): TS2353 Object literal may only specify known properties, and 'pendingDeletes' does not exist in type 'AnnotationsMap<this, never>'.
[typecheck]   src/generated/domain.ts(920,7): TS2353 Object literal may only specify known properties, and 'pendingDeletes' does not exist in type 'AnnotationsMap<this, never>'.
[typecheck]   src/generated/domain.ts(1128,7): TS2353 Object literal may only specify known properties, and 'pendingDeletes' does not exist in type 'AnnotationsMap<this, never>'.
[typecheck]   …and 11 more
[stdout] build started...
[stdout] ✓ 1 modules transformed.
[stdout] dist/index.html                     0.43 kB │ gzip:   0.30 kB
dist/assets/index-DzG8zPRM.css     66.55 kB │ gzip:   9.95 kB
[stdout] dist/assets/index-DRmRl5v4.js   2,528.78 kB │ gzip: 475.05 kB
[stdout] built in 3487ms.
[typecheck] ✗ tsc --noEmit found 21 type error(s) — these compile under Vite but will crash at runtime:
[typecheck]   src/generated/audit-entry.routes.ts(166,11): TS2322 Type 'any' is not assignable to type 'never'.
[typecheck]   src/generated/audit-entry.routes.ts(237,9): TS2322 Type 'Record<string, unknown>' is not assignable to type '(Without<AuditEntryCreateInput, AuditEntryUncheckedCreateInput> & AuditEntryUncheckedCreateInput) | (Without<...> & AuditEntryCreateInput)'.
[typecheck]   src/generated/contract-record.routes.ts(166,11): TS2322 Type 'any' is not assignable to type 'never'.
[typecheck]   src/generated/contract-record.routes.ts(237,9): TS2322 Type 'Record<string, unknown>' is not assignable to type '(Without<ContractRecordCreateInput, ContractRecordUncheckedCreateInput> & ContractRecordUncheckedCreateInput) | (Without<...> & ContractRecordCreateInput)'.
[typecheck]   src/generated/domain.ts(88,7): TS2353 Object literal may only specify known properties, and 'pendingDeletes' does not exist in type 'AnnotationsMap<this, never>'.
[typecheck]   src/generated/domain.ts(296,7): TS2353 Object literal may only specify known properties, and 'pendingDeletes' does not exist in type 'AnnotationsMap<this, never>'.
[typecheck]   src/generated/domain.ts(504,7): TS2353 Object literal may only specify known properties, and 'pendingDeletes' does not exist in type 'AnnotationsMap<this, never>'.
[typecheck]   src/generated/domain.ts(712,7): TS2353 Object literal may only specify known properties, and 'pendingDeletes' does not exist in type 'AnnotationsMap<this, never>'.
[typecheck]   src/generated/domain.ts(920,7): TS2353 Object literal may only specify known properties, and 'pendingDeletes' does not exist in type 'AnnotationsMap<this, never>'.
[typecheck]   src/generated/domain.ts(1128,7): TS2353 Object literal may only specify known properties, and 'pendingDeletes' does not exist in type 'AnnotationsMap<this, never>'.
[typecheck]   …and 11 more
[stdout] build started...
[stdout] ✓ 1 modules transformed.
[stdout] dist/index.html                     0.43 kB │ gzip:   0.30 kB
dist/assets/index-DzG8zPRM.css     66.55 kB │ gzip:   9.95 kB
[stdout] dist/assets/index-BwHR1UnE.js   2,528.73 kB │ gzip: 475.05 kB
[stdout] built in 3883ms.
[typecheck] ✗ tsc --noEmit found 21 type error(s) — these compile under Vite but will crash at runtime:
[typecheck]   src/generated/audit-entry.routes.ts(166,11): TS2322 Type 'any' is not assignable to type 'never'.
[typecheck]   src/generated/audit-entry.routes.ts(237,9): TS2322 Type 'Record<string, unknown>' is not assignable to type '(Without<AuditEntryCreateInput, AuditEntryUncheckedCreateInput> & AuditEntryUncheckedCreateInput) | (Without<...> & AuditEntryCreateInput)'.
[typecheck]   src/generated/contract-record.routes.ts(166,11): TS2322 Type 'any' is not assignable to type 'never'.
[typecheck]   src/generated/contract-record.routes.ts(237,9): TS2322 Type 'Record<string, unknown>' is not assignable to type '(Without<ContractRecordCreateInput, ContractRecordUncheckedCreateInput> & ContractRecordUncheckedCreateInput) | (Without<...> & ContractRecordCreateInput)'.
[typecheck]   src/generated/domain.ts(88,7): TS2353 Object literal may only specify known properties, and 'pendingDeletes' does not exist in type 'AnnotationsMap<this, never>'.
[typecheck]   src/generated/domain.ts(296,7): TS2353 Object literal may only specify known properties, and 'pendingDeletes' does not exist in type 'AnnotationsMap<this, never>'.
[typecheck]   src/generated/domain.ts(504,7): TS2353 Object literal may only specify known properties, and 'pendingDeletes' does not exist in type 'AnnotationsMap<this, never>'.
[typecheck]   src/generated/domain.ts(712,7): TS2353 Object literal may only specify known properties, and 'pendingDeletes' does not exist in type 'AnnotationsMap<this, never>'.
[typecheck]   src/generated/domain.ts(920,7): TS2353 Object literal may only specify known properties, and 'pendingDeletes' does not exist in type 'AnnotationsMap<this, never>'.
[typecheck]   src/generated/domain.ts(1128,7): TS2353 Object literal may only specify known properties, and 'pendingDeletes' does not exist in type 'AnnotationsMap<this, never>'.
[typecheck]   …and 11 more
[stdout] build started...
[stdout] ✓ 1 modules transformed.
[stdout] dist/index.html                     0.43 kB │ gzip:   0.30 kB
dist/assets/index-DzG8zPRM.css     66.55 kB │ gzip:   9.95 kB
[stdout] dist/assets/index-DRmRl5v4.js   2,528.78 kB │ gzip: 475.05 kB
[stdout] built in 3284ms.
[typecheck] ✗ tsc --noEmit found 21 type error(s) — these compile under Vite but will crash at runtime:
[typecheck]   src/generated/audit-entry.routes.ts(166,11): TS2322 Type 'any' is not assignable to type 'never'.
[typecheck]   src/generated/audit-entry.routes.ts(237,9): TS2322 Type 'Record<string, unknown>' is not assignable to type '(Without<AuditEntryCreateInput, AuditEntryUncheckedCreateInput> & AuditEntryUncheckedCreateInput) | (Without<...> & AuditEntryCreateInput)'.
[typecheck]   src/generated/contract-record.routes.ts(166,11): TS2322 Type 'any' is not assignable to type 'never'.
[typecheck]   src/generated/contract-record.routes.ts(237,9): TS2322 Type 'Record<string, unknown>' is not assignable to type '(Without<ContractRecordCreateInput, ContractRecordUncheckedCreateInput> & ContractRecordUncheckedCreateInput) | (Without<...> & ContractRecordCreateInput)'.
[typecheck]   src/generated/domain.ts(88,7): TS2353 Object literal may only specify known properties, and 'pendingDeletes' does not exist in type 'AnnotationsMap<this, never>'.
[typecheck]   src/generated/domain.ts(296,7): TS2353 Object literal may only specify known properties, and 'pendingDeletes' does not exist in type 'AnnotationsMap<this, never>'.
[typecheck]   src/generated/domain.ts(504,7): TS2353 Object literal may only specify known properties, and 'pendingDeletes' does not exist in type 'AnnotationsMap<this, never>'.
[typecheck]   src/generated/domain.ts(712,7): TS2353 Object literal may only specify known properties, and 'pendingDeletes' does not exist in type 'AnnotationsMap<this, never>'.
[typecheck]   src/generated/domain.ts(920,7): TS2353 Object literal may only specify known properties, and 'pendingDeletes' does not exist in type 'AnnotationsMap<this, never>'.
[typecheck]   src/generated/domain.ts(1128,7): TS2353 Object literal may only specify known properties, and 'pendingDeletes' does not exist in type 'AnnotationsMap<this, never>'.
[typecheck]   …and 11 more
[stdout] build started...
[stdout] ✓ 1 modules transformed.
[stdout] dist/index.html                     0.43 kB │ gzip:   0.30 kB
dist/assets/index-DzG8zPRM.css     66.55 kB │ gzip:   9.95 kB
[stdout] dist/assets/index-BwHR1UnE.js   2,528.73 kB │ gzip: 475.05 kB
[stdout] built in 3546ms.
[typecheck] ✗ tsc --noEmit found 21 type error(s) — these compile under Vite but will crash at runtime:
[typecheck]   src/generated/audit-entry.routes.ts(166,11): TS2322 Type 'any' is not assignable to type 'never'.
[typecheck]   src/generated/audit-entry.routes.ts(237,9): TS2322 Type 'Record<string, unknown>' is not assignable to type '(Without<AuditEntryCreateInput, AuditEntryUncheckedCreateInput> & AuditEntryUncheckedCreateInput) | (Without<...> & AuditEntryCreateInput)'.
[typecheck]   src/generated/contract-record.routes.ts(166,11): TS2322 Type 'any' is not assignable to type 'never'.
[typecheck]   src/generated/contract-record.routes.ts(237,9): TS2322 Type 'Record<string, unknown>' is not assignable to type '(Without<ContractRecordCreateInput, ContractRecordUncheckedCreateInput> & ContractRecordUncheckedCreateInput) | (Without<...> & ContractRecordCreateInput)'.
[typecheck]   src/generated/domain.ts(88,7): TS2353 Object literal may only specify known properties, and 'pendingDeletes' does not exist in type 'AnnotationsMap<this, never>'.
[typecheck]   src/generated/domain.ts(296,7): TS2353 Object literal may only specify known properties, and 'pendingDeletes' does not exist in type 'AnnotationsMap<this, never>'.
[typecheck]   src/generated/domain.ts(504,7): TS2353 Object literal may only specify known properties, and 'pendingDeletes' does not exist in type 'AnnotationsMap<this, never>'.
[typecheck]   src/generated/domain.ts(712,7): TS2353 Object literal may only specify known properties, and 'pendingDeletes' does not exist in type 'AnnotationsMap<this, never>'.
[typecheck]   src/generated/domain.ts(920,7): TS2353 Object literal may only specify known properties, and 'pendingDeletes' does not exist in type 'AnnotationsMap<this, never>'.
[typecheck]   src/generated/domain.ts(1128,7): TS2353 Object literal may only specify known properties, and 'pendingDeletes' does not exist in type 'AnnotationsMap<this, never>'.
[typecheck]   …and 11 more
[stdout] build started...
[stdout] ✓ 2 modules transformed.
[stdout] dist/index.html                     0.43 kB │ gzip:   0.30 kB
[stdout] dist/assets/index-DzG8zPRM.css     66.55 kB │ gzip:   9.95 kB
dist/assets/index-DRmRl5v4.js   2,528.78 kB │ gzip: 475.05 kB
[stdout] built in 3467ms.
[stdout] build started...
[typecheck] ✗ tsc --noEmit found 21 type error(s) — these compile under Vite but will crash at runtime:
[typecheck]   src/generated/audit-entry.routes.ts(166,11): TS2322 Type 'any' is not assignable to type 'never'.
[typecheck]   src/generated/audit-entry.routes.ts(237,9): TS2322 Type 'Record<string, unknown>' is not assignable to type '(Without<AuditEntryCreateInput, AuditEntryUncheckedCreateInput> & AuditEntryUncheckedCreateInput) | (Without<...> & AuditEntryCreateInput)'.
[typecheck]   src/generated/contract-record.routes.ts(166,11): TS2322 Type 'any' is not assignable to type 'never'.
[typecheck]   src/generated/contract-record.routes.ts(237,9): TS2322 Type 'Record<string, unknown>' is not assignable to type '(Without<ContractRecordCreateInput, ContractRecordUncheckedCreateInput> & ContractRecordUncheckedCreateInput) | (Without<...> & ContractRecordCreateInput)'.
[typecheck]   src/generated/domain.ts(88,7): TS2353 Object literal may only specify known properties, and 'pendingDeletes' does not exist in type 'AnnotationsMap<this, never>'.
[typecheck]   src/generated/domain.ts(296,7): TS2353 Object literal may only specify known properties, and 'pendingDeletes' does not exist in type 'AnnotationsMap<this, never>'.
[typecheck]   src/generated/domain.ts(504,7): TS2353 Object literal may only specify known properties, and 'pendingDeletes' does not exist in type 'AnnotationsMap<this, never>'.
[typecheck]   src/generated/domain.ts(712,7): TS2353 Object literal may only specify known properties, and 'pendingDeletes' does not exist in type 'AnnotationsMap<this, never>'.
[typecheck]   src/generated/domain.ts(920,7): TS2353 Object literal may only specify known properties, and 'pendingDeletes' does not exist in type 'AnnotationsMap<this, never>'.
[typecheck]   src/generated/domain.ts(1128,7): TS2353 Object literal may only specify known properties, and 'pendingDeletes' does not exist in type 'AnnotationsMap<this, never>'.
[typecheck]   …and 11 more
[stdout] ✓ 2 modules transformed.
[stdout] dist/index.html                     0.43 kB │ gzip:   0.30 kB
dist/assets/index-DzG8zPRM.css     66.55 kB │ gzip:   9.95 kB
[stdout] dist/assets/index-BSAW9hVO.js   2,528.73 kB │ gzip: 475.05 kB
[stdout] built in 4746ms.
[stdout] build started...
[stdout] ✓ 2 modules transformed.
[typecheck] ✗ tsc --noEmit found 21 type error(s) — these compile under Vite but will crash at runtime:
[typecheck]   src/generated/audit-entry.routes.ts(166,11): TS2322 Type 'any' is not assignable to type 'never'.
[typecheck]   src/generated/audit-entry.routes.ts(237,9): TS2322 Type 'Record<string, unknown>' is not assignable to type '(Without<AuditEntryCreateInput, AuditEntryUncheckedCreateInput> & AuditEntryUncheckedCreateInput) | (Without<...> & AuditEntryCreateInput)'.
[typecheck]   src/generated/contract-record.routes.ts(166,11): TS2322 Type 'any' is not assignable to type 'never'.
[typecheck]   src/generated/contract-record.routes.ts(237,9): TS2322 Type 'Record<string, unknown>' is not assignable to type '(Without<ContractRecordCreateInput, ContractRecordUncheckedCreateInput> & ContractRecordUncheckedCreateInput) | (Without<...> & ContractRecordCreateInput)'.
[typecheck]   src/generated/domain.ts(88,7): TS2353 Object literal may only specify known properties, and 'pendingDeletes' does not exist in type 'AnnotationsMap<this, never>'.
[typecheck]   src/generated/domain.ts(296,7): TS2353 Object literal may only specify known properties, and 'pendingDeletes' does not exist in type 'AnnotationsMap<this, never>'.
[typecheck]   src/generated/domain.ts(504,7): TS2353 Object literal may only specify known properties, and 'pendingDeletes' does not exist in type 'AnnotationsMap<this, never>'.
[typecheck]   src/generated/domain.ts(712,7): TS2353 Object literal may only specify known properties, and 'pendingDeletes' does not exist in type 'AnnotationsMap<this, never>'.
[typecheck]   src/generated/domain.ts(920,7): TS2353 Object literal may only specify known properties, and 'pendingDeletes' does not exist in type 'AnnotationsMap<this, never>'.
[typecheck]   src/generated/domain.ts(1128,7): TS2353 Object literal may only specify known properties, and 'pendingDeletes' does not exist in type 'AnnotationsMap<this, never>'.
[typecheck]   …and 11 more
[stdout] dist/index.html                     0.43 kB │ gzip:   0.30 kB
dist/assets/index-DzG8zPRM.css     66.55 kB │ gzip:   9.95 kB
[stdout] dist/assets/index-DcbLFlHA.js   2,528.78 kB │ gzip: 475.05 kB
[stdout] built in 4161ms.
[typecheck] ✗ tsc --noEmit found 21 type error(s) — these compile under Vite but will crash at runtime:
[typecheck]   src/generated/audit-entry.routes.ts(166,11): TS2322 Type 'any' is not assignable to type 'never'.
[typecheck]   src/generated/audit-entry.routes.ts(237,9): TS2322 Type 'Record<string, unknown>' is not assignable to type '(Without<AuditEntryCreateInput, AuditEntryUncheckedCreateInput> & AuditEntryUncheckedCreateInput) | (Without<...> & AuditEntryCreateInput)'.
[typecheck]   src/generated/contract-record.routes.ts(166,11): TS2322 Type 'any' is not assignable to type 'never'.
[typecheck]   src/generated/contract-record.routes.ts(237,9): TS2322 Type 'Record<string, unknown>' is not assignable to type '(Without<ContractRecordCreateInput, ContractRecordUncheckedCreateInput> & ContractRecordUncheckedCreateInput) | (Without<...> & ContractRecordCreateInput)'.
[typecheck]   src/generated/domain.ts(88,7): TS2353 Object literal may only specify known properties, and 'pendingDeletes' does not exist in type 'AnnotationsMap<this, never>'.
[typecheck]   src/generated/domain.ts(296,7): TS2353 Object literal may only specify known properties, and 'pendingDeletes' does not exist in type 'AnnotationsMap<this, never>'.
[typecheck]   src/generated/domain.ts(504,7): TS2353 Object literal may only specify known properties, and 'pendingDeletes' does not exist in type 'AnnotationsMap<this, never>'.
[typecheck]   src/generated/domain.ts(712,7): TS2353 Object literal may only specify known properties, and 'pendingDeletes' does not exist in type 'AnnotationsMap<this, never>'.
[typecheck]   src/generated/domain.ts(920,7): TS2353 Object literal may only specify known properties, and 'pendingDeletes' does not exist in type 'AnnotationsMap<this, never>'.
[typecheck]   src/generated/domain.ts(1128,7): TS2353 Object literal may only specify known properties, and 'pendingDeletes' does not exist in type 'AnnotationsMap<this, never>'.
[typecheck]   …and 11 more
[stdout] build started...
[stdout] ✓ 1 modules transformed.
[stdout] dist/index.html                     0.43 kB │ gzip:   0.30 kB
dist/assets/index-DzG8zPRM.css     66.55 kB │ gzip:   9.95 kB
[stdout] dist/assets/index-CONp9wsy.js   2,528.73 kB │ gzip: 475.05 kB
[stdout] built in 2898ms.
[typecheck] ✗ tsc --noEmit found 21 type error(s) — these compile under Vite but will crash at runtime:
[typecheck]   src/generated/audit-entry.routes.ts(166,11): TS2322 Type 'any' is not assignable to type 'never'.
[typecheck]   src/generated/audit-entry.routes.ts(237,9): TS2322 Type 'Record<string, unknown>' is not assignable to type '(Without<AuditEntryCreateInput, AuditEntryUncheckedCreateInput> & AuditEntryUncheckedCreateInput) | (Without<...> & AuditEntryCreateInput)'.
[typecheck]   src/generated/contract-record.routes.ts(166,11): TS2322 Type 'any' is not assignable to type 'never'.
[typecheck]   src/generated/contract-record.routes.ts(237,9): TS2322 Type 'Record<string, unknown>' is not assignable to type '(Without<ContractRecordCreateInput, ContractRecordUncheckedCreateInput> & ContractRecordUncheckedCreateInput) | (Without<...> & ContractRecordCreateInput)'.
[typecheck]   src/generated/domain.ts(88,7): TS2353 Object literal may only specify known properties, and 'pendingDeletes' does not exist in type 'AnnotationsMap<this, never>'.
[typecheck]   src/generated/domain.ts(296,7): TS2353 Object literal may only specify known properties, and 'pendingDeletes' does not exist in type 'AnnotationsMap<this, never>'.
[typecheck]   src/generated/domain.ts(504,7): TS2353 Object literal may only specify known properties, and 'pendingDeletes' does not exist in type 'AnnotationsMap<this, never>'.
[typecheck]   src/generated/domain.ts(712,7): TS2353 Object literal may only specify known properties, and 'pendingDeletes' does not exist in type 'AnnotationsMap<this, never>'.
[typecheck]   src/generated/domain.ts(920,7): TS2353 Object literal may only specify known properties, and 'pendingDeletes' does not exist in type 'AnnotationsMap<this, never>'.
[typecheck]   src/generated/domain.ts(1128,7): TS2353 Object literal may only specify known properties, and 'pendingDeletes' does not exist in type 'AnnotationsMap<this, never>'.
[typecheck]   …and 11 more
[stdout] build started...
[stdout] ✓ 1 modules transformed.
[stdout] dist/index.html                     0.43 kB │ gzip:   0.30 kB
dist/assets/index-DzG8zPRM.css     66.55 kB │ gzip:   9.95 kB
[stdout] dist/assets/index-DcbLFlHA.js   2,528.78 kB │ gzip: 475.05 kB
[stdout] built in 2662ms.
[typecheck] ✗ tsc --noEmit found 21 type error(s) — these compile under Vite but will crash at runtime:
[typecheck]   src/generated/audit-entry.routes.ts(166,11): TS2322 Type 'any' is not assignable to type 'never'.
[typecheck]   src/generated/audit-entry.routes.ts(237,9): TS2322 Type 'Record<string, unknown>' is not assignable to type '(Without<AuditEntryCreateInput, AuditEntryUncheckedCreateInput> & AuditEntryUncheckedCreateInput) | (Without<...> & AuditEntryCreateInput)'.
[typecheck]   src/generated/contract-record.routes.ts(166,11): TS2322 Type 'any' is not assignable to type 'never'.
[typecheck]   src/generated/contract-record.routes.ts(237,9): TS2322 Type 'Record<string, unknown>' is not assignable to type '(Without<ContractRecordCreateInput, ContractRecordUncheckedCreateInput> & ContractRecordUncheckedCreateInput) | (Without<...> & ContractRecordCreateInput)'.
[typecheck]   src/generated/domain.ts(88,7): TS2353 Object literal may only specify known properties, and 'pendingDeletes' does not exist in type 'AnnotationsMap<this, never>'.
[typecheck]   src/generated/domain.ts(296,7): TS2353 Object literal may only specify known properties, and 'pendingDeletes' does not exist in type 'AnnotationsMap<this, never>'.
[typecheck]   src/generated/domain.ts(504,7): TS2353 Object literal may only specify known properties, and 'pendingDeletes' does not exist in type 'AnnotationsMap<this, never>'.
[typecheck]   src/generated/domain.ts(712,7): TS2353 Object literal may only specify known properties, and 'pendingDeletes' does not exist in type 'AnnotationsMap<this, never>'.
[typecheck]   src/generated/domain.ts(920,7): TS2353 Object literal may only specify known properties, and 'pendingDeletes' does not exist in type 'AnnotationsMap<this, never>'.
[typecheck]   src/generated/domain.ts(1128,7): TS2353 Object literal may only specify known properties, and 'pendingDeletes' does not exist in type 'AnnotationsMap<this, never>'.
[typecheck]   …and 11 more
[stdout] build started...
[stdout] ✓ 0 modules transformed.
[stderr] [commonjs] Transform failed with 1 error:
/app/workspace/src/components/auri/primitives.tsx:18:21: ERROR: Syntax error '"'
file: /app/workspace/src/components/auri/primitives.tsx:18:21

Syntax error '"'
16 |  // ── Shared surface token — one card system across the whole app ──────────────
17 |  // Teal-tinted glass on the peacock background (not off-palette slate-grey).
18 |  export const CARD = \"rounded-2xl border border-teal-900/40 bg-[#08202722] bg-[#071b21]/70 shadow-[0_1px_0_0_rgba(255...
   |                       ^
19 |  
20 |  // ── Shared chart theme ────────────────────────────────────────────────────────
[stdout] build started...
[stdout] ✓ 2 modules transformed.
[stdout] dist/index.html                     0.43 kB │ gzip:   0.30 kB
[stdout] dist/assets/index-C7WGeRfj.css     67.16 kB │ gzip:  10.09 kB
dist/assets/index-DPoAeaSl.js   2,528.73 kB │ gzip: 475.04 kB
[stdout] built in 2964ms.
[typecheck] ✗ tsc --noEmit found 21 type error(s) — these compile under Vite but will crash at runtime:
[typecheck]   src/generated/audit-entry.routes.ts(166,11): TS2322 Type 'any' is not assignable to type 'never'.
[typecheck]   src/generated/audit-entry.routes.ts(237,9): TS2322 Type 'Record<string, unknown>' is not assignable to type '(Without<AuditEntryCreateInput, AuditEntryUncheckedCreateInput> & AuditEntryUncheckedCreateInput) | (Without<...> & AuditEntryCreateInput)'.
[typecheck]   src/generated/contract-record.routes.ts(166,11): TS2322 Type 'any' is not assignable to type 'never'.
[typecheck]   src/generated/contract-record.routes.ts(237,9): TS2322 Type 'Record<string, unknown>' is not assignable to type '(Without<ContractRecordCreateInput, ContractRecordUncheckedCreateInput> & ContractRecordUncheckedCreateInput) | (Without<...> & ContractRecordCreateInput)'.
[typecheck]   src/generated/domain.ts(88,7): TS2353 Object literal may only specify known properties, and 'pendingDeletes' does not exist in type 'AnnotationsMap<this, never>'.
[typecheck]   src/generated/domain.ts(296,7): TS2353 Object literal may only specify known properties, and 'pendingDeletes' does not exist in type 'AnnotationsMap<this, never>'.
[typecheck]   src/generated/domain.ts(504,7): TS2353 Object literal may only specify known properties, and 'pendingDeletes' does not exist in type 'AnnotationsMap<this, never>'.
[typecheck]   src/generated/domain.ts(712,7): TS2353 Object literal may only specify known properties, and 'pendingDeletes' does not exist in type 'AnnotationsMap<this, never>'.
[typecheck]   src/generated/domain.ts(920,7): TS2353 Object literal may only specify known properties, and 'pendingDeletes' does not exist in type 'AnnotationsMap<this, never>'.
[typecheck]   src/generated/domain.ts(1128,7): TS2353 Object literal may only specify known properties, and 'pendingDeletes' does not exist in type 'AnnotationsMap<this, never>'.
[typecheck]   …and 11 more
[stdout] build started...
[stdout] ✓ 2 modules transformed.
[stdout] dist/index.html                     0.43 kB │ gzip:   0.30 kB
dist/assets/index-DPoSwOAb.css     67.55 kB │ gzip:  10.14 kB
dist/assets/index-BpxttgQu.js   2,528.78 kB │ gzip: 475.05 kB
[stdout] built in 3308ms.
[typecheck] ✗ tsc --noEmit found 21 type error(s) — these compile under Vite but will crash at runtime:
[typecheck]   src/generated/audit-entry.routes.ts(166,11): TS2322 Type 'any' is not assignable to type 'never'.
[typecheck]   src/generated/audit-entry.routes.ts(237,9): TS2322 Type 'Record<string, unknown>' is not assignable to type '(Without<AuditEntryCreateInput, AuditEntryUncheckedCreateInput> & AuditEntryUncheckedCreateInput) | (Without<...> & AuditEntryCreateInput)'.
[typecheck]   src/generated/contract-record.routes.ts(166,11): TS2322 Type 'any' is not assignable to type 'never'.
[typecheck]   src/generated/contract-record.routes.ts(237,9): TS2322 Type 'Record<string, unknown>' is not assignable to type '(Without<ContractRecordCreateInput, ContractRecordUncheckedCreateInput> & ContractRecordUncheckedCreateInput) | (Without<...> & ContractRecordCreateInput)'.
[typecheck]   src/generated/domain.ts(88,7): TS2353 Object literal may only specify known properties, and 'pendingDeletes' does not exist in type 'AnnotationsMap<this, never>'.
[typecheck]   src/generated/domain.ts(296,7): TS2353 Object literal may only specify known properties, and 'pendingDeletes' does not exist in type 'AnnotationsMap<this, never>'.
[typecheck]   src/generated/domain.ts(504,7): TS2353 Object literal may only specify known properties, and 'pendingDeletes' does not exist in type 'AnnotationsMap<this, never>'.
[typecheck]   src/generated/domain.ts(712,7): TS2353 Object literal may only specify known properties, and 'pendingDeletes' does not exist in type 'AnnotationsMap<this, never>'.
[typecheck]   src/generated/domain.ts(920,7): TS2353 Object literal may only specify known properties, and 'pendingDeletes' does not exist in type 'AnnotationsMap<this, never>'.
[typecheck]   src/generated/domain.ts(1128,7): TS2353 Object literal may only specify known properties, and 'pendingDeletes' does not exist in type 'AnnotationsMap<this, never>'.
[typecheck]   …and 11 more
[stdout] build started...
[stdout] ✓ 2 modules transformed.
[stdout] dist/index.html                     0.43 kB │ gzip:   0.30 kB
[stdout] dist/assets/index-CVn7mWLO.css     68.30 kB │ gzip:  10.19 kB
dist/assets/index-DAGscRuw.js   2,528.86 kB │ gzip: 475.09 kB
[stdout] built in 4228ms.
[typecheck] ✗ tsc --noEmit found 21 type error(s) — these compile under Vite but will crash at runtime:
[typecheck]   src/generated/audit-entry.routes.ts(166,11): TS2322 Type 'any' is not assignable to type 'never'.
[typecheck]   src/generated/audit-entry.routes.ts(237,9): TS2322 Type 'Record<string, unknown>' is not assignable to type '(Without<AuditEntryCreateInput, AuditEntryUncheckedCreateInput> & AuditEntryUncheckedCreateInput) | (Without<...> & AuditEntryCreateInput)'.
[typecheck]   src/generated/contract-record.routes.ts(166,11): TS2322 Type 'any' is not assignable to type 'never'.
[typecheck]   src/generated/contract-record.routes.ts(237,9): TS2322 Type 'Record<string, unknown>' is not assignable to type '(Without<ContractRecordCreateInput, ContractRecordUncheckedCreateInput> & ContractRecordUncheckedCreateInput) | (Without<...> & ContractRecordCreateInput)'.
[typecheck]   src/generated/domain.ts(88,7): TS2353 Object literal may only specify known properties, and 'pendingDeletes' does not exist in type 'AnnotationsMap<this, never>'.
[typecheck]   src/generated/domain.ts(296,7): TS2353 Object literal may only specify known properties, and 'pendingDeletes' does not exist in type 'AnnotationsMap<this, never>'.
[typecheck]   src/generated/domain.ts(504,7): TS2353 Object literal may only specify known properties, and 'pendingDeletes' does not exist in type 'AnnotationsMap<this, never>'.
[typecheck]   src/generated/domain.ts(712,7): TS2353 Object literal may only specify known properties, and 'pendingDeletes' does not exist in type 'AnnotationsMap<this, never>'.
[typecheck]   src/generated/domain.ts(920,7): TS2353 Object literal may only specify known properties, and 'pendingDeletes' does not exist in type 'AnnotationsMap<this, never>'.
[typecheck]   src/generated/domain.ts(1128,7): TS2353 Object literal may only specify known properties, and 'pendingDeletes' does not exist in type 'AnnotationsMap<this, never>'.
[typecheck]   …and 11 more
[stdout] build started...
[stdout] ✓ 2 modules transformed.
[stdout] dist/index.html                     0.43 kB │ gzip:   0.30 kB
[stdout] dist/assets/index-B6VJ4XAh.css     68.68 kB │ gzip:  10.23 kB
dist/assets/index-D3fuYUYe.js   2,529.06 kB │ gzip: 475.19 kB
[stdout] built in 4389ms.
[stdout] build started...
[typecheck] ✗ tsc --noEmit found 21 type error(s) — these compile under Vite but will crash at runtime:
[typecheck]   src/generated/audit-entry.routes.ts(166,11): TS2322 Type 'any' is not assignable to type 'never'.
[typecheck]   src/generated/audit-entry.routes.ts(237,9): TS2322 Type 'Record<string, unknown>' is not assignable to type '(Without<AuditEntryCreateInput, AuditEntryUncheckedCreateInput> & AuditEntryUncheckedCreateInput) | (Without<...> & AuditEntryCreateInput)'.
[typecheck]   src/generated/contract-record.routes.ts(166,11): TS2322 Type 'any' is not assignable to type 'never'.
[typecheck]   src/generated/contract-record.routes.ts(237,9): TS2322 Type 'Record<string, unknown>' is not assignable to type '(Without<ContractRecordCreateInput, ContractRecordUncheckedCreateInput> & ContractRecordUncheckedCreateInput) | (Without<...> & ContractRecordCreateInput)'.
[typecheck]   src/generated/domain.ts(88,7): TS2353 Object literal may only specify known properties, and 'pendingDeletes' does not exist in type 'AnnotationsMap<this, never>'.
[typecheck]   src/generated/domain.ts(296,7): TS2353 Object literal may only specify known properties, and 'pendingDeletes' does not exist in type 'AnnotationsMap<this, never>'.
[typecheck]   src/generated/domain.ts(504,7): TS2353 Object literal may only specify known properties, and 'pendingDeletes' does not exist in type 'AnnotationsMap<this, never>'.
[typecheck]   src/generated/domain.ts(712,7): TS2353 Object literal may only specify known properties, and 'pendingDeletes' does not exist in type 'AnnotationsMap<this, never>'.
[typecheck]   src/generated/domain.ts(920,7): TS2353 Object literal may only specify known properties, and 'pendingDeletes' does not exist in type 'AnnotationsMap<this, never>'.
[typecheck]   src/generated/domain.ts(1128,7): TS2353 Object literal may only specify known properties, and 'pendingDeletes' does not exist in type 'AnnotationsMap<this, never>'.
[typecheck]   …and 11 more
[stdout] ✓ 2 modules transformed.
[stdout] dist/index.html                     0.43 kB │ gzip:   0.30 kB
[stdout] dist/assets/index-gp0nv--E.css     68.96 kB │ gzip:  10.26 kB
dist/assets/index-Dva3RwQr.js   2,529.01 kB │ gzip: 475.19 kB
[stdout] built in 5439ms.
[stdout] build started...
[typecheck] ✗ tsc --noEmit found 21 type error(s) — these compile under Vite but will crash at runtime:
[typecheck]   src/generated/audit-entry.routes.ts(166,11): TS2322 Type 'any' is not assignable to type 'never'.
[typecheck]   src/generated/audit-entry.routes.ts(237,9): TS2322 Type 'Record<string, unknown>' is not assignable to type '(Without<AuditEntryCreateInput, AuditEntryUncheckedCreateInput> & AuditEntryUncheckedCreateInput) | (Without<...> & AuditEntryCreateInput)'.
[typecheck]   src/generated/contract-record.routes.ts(166,11): TS2322 Type 'any' is not assignable to type 'never'.
[typecheck]   src/generated/contract-record.routes.ts(237,9): TS2322 Type 'Record<string, unknown>' is not assignable to type '(Without<ContractRecordCreateInput, ContractRecordUncheckedCreateInput> & ContractRecordUncheckedCreateInput) | (Without<...> & ContractRecordCreateInput)'.
[typecheck]   src/generated/domain.ts(88,7): TS2353 Object literal may only specify known properties, and 'pendingDeletes' does not exist in type 'AnnotationsMap<this, never>'.
[typecheck]   src/generated/domain.ts(296,7): TS2353 Object literal may only specify known properties, and 'pendingDeletes' does not exist in type 'AnnotationsMap<this, never>'.
[typecheck]   src/generated/domain.ts(504,7): TS2353 Object literal may only specify known properties, and 'pendingDeletes' does not exist in type 'AnnotationsMap<this, never>'.
[typecheck]   src/generated/domain.ts(712,7): TS2353 Object literal may only specify known properties, and 'pendingDeletes' does not exist in type 'AnnotationsMap<this, never>'.
[typecheck]   src/generated/domain.ts(920,7): TS2353 Object literal may only specify known properties, and 'pendingDeletes' does not exist in type 'AnnotationsMap<this, never>'.
[typecheck]   src/generated/domain.ts(1128,7): TS2353 Object literal may only specify known properties, and 'pendingDeletes' does not exist in type 'AnnotationsMap<this, never>'.
[typecheck]   …and 11 more
[stdout] ✓ 2 modules transformed.
[stdout] dist/index.html                     0.43 kB │ gzip:   0.30 kB
dist/assets/index-3JYttvic.css     69.51 kB │ gzip:  10.33 kB
dist/assets/index-BDzVpTKW.js   2,529.06 kB │ gzip: 475.20 kB
[stdout] built in 5088ms.
[typecheck] ✗ tsc --noEmit found 21 type error(s) — these compile under Vite but will crash at runtime:
[typecheck]   src/generated/audit-entry.routes.ts(166,11): TS2322 Type 'any' is not assignable to type 'never'.
[typecheck]   src/generated/audit-entry.routes.ts(237,9): TS2322 Type 'Record<string, unknown>' is not assignable to type '(Without<AuditEntryCreateInput, AuditEntryUncheckedCreateInput> & AuditEntryUncheckedCreateInput) | (Without<...> & AuditEntryCreateInput)'.
[typecheck]   src/generated/contract-record.routes.ts(166,11): TS2322 Type 'any' is not assignable to type 'never'.
[typecheck]   src/generated/contract-record.routes.ts(237,9): TS2322 Type 'Record<string, unknown>' is not assignable to type '(Without<ContractRecordCreateInput, ContractRecordUncheckedCreateInput> & ContractRecordUncheckedCreateInput) | (Without<...> & ContractRecordCreateInput)'.
[typecheck]   src/generated/domain.ts(88,7): TS2353 Object literal may only specify known properties, and 'pendingDeletes' does not exist in type 'AnnotationsMap<this, never>'.
[typecheck]   src/generated/domain.ts(296,7): TS2353 Object literal may only specify known properties, and 'pendingDeletes' does not exist in type 'AnnotationsMap<this, never>'.
[typecheck]   src/generated/domain.ts(504,7): TS2353 Object literal may only specify known properties, and 'pendingDeletes' does not exist in type 'AnnotationsMap<this, never>'.
[typecheck]   src/generated/domain.ts(712,7): TS2353 Object literal may only specify known properties, and 'pendingDeletes' does not exist in type 'AnnotationsMap<this, never>'.
[typecheck]   src/generated/domain.ts(920,7): TS2353 Object literal may only specify known properties, and 'pendingDeletes' does not exist in type 'AnnotationsMap<this, never>'.
[typecheck]   src/generated/domain.ts(1128,7): TS2353 Object literal may only specify known properties, and 'pendingDeletes' does not exist in type 'AnnotationsMap<this, never>'.
[typecheck]   …and 11 more
[stdout] build started...
[stdout] ✓ 2 modules transformed.
[stdout] dist/index.html                     0.43 kB │ gzip:   0.30 kB
[stdout] dist/assets/index-B67OIxop.css     69.63 kB │ gzip:  10.35 kB
dist/assets/index-B1z3z0Q5.js   2,529.01 kB │ gzip: 475.21 kB
[stdout] built in 4259ms.
[stdout] build started...
[stdout] ✓ 1 modules transformed.
[stdout] dist/index.html                     0.43 kB │ gzip:   0.30 kB
[stdout] dist/assets/index-B67OIxop.css     69.63 kB │ gzip:  10.35 kB
[stdout] dist/assets/index-BwR6_oO4.js   2,529.06 kB │ gzip: 475.21 kB
[stdout] built in 6145ms.
[stdout] build started...
[typecheck] ✗ tsc --noEmit found 21 type error(s) — these compile under Vite but will crash at runtime:
[typecheck]   src/generated/audit-entry.routes.ts(166,11): TS2322 Type 'any' is not assignable to type 'never'.
[typecheck]   src/generated/audit-entry.routes.ts(237,9): TS2322 Type 'Record<string, unknown>' is not assignable to type '(Without<AuditEntryCreateInput, AuditEntryUncheckedCreateInput> & AuditEntryUncheckedCreateInput) | (Without<...> & AuditEntryCreateInput)'.
[typecheck]   src/generated/contract-record.routes.ts(166,11): TS2322 Type 'any' is not assignable to type 'never'.
[typecheck]   src/generated/contract-record.routes.ts(237,9): TS2322 Type 'Record<string, unknown>' is not assignable to type '(Without<ContractRecordCreateInput, ContractRecordUncheckedCreateInput> & ContractRecordUncheckedCreateInput) | (Without<...> & ContractRecordCreateInput)'.
[typecheck]   src/generated/domain.ts(88,7): TS2353 Object literal may only specify known properties, and 'pendingDeletes' does not exist in type 'AnnotationsMap<this, never>'.
[typecheck]   src/generated/domain.ts(296,7): TS2353 Object literal may only specify known properties, and 'pendingDeletes' does not exist in type 'AnnotationsMap<this, never>'.
[typecheck]   src/generated/domain.ts(504,7): TS2353 Object literal may only specify known properties, and 'pendingDeletes' does not exist in type 'AnnotationsMap<this, never>'.
[typecheck]   src/generated/domain.ts(712,7): TS2353 Object literal may only specify known properties, and 'pendingDeletes' does not exist in type 'AnnotationsMap<this, never>'.
[typecheck]   src/generated/domain.ts(920,7): TS2353 Object literal may only specify known properties, and 'pendingDeletes' does not exist in type 'AnnotationsMap<this, never>'.
[typecheck]   src/generated/domain.ts(1128,7): TS2353 Object literal may only specify known properties, and 'pendingDeletes' does not exist in type 'AnnotationsMap<this, never>'.
[typecheck]   …and 11 more
[stdout] ✓ 2 modules transformed.
[stdout] dist/index.html                     0.43 kB │ gzip:   0.30 kB
dist/assets/index-DSuBMRL5.css     69.77 kB │ gzip:  10.38 kB
[stdout] dist/assets/index-BXhsViRy.js   2,529.02 kB │ gzip: 475.20 kB
[stdout] built in 5960ms.
[stdout] build started...
[typecheck] ✗ tsc --noEmit found 21 type error(s) — these compile under Vite but will crash at runtime:
[typecheck]   src/generated/audit-entry.routes.ts(166,11): TS2322 Type 'any' is not assignable to type 'never'.
[typecheck]   src/generated/audit-entry.routes.ts(237,9): TS2322 Type 'Record<string, unknown>' is not assignable to type '(Without<AuditEntryCreateInput, AuditEntryUncheckedCreateInput> & AuditEntryUncheckedCreateInput) | (Without<...> & AuditEntryCreateInput)'.
[typecheck]   src/generated/contract-record.routes.ts(166,11): TS2322 Type 'any' is not assignable to type 'never'.
[typecheck]   src/generated/contract-record.routes.ts(237,9): TS2322 Type 'Record<string, unknown>' is not assignable to type '(Without<ContractRecordCreateInput, ContractRecordUncheckedCreateInput> & ContractRecordUncheckedCreateInput) | (Without<...> & ContractRecordCreateInput)'.
[typecheck]   src/generated/domain.ts(88,7): TS2353 Object literal may only specify known properties, and 'pendingDeletes' does not exist in type 'AnnotationsMap<this, never>'.
[typecheck]   src/generated/domain.ts(296,7): TS2353 Object literal may only specify known properties, and 'pendingDeletes' does not exist in type 'AnnotationsMap<this, never>'.
[typecheck]   src/generated/domain.ts(504,7): TS2353 Object literal may only specify known properties, and 'pendingDeletes' does not exist in type 'AnnotationsMap<this, never>'.
[typecheck]   src/generated/domain.ts(712,7): TS2353 Object literal may only specify known properties, and 'pendingDeletes' does not exist in type 'AnnotationsMap<this, never>'.
[typecheck]   src/generated/domain.ts(920,7): TS2353 Object literal may only specify known properties, and 'pendingDeletes' does not exist in type 'AnnotationsMap<this, never>'.
[typecheck]   src/generated/domain.ts(1128,7): TS2353 Object literal may only specify known properties, and 'pendingDeletes' does not exist in type 'AnnotationsMap<this, never>'.
[typecheck]   …and 11 more
[stdout] ✓ 1 modules transformed.
[stdout] dist/index.html                     0.43 kB │ gzip:   0.30 kB
dist/assets/index-DSuBMRL5.css     69.77 kB │ gzip:  10.38 kB
dist/assets/index-D2bGIAx1.js   2,529.18 kB │ gzip: 475.25 kB
[stdout] built in 7685ms.
[typecheck] ✗ tsc --noEmit found 21 type error(s) — these compile under Vite but will crash at runtime:
[typecheck]   src/generated/audit-entry.routes.ts(166,11): TS2322 Type 'any' is not assignable to type 'never'.
[typecheck]   src/generated/audit-entry.routes.ts(237,9): TS2322 Type 'Record<string, unknown>' is not assignable to type '(Without<AuditEntryCreateInput, AuditEntryUncheckedCreateInput> & AuditEntryUncheckedCreateInput) | (Without<...> & AuditEntryCreateInput)'.
[typecheck]   src/generated/contract-record.routes.ts(166,11): TS2322 Type 'any' is not assignable to type 'never'.
[typecheck]   src/generated/contract-record.routes.ts(237,9): TS2322 Type 'Record<string, unknown>' is not assignable to type '(Without<ContractRecordCreateInput, ContractRecordUncheckedCreateInput> & ContractRecordUncheckedCreateInput) | (Without<...> & ContractRecordCreateInput)'.
[typecheck]   src/generated/domain.ts(88,7): TS2353 Object literal may only specify known properties, and 'pendingDeletes' does not exist in type 'AnnotationsMap<this, never>'.
[typecheck]   src/generated/domain.ts(296,7): TS2353 Object literal may only specify known properties, and 'pendingDeletes' does not exist in type 'AnnotationsMap<this, never>'.
[typecheck]   src/generated/domain.ts(504,7): TS2353 Object literal may only specify known properties, and 'pendingDeletes' does not exist in type 'AnnotationsMap<this, never>'.
[typecheck]   src/generated/domain.ts(712,7): TS2353 Object literal may only specify known properties, and 'pendingDeletes' does not exist in type 'AnnotationsMap<this, never>'.
[typecheck]   src/generated/domain.ts(920,7): TS2353 Object literal may only specify known properties, and 'pendingDeletes' does not exist in type 'AnnotationsMap<this, never>'.
[typecheck]   src/generated/domain.ts(1128,7): TS2353 Object literal may only specify known properties, and 'pendingDeletes' does not exist in type 'AnnotationsMap<this, never>'.
[typecheck]   …and 11 more
[stdout] build started...
[typecheck] ✗ tsc --noEmit found 21 type error(s) — these compile under Vite but will crash at runtime:
[typecheck]   src/generated/audit-entry.routes.ts(166,11): TS2322 Type 'any' is not assignable to type 'never'.
[typecheck]   src/generated/audit-entry.routes.ts(237,9): TS2322 Type 'Record<string, unknown>' is not assignable to type '(Without<AuditEntryCreateInput, AuditEntryUncheckedCreateInput> & AuditEntryUncheckedCreateInput) | (Without<...> & AuditEntryCreateInput)'.
[typecheck]   src/generated/contract-record.routes.ts(166,11): TS2322 Type 'any' is not assignable to type 'never'.
[typecheck]   src/generated/contract-record.routes.ts(237,9): TS2322 Type 'Record<string, unknown>' is not assignable to type '(Without<ContractRecordCreateInput, ContractRecordUncheckedCreateInput> & ContractRecordUncheckedCreateInput) | (Without<...> & ContractRecordCreateInput)'.
[typecheck]   src/generated/domain.ts(88,7): TS2353 Object literal may only specify known properties, and 'pendingDeletes' does not exist in type 'AnnotationsMap<this, never>'.
[typecheck]   src/generated/domain.ts(296,7): TS2353 Object literal may only specify known properties, and 'pendingDeletes' does not exist in type 'AnnotationsMap<this, never>'.
[typecheck]   src/generated/domain.ts(504,7): TS2353 Object literal may only specify known properties, and 'pendingDeletes' does not exist in type 'AnnotationsMap<this, never>'.
[typecheck]   src/generated/domain.ts(712,7): TS2353 Object literal may only specify known properties, and 'pendingDeletes' does not exist in type 'AnnotationsMap<this, never>'.
[typecheck]   src/generated/domain.ts(920,7): TS2353 Object literal may only specify known properties, and 'pendingDeletes' does not exist in type 'AnnotationsMap<this, never>'.
[typecheck]   src/generated/domain.ts(1128,7): TS2353 Object literal may only specify known properties, and 'pendingDeletes' does not exist in type 'AnnotationsMap<this, never>'.
[typecheck]   …and 11 more
[stdout] ✓ 6 modules transformed.
[stdout] dist/index.html                     0.43 kB │ gzip:   0.30 kB
dist/assets/index-BItRxoPe.css     69.96 kB │ gzip:  10.40 kB
[stdout] dist/assets/index-CEh5NJv7.js   2,529.18 kB │ gzip: 475.33 kB
[stdout] built in 4317ms.
[stdout] build started...
[stdout] ✓ 4 modules transformed.
[stdout] dist/index.html                     0.43 kB │ gzip:   0.30 kB
dist/assets/index-BItRxoPe.css     69.96 kB │ gzip:  10.40 kB
dist/assets/index-CN5vIrL8.js   2,529.27 kB │ gzip: 475.27 kB
[stdout] built in 5423ms.
[typecheck] ✗ tsc --noEmit found 21 type error(s) — these compile under Vite but will crash at runtime:
[typecheck]   src/generated/audit-entry.routes.ts(166,11): TS2322 Type 'any' is not assignable to type 'never'.
[typecheck]   src/generated/audit-entry.routes.ts(237,9): TS2322 Type 'Record<string, unknown>' is not assignable to type '(Without<AuditEntryCreateInput, AuditEntryUncheckedCreateInput> & AuditEntryUncheckedCreateInput) | (Without<...> & AuditEntryCreateInput)'.
[typecheck]   src/generated/contract-record.routes.ts(166,11): TS2322 Type 'any' is not assignable to type 'never'.
[typecheck]   src/generated/contract-record.routes.ts(237,9): TS2322 Type 'Record<string, unknown>' is not assignable to type '(Without<ContractRecordCreateInput, ContractRecordUncheckedCreateInput> & ContractRecordUncheckedCreateInput) | (Without<...> & ContractRecordCreateInput)'.
[typecheck]   src/generated/domain.ts(88,7): TS2353 Object literal may only specify known properties, and 'pendingDeletes' does not exist in type 'AnnotationsMap<this, never>'.
[typecheck]   src/generated/domain.ts(296,7): TS2353 Object literal may only specify known properties, and 'pendingDeletes' does not exist in type 'AnnotationsMap<this, never>'.
[typecheck]   src/generated/domain.ts(504,7): TS2353 Object literal may only specify known properties, and 'pendingDeletes' does not exist in type 'AnnotationsMap<this, never>'.
[typecheck]   src/generated/domain.ts(712,7): TS2353 Object literal may only specify known properties, and 'pendingDeletes' does not exist in type 'AnnotationsMap<this, never>'.
[typecheck]   src/generated/domain.ts(920,7): TS2353 Object literal may only specify known properties, and 'pendingDeletes' does not exist in type 'AnnotationsMap<this, never>'.
[typecheck]   src/generated/domain.ts(1128,7): TS2353 Object literal may only specify known properties, and 'pendingDeletes' does not exist in type 'AnnotationsMap<this, never>'.
[typecheck]   …and 11 more
[typecheck] ✗ tsc --noEmit found 21 type error(s) — these compile under Vite but will crash at runtime:
[typecheck]   src/generated/audit-entry.routes.ts(166,11): TS2322 Type 'any' is not assignable to type 'never'.
[typecheck]   src/generated/audit-entry.routes.ts(237,9): TS2322 Type 'Record<string, unknown>' is not assignable to type '(Without<AuditEntryCreateInput, AuditEntryUncheckedCreateInput> & AuditEntryUncheckedCreateInput) | (Without<...> & AuditEntryCreateInput)'.
[typecheck]   src/generated/contract-record.routes.ts(166,11): TS2322 Type 'any' is not assignable to type 'never'.
[typecheck]   src/generated/contract-record.routes.ts(237,9): TS2322 Type 'Record<string, unknown>' is not assignable to type '(Without<ContractRecordCreateInput, ContractRecordUncheckedCreateInput> & ContractRecordUncheckedCreateInput) | (Without<...> & ContractRecordCreateInput)'.
[typecheck]   src/generated/domain.ts(88,7): TS2353 Object literal may only specify known properties, and 'pendingDeletes' does not exist in type 'AnnotationsMap<this, never>'.
[typecheck]   src/generated/domain.ts(296,7): TS2353 Object literal may only specify known properties, and 'pendingDeletes' does not exist in type 'AnnotationsMap<this, never>'.
[typecheck]   src/generated/domain.ts(504,7): TS2353 Object literal may only specify known properties, and 'pendingDeletes' does not exist in type 'AnnotationsMap<this, never>'.
[typecheck]   src/generated/domain.ts(712,7): TS2353 Object literal may only specify known properties, and 'pendingDeletes' does not exist in type 'AnnotationsMap<this, never>'.
[typecheck]   src/generated/domain.ts(920,7): TS2353 Object literal may only specify known properties, and 'pendingDeletes' does not exist in type 'AnnotationsMap<this, never>'.
[typecheck]   src/generated/domain.ts(1128,7): TS2353 Object literal may only specify known properties, and 'pendingDeletes' does not exist in type 'AnnotationsMap<this, never>'.
[typecheck]   …and 11 more
[stdout] build started...
[stdout] ✓ 2 modules transformed.
[stdout] dist/index.html                     0.43 kB │ gzip:   0.30 kB
[stdout] dist/assets/index-iVdGGHF1.css     71.32 kB │ gzip:  10.53 kB
dist/assets/index-DlhZwyIX.js   2,529.57 kB │ gzip: 475.33 kB
[stdout] built in 4433ms.
[typecheck] ✗ tsc --noEmit found 21 type error(s) — these compile under Vite but will crash at runtime:
[typecheck]   src/generated/audit-entry.routes.ts(166,11): TS2322 Type 'any' is not assignable to type 'never'.
[typecheck]   src/generated/audit-entry.routes.ts(237,9): TS2322 Type 'Record<string, unknown>' is not assignable to type '(Without<AuditEntryCreateInput, AuditEntryUncheckedCreateInput> & AuditEntryUncheckedCreateInput) | (Without<...> & AuditEntryCreateInput)'.
[typecheck]   src/generated/contract-record.routes.ts(166,11): TS2322 Type 'any' is not assignable to type 'never'.
[typecheck]   src/generated/contract-record.routes.ts(237,9): TS2322 Type 'Record<string, unknown>' is not assignable to type '(Without<ContractRecordCreateInput, ContractRecordUncheckedCreateInput> & ContractRecordUncheckedCreateInput) | (Without<...> & ContractRecordCreateInput)'.
[typecheck]   src/generated/domain.ts(88,7): TS2353 Object literal may only specify known properties, and 'pendingDeletes' does not exist in type 'AnnotationsMap<this, never>'.
[typecheck]   src/generated/domain.ts(296,7): TS2353 Object literal may only specify known properties, and 'pendingDeletes' does not exist in type 'AnnotationsMap<this, never>'.
[typecheck]   src/generated/domain.ts(504,7): TS2353 Object literal may only specify known properties, and 'pendingDeletes' does not exist in type 'AnnotationsMap<this, never>'.
[typecheck]   src/generated/domain.ts(712,7): TS2353 Object literal may only specify known properties, and 'pendingDeletes' does not exist in type 'AnnotationsMap<this, never>'.
[typecheck]   src/generated/domain.ts(920,7): TS2353 Object literal may only specify known properties, and 'pendingDeletes' does not exist in type 'AnnotationsMap<this, never>'.
[typecheck]   src/generated/domain.ts(1128,7): TS2353 Object literal may only specify known properties, and 'pendingDeletes' does not exist in type 'AnnotationsMap<this, never>'.
[typecheck]   …and 11 more
[stdout] build started...
[stdout] ✓ 2 modules transformed.
[stdout] dist/index.html                     0.43 kB │ gzip:   0.30 kB
dist/assets/index-DCBck0my.css     71.61 kB │ gzip:  10.54 kB
[stdout] dist/assets/index-ND6zQx0h.js   2,529.62 kB │ gzip: 475.33 kB
[stdout] built in 3116ms.
[typecheck] ✗ tsc --noEmit found 21 type error(s) — these compile under Vite but will crash at runtime:
[typecheck]   src/generated/audit-entry.routes.ts(166,11): TS2322 Type 'any' is not assignable to type 'never'.
[typecheck]   src/generated/audit-entry.routes.ts(237,9): TS2322 Type 'Record<string, unknown>' is not assignable to type '(Without<AuditEntryCreateInput, AuditEntryUncheckedCreateInput> & AuditEntryUncheckedCreateInput) | (Without<...> & AuditEntryCreateInput)'.
[typecheck]   src/generated/contract-record.routes.ts(166,11): TS2322 Type 'any' is not assignable to type 'never'.
[typecheck]   src/generated/contract-record.routes.ts(237,9): TS2322 Type 'Record<string, unknown>' is not assignable to type '(Without<ContractRecordCreateInput, ContractRecordUncheckedCreateInput> & ContractRecordUncheckedCreateInput) | (Without<...> & ContractRecordCreateInput)'.
[typecheck]   src/generated/domain.ts(88,7): TS2353 Object literal may only specify known properties, and 'pendingDeletes' does not exist in type 'AnnotationsMap<this, never>'.
[typecheck]   src/generated/domain.ts(296,7): TS2353 Object literal may only specify known properties, and 'pendingDeletes' does not exist in type 'AnnotationsMap<this, never>'.
[typecheck]   src/generated/domain.ts(504,7): TS2353 Object literal may only specify known properties, and 'pendingDeletes' does not exist in type 'AnnotationsMap<this, never>'.
[typecheck]   src/generated/domain.ts(712,7): TS2353 Object literal may only specify known properties, and 'pendingDeletes' does not exist in type 'AnnotationsMap<this, never>'.
[typecheck]   src/generated/domain.ts(920,7): TS2353 Object literal may only specify known properties, and 'pendingDeletes' does not exist in type 'AnnotationsMap<this, never>'.
[typecheck]   src/generated/domain.ts(1128,7): TS2353 Object literal may only specify known properties, and 'pendingDeletes' does not exist in type 'AnnotationsMap<this, never>'.
[typecheck]   …and 11 more
[stdout] build started...
[stdout] ✓ 1 modules transformed.
[stdout] dist/index.html                     0.43 kB │ gzip:   0.30 kB
dist/assets/index-DCBck0my.css     71.61 kB │ gzip:  10.54 kB
dist/assets/index-DCmqmGzY.js   2,529.57 kB │ gzip: 475.33 kB
[stdout] built in 4048ms.
[typecheck] ✗ tsc --noEmit found 21 type error(s) — these compile under Vite but will crash at runtime:
[typecheck]   src/generated/audit-entry.routes.ts(166,11): TS2322 Type 'any' is not assignable to type 'never'.
[typecheck]   src/generated/audit-entry.routes.ts(237,9): TS2322 Type 'Record<string, unknown>' is not assignable to type '(Without<AuditEntryCreateInput, AuditEntryUncheckedCreateInput> & AuditEntryUncheckedCreateInput) | (Without<...> & AuditEntryCreateInput)'.
[typecheck]   src/generated/contract-record.routes.ts(166,11): TS2322 Type 'any' is not assignable to type 'never'.
[typecheck]   src/generated/contract-record.routes.ts(237,9): TS2322 Type 'Record<string, unknown>' is not assignable to type '(Without<ContractRecordCreateInput, ContractRecordUncheckedCreateInput> & ContractRecordUncheckedCreateInput) | (Without<...> & ContractRecordCreateInput)'.
[typecheck]   src/generated/domain.ts(88,7): TS2353 Object literal may only specify known properties, and 'pendingDeletes' does not exist in type 'AnnotationsMap<this, never>'.
[typecheck]   src/generated/domain.ts(296,7): TS2353 Object literal may only specify known properties, and 'pendingDeletes' does not exist in type 'AnnotationsMap<this, never>'.
[typecheck]   src/generated/domain.ts(504,7): TS2353 Object literal may only specify known properties, and 'pendingDeletes' does not exist in type 'AnnotationsMap<this, never>'.
[typecheck]   src/generated/domain.ts(712,7): TS2353 Object literal may only specify known properties, and 'pendingDeletes' does not exist in type 'AnnotationsMap<this, never>'.
[typecheck]   src/generated/domain.ts(920,7): TS2353 Object literal may only specify known properties, and 'pendingDeletes' does not exist in type 'AnnotationsMap<this, never>'.
[typecheck]   src/generated/domain.ts(1128,7): TS2353 Object literal may only specify known properties, and 'pendingDeletes' does not exist in type 'AnnotationsMap<this, never>'.
[typecheck]   …and 11 more
[stdout] build started...
[stdout] ✓ 3 modules transformed.
[stdout] dist/index.html                     0.43 kB │ gzip:   0.30 kB
[stdout] dist/assets/index-DCBck0my.css     71.61 kB │ gzip:  10.54 kB
[stdout] dist/assets/index-l6dl-xP1.js   2,529.75 kB │ gzip: 475.33 kB
[stdout] built in 6124ms.
[stdout] build started...
[stdout] ✓ 0 modules transformed.
[stdout] dist/index.html                     0.43 kB │ gzip:   0.30 kB
[stdout] dist/assets/index-DCBck0my.css     71.61 kB │ gzip:  10.54 kB
[stdout] dist/assets/index-BtF03vBu.js   2,529.70 kB │ gzip: 475.33 kB
[stdout] built in 9635ms.
[typecheck] ✗ tsc --noEmit found 25 type error(s) — these compile under Vite but will crash at runtime:
[typecheck]   src/components/auri/Communes.tsx(49,62): TS2304 Cannot find name 'CHART'.
[typecheck]   src/components/auri/Communes.tsx(49,84): TS2304 Cannot find name 'CHART'.
[typecheck]   src/components/auri/Communes.tsx(50,61): TS2304 Cannot find name 'CHART'.
[typecheck]   src/components/auri/Communes.tsx(50,83): TS2304 Cannot find name 'CHART'.
[typecheck]   src/generated/audit-entry.routes.ts(166,11): TS2322 Type 'any' is not assignable to type 'never'.
[typecheck]   src/generated/audit-entry.routes.ts(237,9): TS2322 Type 'Record<string, unknown>' is not assignable to type '(Without<AuditEntryCreateInput, AuditEntryUncheckedCreateInput> & AuditEntryUncheckedCreateInput) | (Without<...> & AuditEntryCreateInput)'.
[typecheck]   src/generated/contract-record.routes.ts(166,11): TS2322 Type 'any' is not assignable to type 'never'.
[typecheck]   src/generated/contract-record.routes.ts(237,9): TS2322 Type 'Record<string, unknown>' is not assignable to type '(Without<ContractRecordCreateInput, ContractRecordUncheckedCreateInput> & ContractRecordUncheckedCreateInput) | (Without<...> & ContractRecordCreateInput)'.
[typecheck]   src/generated/domain.ts(88,7): TS2353 Object literal may only specify known properties, and 'pendingDeletes' does not exist in type 'AnnotationsMap<this, never>'.
[typecheck]   src/generated/domain.ts(296,7): TS2353 Object literal may only specify known properties, and 'pendingDeletes' does not exist in type 'AnnotationsMap<this, never>'.
[typecheck]   …and 15 more
[stdout] build started...
[typecheck] ✗ tsc --noEmit found 25 type error(s) — these compile under Vite but will crash at runtime:
[typecheck]   src/components/auri/Communes.tsx(49,62): TS2304 Cannot find name 'CHART'.
[typecheck]   src/components/auri/Communes.tsx(49,84): TS2304 Cannot find name 'CHART'.
[typecheck]   src/components/auri/Communes.tsx(50,61): TS2304 Cannot find name 'CHART'.
[typecheck]   src/components/auri/Communes.tsx(50,83): TS2304 Cannot find name 'CHART'.
[typecheck]   src/generated/audit-entry.routes.ts(166,11): TS2322 Type 'any' is not assignable to type 'never'.
[typecheck]   src/generated/audit-entry.routes.ts(237,9): TS2322 Type 'Record<string, unknown>' is not assignable to type '(Without<AuditEntryCreateInput, AuditEntryUncheckedCreateInput> & AuditEntryUncheckedCreateInput) | (Without<...> & AuditEntryCreateInput)'.
[typecheck]   src/generated/contract-record.routes.ts(166,11): TS2322 Type 'any' is not assignable to type 'never'.
[typecheck]   src/generated/contract-record.routes.ts(237,9): TS2322 Type 'Record<string, unknown>' is not assignable to type '(Without<ContractRecordCreateInput, ContractRecordUncheckedCreateInput> & ContractRecordUncheckedCreateInput) | (Without<...> & ContractRecordCreateInput)'.
[typecheck]   src/generated/domain.ts(88,7): TS2353 Object literal may only specify known properties, and 'pendingDeletes' does not exist in type 'AnnotationsMap<this, never>'.
[typecheck]   src/generated/domain.ts(296,7): TS2353 Object literal may only specify known properties, and 'pendingDeletes' does not exist in type 'AnnotationsMap<this, never>'.
[typecheck]   …and 15 more
[stdout] ✓ 2 modules transformed.
[stdout] dist/index.html                     0.43 kB │ gzip:   0.30 kB
[stdout] dist/assets/index-DCBck0my.css     71.61 kB │ gzip:  10.54 kB
dist/assets/index-6xGJ8m05.js   2,529.76 kB │ gzip: 475.33 kB
[stdout] built in 8751ms.
[typecheck] ✗ tsc --noEmit found 21 type error(s) — these compile under Vite but will crash at runtime:
[typecheck]   src/generated/audit-entry.routes.ts(166,11): TS2322 Type 'any' is not assignable to type 'never'.
[typecheck]   src/generated/audit-entry.routes.ts(237,9): TS2322 Type 'Record<string, unknown>' is not assignable to type '(Without<AuditEntryCreateInput, AuditEntryUncheckedCreateInput> & AuditEntryUncheckedCreateInput) | (Without<...> & AuditEntryCreateInput)'.
[typecheck]   src/generated/contract-record.routes.ts(166,11): TS2322 Type 'any' is not assignable to type 'never'.
[typecheck]   src/generated/contract-record.routes.ts(237,9): TS2322 Type 'Record<string, unknown>' is not assignable to type '(Without<ContractRecordCreateInput, ContractRecordUncheckedCreateInput> & ContractRecordUncheckedCreateInput) | (Without<...> & ContractRecordCreateInput)'.
[typecheck]   src/generated/domain.ts(88,7): TS2353 Object literal may only specify known properties, and 'pendingDeletes' does not exist in type 'AnnotationsMap<this, never>'.
[typecheck]   src/generated/domain.ts(296,7): TS2353 Object literal may only specify known properties, and 'pendingDeletes' does not exist in type 'AnnotationsMap<this, never>'.
[typecheck]   src/generated/domain.ts(504,7): TS2353 Object literal may only specify known properties, and 'pendingDeletes' does not exist in type 'AnnotationsMap<this, never>'.
[typecheck]   src/generated/domain.ts(712,7): TS2353 Object literal may only specify known properties, and 'pendingDeletes' does not exist in type 'AnnotationsMap<this, never>'.
[typecheck]   src/generated/domain.ts(920,7): TS2353 Object literal may only specify known properties, and 'pendingDeletes' does not exist in type 'AnnotationsMap<this, never>'.
[typecheck]   src/generated/domain.ts(1128,7): TS2353 Object literal may only specify known properties, and 'pendingDeletes' does not exist in type 'AnnotationsMap<this, never>'.
[typecheck]   …and 11 more
[stdout] build started...
[stdout] ✓ 1 modules transformed.
[stdout] dist/index.html                     0.43 kB │ gzip:   0.30 kB
[stdout] dist/assets/index-DCBck0my.css     71.61 kB │ gzip:  10.54 kB
dist/assets/index-DPGa8WNS.js   2,529.71 kB │ gzip: 475.32 kB
[stdout] built in 4963ms.
[typecheck] ✗ tsc --noEmit found 21 type error(s) — these compile under Vite but will crash at runtime:
[typecheck]   src/generated/audit-entry.routes.ts(166,11): TS2322 Type 'any' is not assignable to type 'never'.
[typecheck]   src/generated/audit-entry.routes.ts(237,9): TS2322 Type 'Record<string, unknown>' is not assignable to type '(Without<AuditEntryCreateInput, AuditEntryUncheckedCreateInput> & AuditEntryUncheckedCreateInput) | (Without<...> & AuditEntryCreateInput)'.
[typecheck]   src/generated/contract-record.routes.ts(166,11): TS2322 Type 'any' is not assignable to type 'never'.
[typecheck]   src/generated/contract-record.routes.ts(237,9): TS2322 Type 'Record<string, unknown>' is not assignable to type '(Without<ContractRecordCreateInput, ContractRecordUncheckedCreateInput> & ContractRecordUncheckedCreateInput) | (Without<...> & ContractRecordCreateInput)'.
[typecheck]   src/generated/domain.ts(88,7): TS2353 Object literal may only specify known properties, and 'pendingDeletes' does not exist in type 'AnnotationsMap<this, never>'.
[typecheck]   src/generated/domain.ts(296,7): TS2353 Object literal may only specify known properties, and 'pendingDeletes' does not exist in type 'AnnotationsMap<this, never>'.
[typecheck]   src/generated/domain.ts(504,7): TS2353 Object literal may only specify known properties, and 'pendingDeletes' does not exist in type 'AnnotationsMap<this, never>'.
[typecheck]   src/generated/domain.ts(712,7): TS2353 Object literal may only specify known properties, and 'pendingDeletes' does not exist in type 'AnnotationsMap<this, never>'.
[typecheck]   src/generated/domain.ts(920,7): TS2353 Object literal may only specify known properties, and 'pendingDeletes' does not exist in type 'AnnotationsMap<this, never>'.
[typecheck]   src/generated/domain.ts(1128,7): TS2353 Object literal may only specify known properties, and 'pendingDeletes' does not exist in type 'AnnotationsMap<this, never>'.
[typecheck]   …and 11 more
[api-stdout] 🚀 Server running on http://localhost:3001
[stdout] build started...
[stdout] ✓ 9 modules transformed.
[stdout] dist/index.html                     0.43 kB │ gzip:   0.30 kB
[stdout] dist/assets/index-DCBck0my.css     71.61 kB │ gzip:  10.54 kB
dist/assets/index-DZyvo8hr.js   2,529.76 kB │ gzip: 475.30 kB
[stdout] built in 11724ms.
[typecheck] ✗ tsc --noEmit found 21 type error(s) — these compile under Vite but will crash at runtime:
[typecheck]   src/generated/audit-entry.routes.ts(166,11): TS2322 Type 'any' is not assignable to type 'never'.
[typecheck]   src/generated/audit-entry.routes.ts(237,9): TS2322 Type 'Record<string, unknown>' is not assignable to type '(Without<AuditEntryCreateInput, AuditEntryUncheckedCreateInput> & AuditEntryUncheckedCreateInput) | (Without<...> & AuditEntryCreateInput)'.
[typecheck]   src/generated/contract-record.routes.ts(166,11): TS2322 Type 'any' is not assignable to type 'never'.
[typecheck]   src/generated/contract-record.routes.ts(237,9): TS2322 Type 'Record<string, unknown>' is not assignable to type '(Without<ContractRecordCreateInput, ContractRecordUncheckedCreateInput> & ContractRecordUncheckedCreateInput) | (Without<...> & ContractRecordCreateInput)'.
[typecheck]   src/generated/domain.ts(88,7): TS2353 Object literal may only specify known properties, and 'pendingDeletes' does not exist in type 'AnnotationsMap<this, never>'.
[typecheck]   src/generated/domain.ts(296,7): TS2353 Object literal may only specify known properties, and 'pendingDeletes' does not exist in type 'AnnotationsMap<this, never>'.
[typecheck]   src/generated/domain.ts(504,7): TS2353 Object literal may only specify known properties, and 'pendingDeletes' does not exist in type 'AnnotationsMap<this, never>'.
[typecheck]   src/generated/domain.ts(712,7): TS2353 Object literal may only specify known properties, and 'pendingDeletes' does not exist in type 'AnnotationsMap<this, never>'.
[typecheck]   src/generated/domain.ts(920,7): TS2353 Object literal may only specify known properties, and 'pendingDeletes' does not exist in type 'AnnotationsMap<this, never>'.
[typecheck]   src/generated/domain.ts(1128,7): TS2353 Object literal may only specify known properties, and 'pendingDeletes' does not exist in type 'AnnotationsMap<this, never>'.
[typecheck]   …and 11 more
[stdout] build started...
[stdout] ✓ 2 modules transformed.
[stdout] dist/index.html                     0.43 kB │ gzip:   0.30 kB
[stdout] dist/assets/index-CBVwRS_4.css     71.90 kB │ gzip:  10.58 kB
[stdout] dist/assets/index-DcJwBMCW.js   2,530.69 kB │ gzip: 475.40 kB
[stdout] built in 7572ms.
[typecheck] ✗ tsc --noEmit found 21 type error(s) — these compile under Vite but will crash at runtime:
[typecheck]   src/generated/audit-entry.routes.ts(166,11): TS2322 Type 'any' is not assignable to type 'never'.
[typecheck]   src/generated/audit-entry.routes.ts(237,9): TS2322 Type 'Record<string, unknown>' is not assignable to type '(Without<AuditEntryCreateInput, AuditEntryUncheckedCreateInput> & AuditEntryUncheckedCreateInput) | (Without<...> & AuditEntryCreateInput)'.
[typecheck]   src/generated/contract-record.routes.ts(166,11): TS2322 Type 'any' is not assignable to type 'never'.
[typecheck]   src/generated/contract-record.routes.ts(237,9): TS2322 Type 'Record<string, unknown>' is not assignable to type '(Without<ContractRecordCreateInput, ContractRecordUncheckedCreateInput> & ContractRecordUncheckedCreateInput) | (Without<...> & ContractRecordCreateInput)'.
[typecheck]   src/generated/domain.ts(88,7): TS2353 Object literal may only specify known properties, and 'pendingDeletes' does not exist in type 'AnnotationsMap<this, never>'.
[typecheck]   src/generated/domain.ts(296,7): TS2353 Object literal may only specify known properties, and 'pendingDeletes' does not exist in type 'AnnotationsMap<this, never>'.
[typecheck]   src/generated/domain.ts(504,7): TS2353 Object literal may only specify known properties, and 'pendingDeletes' does not exist in type 'AnnotationsMap<this, never>'.
[typecheck]   src/generated/domain.ts(712,7): TS2353 Object literal may only specify known properties, and 'pendingDeletes' does not exist in type 'AnnotationsMap<this, never>'.
[typecheck]   src/generated/domain.ts(920,7): TS2353 Object literal may only specify known properties, and 'pendingDeletes' does not exist in type 'AnnotationsMap<this, never>'.
[typecheck]   src/generated/domain.ts(1128,7): TS2353 Object literal may only specify known properties, and 'pendingDeletes' does not exist in type 'AnnotationsMap<this, never>'.
[typecheck]   …and 11 more
[stdout] build started...
[stdout] ✓ 1 modules transformed.
[stdout] dist/index.html                     0.43 kB │ gzip:   0.30 kB
[stdout] dist/assets/index-CBVwRS_4.css     71.90 kB │ gzip:  10.58 kB
dist/assets/index-BRXnJRRP.js   2,530.74 kB │ gzip: 475.40 kB
[stdout] built in 8029ms.
[stdout] build started...
[typecheck] ✗ tsc --noEmit found 21 type error(s) — these compile under Vite but will crash at runtime:
[typecheck]   src/generated/audit-entry.routes.ts(166,11): TS2322 Type 'any' is not assignable to type 'never'.
[typecheck]   src/generated/audit-entry.routes.ts(237,9): TS2322 Type 'Record<string, unknown>' is not assignable to type '(Without<AuditEntryCreateInput, AuditEntryUncheckedCreateInput> & AuditEntryUncheckedCreateInput) | (Without<...> & AuditEntryCreateInput)'.
[typecheck]   src/generated/contract-record.routes.ts(166,11): TS2322 Type 'any' is not assignable to type 'never'.
[typecheck]   src/generated/contract-record.routes.ts(237,9): TS2322 Type 'Record<string, unknown>' is not assignable to type '(Without<ContractRecordCreateInput, ContractRecordUncheckedCreateInput> & ContractRecordUncheckedCreateInput) | (Without<...> & ContractRecordCreateInput)'.
[typecheck]   src/generated/domain.ts(88,7): TS2353 Object literal may only specify known properties, and 'pendingDeletes' does not exist in type 'AnnotationsMap<this, never>'.
[typecheck]   src/generated/domain.ts(296,7): TS2353 Object literal may only specify known properties, and 'pendingDeletes' does not exist in type 'AnnotationsMap<this, never>'.
[typecheck]   src/generated/domain.ts(504,7): TS2353 Object literal may only specify known properties, and 'pendingDeletes' does not exist in type 'AnnotationsMap<this, never>'.
[typecheck]   src/generated/domain.ts(712,7): TS2353 Object literal may only specify known properties, and 'pendingDeletes' does not exist in type 'AnnotationsMap<this, never>'.
[typecheck]   src/generated/domain.ts(920,7): TS2353 Object literal may only specify known properties, and 'pendingDeletes' does not exist in type 'AnnotationsMap<this, never>'.
[typecheck]   src/generated/domain.ts(1128,7): TS2353 Object literal may only specify known properties, and 'pendingDeletes' does not exist in type 'AnnotationsMap<this, never>'.
[typecheck]   …and 11 more
[stdout] ✓ 1 modules transformed.
[stdout] dist/index.html                     0.43 kB │ gzip:   0.30 kB
dist/assets/index-CBVwRS_4.css     71.90 kB │ gzip:  10.58 kB
dist/assets/index-DcJwBMCW.js   2,530.69 kB │ gzip: 475.40 kB
[stdout] built in 9005ms.
[typecheck] ✗ tsc --noEmit found 21 type error(s) — these compile under Vite but will crash at runtime:
[typecheck]   src/generated/audit-entry.routes.ts(166,11): TS2322 Type 'any' is not assignable to type 'never'.
[typecheck]   src/generated/audit-entry.routes.ts(237,9): TS2322 Type 'Record<string, unknown>' is not assignable to type '(Without<AuditEntryCreateInput, AuditEntryUncheckedCreateInput> & AuditEntryUncheckedCreateInput) | (Without<...> & AuditEntryCreateInput)'.
[typecheck]   src/generated/contract-record.routes.ts(166,11): TS2322 Type 'any' is not assignable to type 'never'.
[typecheck]   src/generated/contract-record.routes.ts(237,9): TS2322 Type 'Record<string, unknown>' is not assignable to type '(Without<ContractRecordCreateInput, ContractRecordUncheckedCreateInput> & ContractRecordUncheckedCreateInput) | (Without<...> & ContractRecordCreateInput)'.
[typecheck]   src/generated/domain.ts(88,7): TS2353 Object literal may only specify known properties, and 'pendingDeletes' does not exist in type 'AnnotationsMap<this, never>'.
[typecheck]   src/generated/domain.ts(296,7): TS2353 Object literal may only specify known properties, and 'pendingDeletes' does not exist in type 'AnnotationsMap<this, never>'.
[typecheck]   src/generated/domain.ts(504,7): TS2353 Object literal may only specify known properties, and 'pendingDeletes' does not exist in type 'AnnotationsMap<this, never>'.
[typecheck]   src/generated/domain.ts(712,7): TS2353 Object literal may only specify known properties, and 'pendingDeletes' does not exist in type 'AnnotationsMap<this, never>'.
[typecheck]   src/generated/domain.ts(920,7): TS2353 Object literal may only specify known properties, and 'pendingDeletes' does not exist in type 'AnnotationsMap<this, never>'.
[typecheck]   src/generated/domain.ts(1128,7): TS2353 Object literal may only specify known properties, and 'pendingDeletes' does not exist in type 'AnnotationsMap<this, never>'.
[typecheck]   …and 11 more
[stdout] build started...
[stdout] ✓ 1 modules transformed.
[stdout] dist/index.html                     0.43 kB │ gzip:   0.30 kB
[stdout] dist/assets/index-CBVwRS_4.css     71.90 kB │ gzip:  10.58 kB
dist/assets/index-BRXnJRRP.js   2,530.74 kB │ gzip: 475.40 kB
[stdout] built in 7129ms.
[typecheck] ✗ tsc --noEmit found 21 type error(s) — these compile under Vite but will crash at runtime:
[typecheck]   src/generated/audit-entry.routes.ts(166,11): TS2322 Type 'any' is not assignable to type 'never'.
[typecheck]   src/generated/audit-entry.routes.ts(237,9): TS2322 Type 'Record<string, unknown>' is not assignable to type '(Without<AuditEntryCreateInput, AuditEntryUncheckedCreateInput> & AuditEntryUncheckedCreateInput) | (Without<...> & AuditEntryCreateInput)'.
[typecheck]   src/generated/contract-record.routes.ts(166,11): TS2322 Type 'any' is not assignable to type 'never'.
[typecheck]   src/generated/contract-record.routes.ts(237,9): TS2322 Type 'Record<string, unknown>' is not assignable to type '(Without<ContractRecordCreateInput, ContractRecordUncheckedCreateInput> & ContractRecordUncheckedCreateInput) | (Without<...> & ContractRecordCreateInput)'.
[typecheck]   src/generated/domain.ts(88,7): TS2353 Object literal may only specify known properties, and 'pendingDeletes' does not exist in type 'AnnotationsMap<this, never>'.
[typecheck]   src/generated/domain.ts(296,7): TS2353 Object literal may only specify known properties, and 'pendingDeletes' does not exist in type 'AnnotationsMap<this, never>'.
[typecheck]   src/generated/domain.ts(504,7): TS2353 Object literal may only specify known properties, and 'pendingDeletes' does not exist in type 'AnnotationsMap<this, never>'.
[typecheck]   src/generated/domain.ts(712,7): TS2353 Object literal may only specify known properties, and 'pendingDeletes' does not exist in type 'AnnotationsMap<this, never>'.
[typecheck]   src/generated/domain.ts(920,7): TS2353 Object literal may only specify known properties, and 'pendingDeletes' does not exist in type 'AnnotationsMap<this, never>'.
[typecheck]   src/generated/domain.ts(1128,7): TS2353 Object literal may only specify known properties, and 'pendingDeletes' does not exist in type 'AnnotationsMap<this, never>'.
[typecheck]   …and 11 more
[api-stdout] 🚀 Server running on http://localhost:3001
[stdout] build started...
[stdout] ✓ 1 modules transformed.
[stdout] dist/index.html                     0.43 kB │ gzip:   0.30 kB
[stdout] dist/assets/index-CBVwRS_4.css     71.90 kB │ gzip:  10.58 kB
dist/assets/index-DcJwBMCW.js   2,530.69 kB │ gzip: 475.40 kB
[stdout] built in 12095ms.
[stdout] build started...
[stdout] ✓ 0 modules transformed.
[stdout] dist/index.html                     0.43 kB │ gzip:   0.30 kB
[stdout] dist/assets/index-CBVwRS_4.css     71.90 kB │ gzip:  10.58 kB
[stdout] dist/assets/index-BRXnJRRP.js   2,530.74 kB │ gzip: 475.40 kB
[stdout] built in 11488ms.
[typecheck] ✗ tsc --noEmit found 21 type error(s) — these compile under Vite but will crash at runtime:
[typecheck]   src/generated/audit-entry.routes.ts(166,11): TS2322 Type 'any' is not assignable to type 'never'.
[typecheck]   src/generated/audit-entry.routes.ts(237,9): TS2322 Type 'Record<string, unknown>' is not assignable to type '(Without<AuditEntryCreateInput, AuditEntryUncheckedCreateInput> & AuditEntryUncheckedCreateInput) | (Without<...> & AuditEntryCreateInput)'.
[typecheck]   src/generated/contract-record.routes.ts(166,11): TS2322 Type 'any' is not assignable to type 'never'.
[typecheck]   src/generated/contract-record.routes.ts(237,9): TS2322 Type 'Record<string, unknown>' is not assignable to type '(Without<ContractRecordCreateInput, ContractRecordUncheckedCreateInput> & ContractRecordUncheckedCreateInput) | (Without<...> & ContractRecordCreateInput)'.
[typecheck]   src/generated/domain.ts(88,7): TS2353 Object literal may only specify known properties, and 'pendingDeletes' does not exist in type 'AnnotationsMap<this, never>'.
[typecheck]   src/generated/domain.ts(296,7): TS2353 Object literal may only specify known properties, and 'pendingDeletes' does not exist in type 'AnnotationsMap<this, never>'.
[typecheck]   src/generated/domain.ts(504,7): TS2353 Object literal may only specify known properties, and 'pendingDeletes' does not exist in type 'AnnotationsMap<this, never>'.
[typecheck]   src/generated/domain.ts(712,7): TS2353 Object literal may only specify known properties, and 'pendingDeletes' does not exist in type 'AnnotationsMap<this, never>'.
[typecheck]   src/generated/domain.ts(920,7): TS2353 Object literal may only specify known properties, and 'pendingDeletes' does not exist in type 'AnnotationsMap<this, never>'.
[typecheck]   src/generated/domain.ts(1128,7): TS2353 Object literal may only specify known properties, and 'pendingDeletes' does not exist in type 'AnnotationsMap<this, never>'.
[typecheck]   …and 11 more
[typecheck] ✗ tsc --noEmit found 21 type error(s) — these compile under Vite but will crash at runtime:
[typecheck]   src/generated/audit-entry.routes.ts(166,11): TS2322 Type 'any' is not assignable to type 'never'.
[typecheck]   src/generated/audit-entry.routes.ts(237,9): TS2322 Type 'Record<string, unknown>' is not assignable to type '(Without<AuditEntryCreateInput, AuditEntryUncheckedCreateInput> & AuditEntryUncheckedCreateInput) | (Without<...> & AuditEntryCreateInput)'.
[typecheck]   src/generated/contract-record.routes.ts(166,11): TS2322 Type 'any' is not assignable to type 'never'.
[typecheck]   src/generated/contract-record.routes.ts(237,9): TS2322 Type 'Record<string, unknown>' is not assignable to type '(Without<ContractRecordCreateInput, ContractRecordUncheckedCreateInput> & ContractRecordUncheckedCreateInput) | (Without<...> & ContractRecordCreateInput)'.
[typecheck]   src/generated/domain.ts(88,7): TS2353 Object literal may only specify known properties, and 'pendingDeletes' does not exist in type 'AnnotationsMap<this, never>'.
[typecheck]   src/generated/domain.ts(296,7): TS2353 Object literal may only specify known properties, and 'pendingDeletes' does not exist in type 'AnnotationsMap<this, never>'.
[typecheck]   src/generated/domain.ts(504,7): TS2353 Object literal may only specify known properties, and 'pendingDeletes' does not exist in type 'AnnotationsMap<this, never>'.
[typecheck]   src/generated/domain.ts(712,7): TS2353 Object literal may only specify known properties, and 'pendingDeletes' does not exist in type 'AnnotationsMap<this, never>'.
[typecheck]   src/generated/domain.ts(920,7): TS2353 Object literal may only specify known properties, and 'pendingDeletes' does not exist in type 'AnnotationsMap<this, never>'.
[typecheck]   src/generated/domain.ts(1128,7): TS2353 Object literal may only specify known properties, and 'pendingDeletes' does not exist in type 'AnnotationsMap<this, never>'.
[typecheck]   …and 11 more
[stdout] build started...
[stdout] ✓ 2 modules transformed.
[stdout] dist/index.html                     0.43 kB │ gzip:   0.31 kB
dist/assets/index-CBVwRS_4.css     71.90 kB │ gzip:  10.58 kB
dist/assets/index-DcJwBMCW.js   2,530.69 kB │ gzip: 475.40 kB
[stdout] built in 8590ms.
[stdout] build started...
[stdout] ✓ 0 modules transformed.
[stdout] dist/index.html                     0.43 kB │ gzip:   0.30 kB
dist/assets/index-CBVwRS_4.css     71.90 kB │ gzip:  10.58 kB
dist/assets/index-BRXnJRRP.js   2,530.74 kB │ gzip: 475.40 kB
[stdout] built in 13485ms.
[typecheck] ✗ tsc --noEmit found 21 type error(s) — these compile under Vite but will crash at runtime:
[typecheck]   src/generated/audit-entry.routes.ts(166,11): TS2322 Type 'any' is not assignable to type 'never'.
[typecheck]   src/generated/audit-entry.routes.ts(237,9): TS2322 Type 'Record<string, unknown>' is not assignable to type '(Without<AuditEntryCreateInput, AuditEntryUncheckedCreateInput> & AuditEntryUncheckedCreateInput) | (Without<...> & AuditEntryCreateInput)'.
[typecheck]   src/generated/contract-record.routes.ts(166,11): TS2322 Type 'any' is not assignable to type 'never'.
[typecheck]   src/generated/contract-record.routes.ts(237,9): TS2322 Type 'Record<string, unknown>' is not assignable to type '(Without<ContractRecordCreateInput, ContractRecordUncheckedCreateInput> & ContractRecordUncheckedCreateInput) | (Without<...> & ContractRecordCreateInput)'.
[typecheck]   src/generated/domain.ts(88,7): TS2353 Object literal may only specify known properties, and 'pendingDeletes' does not exist in type 'AnnotationsMap<this, never>'.
[typecheck]   src/generated/domain.ts(296,7): TS2353 Object literal may only specify known properties, and 'pendingDeletes' does not exist in type 'AnnotationsMap<this, never>'.
[typecheck]   src/generated/domain.ts(504,7): TS2353 Object literal may only specify known properties, and 'pendingDeletes' does not exist in type 'AnnotationsMap<this, never>'.
[typecheck]   src/generated/domain.ts(712,7): TS2353 Object literal may only specify known properties, and 'pendingDeletes' does not exist in type 'AnnotationsMap<this, never>'.
[typecheck]   src/generated/domain.ts(920,7): TS2353 Object literal may only specify known properties, and 'pendingDeletes' does not exist in type 'AnnotationsMap<this, never>'.
[typecheck]   src/generated/domain.ts(1128,7): TS2353 Object literal may only specify known properties, and 'pendingDeletes' does not exist in type 'AnnotationsMap<this, never>'.
[typecheck]   …and 11 more
[stdout] build started...
[typecheck] ✗ tsc --noEmit found 21 type error(s) — these compile under Vite but will crash at runtime:
[typecheck]   src/generated/audit-entry.routes.ts(166,11): TS2322 Type 'any' is not assignable to type 'never'.
[typecheck]   src/generated/audit-entry.routes.ts(237,9): TS2322 Type 'Record<string, unknown>' is not assignable to type '(Without<AuditEntryCreateInput, AuditEntryUncheckedCreateInput> & AuditEntryUncheckedCreateInput) | (Without<...> & AuditEntryCreateInput)'.
[typecheck]   src/generated/contract-record.routes.ts(166,11): TS2322 Type 'any' is not assignable to type 'never'.
[typecheck]   src/generated/contract-record.routes.ts(237,9): TS2322 Type 'Record<string, unknown>' is not assignable to type '(Without<ContractRecordCreateInput, ContractRecordUncheckedCreateInput> & ContractRecordUncheckedCreateInput) | (Without<...> & ContractRecordCreateInput)'.
[typecheck]   src/generated/domain.ts(88,7): TS2353 Object literal may only specify known properties, and 'pendingDeletes' does not exist in type 'AnnotationsMap<this, never>'.
[typecheck]   src/generated/domain.ts(296,7): TS2353 Object literal may only specify known properties, and 'pendingDeletes' does not exist in type 'AnnotationsMap<this, never>'.
[typecheck]   src/generated/domain.ts(504,7): TS2353 Object literal may only specify known properties, and 'pendingDeletes' does not exist in type 'AnnotationsMap<this, never>'.
[typecheck]   src/generated/domain.ts(712,7): TS2353 Object literal may only specify known properties, and 'pendingDeletes' does not exist in type 'AnnotationsMap<this, never>'.
[typecheck]   src/generated/domain.ts(920,7): TS2353 Object literal may only specify known properties, and 'pendingDeletes' does not exist in type 'AnnotationsMap<this, never>'.
[typecheck]   src/generated/domain.ts(1128,7): TS2353 Object literal may only specify known properties, and 'pendingDeletes' does not exist in type 'AnnotationsMap<this, never>'.
[typecheck]   …and 11 more
[stdout] ✓ 0 modules transformed.
[stdout] dist/index.html                     0.43 kB │ gzip:   0.31 kB
[stdout] dist/assets/index-CBVwRS_4.css     71.90 kB │ gzip:  10.58 kB
[stdout] dist/assets/index-DcJwBMCW.js   2,530.69 kB │ gzip: 475.40 kB
[stdout] built in 14879ms.
[typecheck] ✗ tsc --noEmit found 21 type error(s) — these compile under Vite but will crash at runtime:
[typecheck]   src/generated/audit-entry.routes.ts(166,11): TS2322 Type 'any' is not assignable to type 'never'.
[typecheck]   src/generated/audit-entry.routes.ts(237,9): TS2322 Type 'Record<string, unknown>' is not assignable to type '(Without<AuditEntryCreateInput, AuditEntryUncheckedCreateInput> & AuditEntryUncheckedCreateInput) | (Without<...> & AuditEntryCreateInput)'.
[typecheck]   src/generated/contract-record.routes.ts(166,11): TS2322 Type 'any' is not assignable to type 'never'.
[typecheck]   src/generated/contract-record.routes.ts(237,9): TS2322 Type 'Record<string, unknown>' is not assignable to type '(Without<ContractRecordCreateInput, ContractRecordUncheckedCreateInput> & ContractRecordUncheckedCreateInput) | (Without<...> & ContractRecordCreateInput)'.
[typecheck]   src/generated/domain.ts(88,7): TS2353 Object literal may only specify known properties, and 'pendingDeletes' does not exist in type 'AnnotationsMap<this, never>'.
[typecheck]   src/generated/domain.ts(296,7): TS2353 Object literal may only specify known properties, and 'pendingDeletes' does not exist in type 'AnnotationsMap<this, never>'.
[typecheck]   src/generated/domain.ts(504,7): TS2353 Object literal may only specify known properties, and 'pendingDeletes' does not exist in type 'AnnotationsMap<this, never>'.
[typecheck]   src/generated/domain.ts(712,7): TS2353 Object literal may only specify known properties, and 'pendingDeletes' does not exist in type 'AnnotationsMap<this, never>'.
[typecheck]   src/generated/domain.ts(920,7): TS2353 Object literal may only specify known properties, and 'pendingDeletes' does not exist in type 'AnnotationsMap<this, never>'.
[typecheck]   src/generated/domain.ts(1128,7): TS2353 Object literal may only specify known properties, and 'pendingDeletes' does not exist in type 'AnnotationsMap<this, never>'.
[typecheck]   …and 11 more
[api-stdout] 🚀 Server running on http://localhost:3001
[api-stdout] 🚀 Server running on http://localhost:3001
[stdout] build started...
[stdout] ✓ 1 modules transformed.
[stdout] dist/index.html                     0.43 kB │ gzip:   0.30 kB
dist/assets/index-CBVwRS_4.css     71.90 kB │ gzip:  10.58 kB
dist/assets/index-BRXnJRRP.js   2,530.74 kB │ gzip: 475.40 kB
[stdout] built in 16782ms.
[stdout] build started...
[typecheck] ✗ tsc --noEmit found 21 type error(s) — these compile under Vite but will crash at runtime:
[typecheck]   src/generated/audit-entry.routes.ts(166,11): TS2322 Type 'any' is not assignable to type 'never'.
[typecheck]   src/generated/audit-entry.routes.ts(237,9): TS2322 Type 'Record<string, unknown>' is not assignable to type '(Without<AuditEntryCreateInput, AuditEntryUncheckedCreateInput> & AuditEntryUncheckedCreateInput) | (Without<...> & AuditEntryCreateInput)'.
[typecheck]   src/generated/contract-record.routes.ts(166,11): TS2322 Type 'any' is not assignable to type 'never'.
[typecheck]   src/generated/contract-record.routes.ts(237,9): TS2322 Type 'Record<string, unknown>' is not assignable to type '(Without<ContractRecordCreateInput, ContractRecordUncheckedCreateInput> & ContractRecordUncheckedCreateInput) | (Without<...> & ContractRecordCreateInput)'.
[typecheck]   src/generated/domain.ts(88,7): TS2353 Object literal may only specify known properties, and 'pendingDeletes' does not exist in type 'AnnotationsMap<this, never>'.
[typecheck]   src/generated/domain.ts(296,7): TS2353 Object literal may only specify known properties, and 'pendingDeletes' does not exist in type 'AnnotationsMap<this, never>'.
[typecheck]   src/generated/domain.ts(504,7): TS2353 Object literal may only specify known properties, and 'pendingDeletes' does not exist in type 'AnnotationsMap<this, never>'.
[typecheck]   src/generated/domain.ts(712,7): TS2353 Object literal may only specify known properties, and 'pendingDeletes' does not exist in type 'AnnotationsMap<this, never>'.
[typecheck]   src/generated/domain.ts(920,7): TS2353 Object literal may only specify known properties, and 'pendingDeletes' does not exist in type 'AnnotationsMap<this, never>'.
[typecheck]   src/generated/domain.ts(1128,7): TS2353 Object literal may only specify known properties, and 'pendingDeletes' does not exist in type 'AnnotationsMap<this, never>'.
[typecheck]   …and 11 more
[stdout] ✓ 0 modules transformed.
[stdout] dist/index.html                     0.43 kB │ gzip:   0.31 kB
[stdout] dist/assets/index-CBVwRS_4.css     71.90 kB │ gzip:  10.58 kB
[stdout] dist/assets/index-DcJwBMCW.js   2,530.69 kB │ gzip: 475.40 kB
[stdout] built in 17181ms.
[typecheck] ✗ tsc --noEmit found 21 type error(s) — these compile under Vite but will crash at runtime:
[typecheck]   src/generated/audit-entry.routes.ts(166,11): TS2322 Type 'any' is not assignable to type 'never'.
[typecheck]   src/generated/audit-entry.routes.ts(237,9): TS2322 Type 'Record<string, unknown>' is not assignable to type '(Without<AuditEntryCreateInput, AuditEntryUncheckedCreateInput> & AuditEntryUncheckedCreateInput) | (Without<...> & AuditEntryCreateInput)'.
[typecheck]   src/generated/contract-record.routes.ts(166,11): TS2322 Type 'any' is not assignable to type 'never'.
[typecheck]   src/generated/contract-record.routes.ts(237,9): TS2322 Type 'Record<string, unknown>' is not assignable to type '(Without<ContractRecordCreateInput, ContractRecordUncheckedCreateInput> & ContractRecordUncheckedCreateInput) | (Without<...> & ContractRecordCreateInput)'.
[typecheck]   src/generated/domain.ts(88,7): TS2353 Object literal may only specify known properties, and 'pendingDeletes' does not exist in type 'AnnotationsMap<this, never>'.
[typecheck]   src/generated/domain.ts(296,7): TS2353 Object literal may only specify known properties, and 'pendingDeletes' does not exist in type 'AnnotationsMap<this, never>'.
[typecheck]   src/generated/domain.ts(504,7): TS2353 Object literal may only specify known properties, and 'pendingDeletes' does not exist in type 'AnnotationsMap<this, never>'.
[typecheck]   src/generated/domain.ts(712,7): TS2353 Object literal may only specify known properties, and 'pendingDeletes' does not exist in type 'AnnotationsMap<this, never>'.
[typecheck]   src/generated/domain.ts(920,7): TS2353 Object literal may only specify known properties, and 'pendingDeletes' does not exist in type 'AnnotationsMap<this, never>'.
[typecheck]   src/generated/domain.ts(1128,7): TS2353 Object literal may only specify known properties, and 'pendingDeletes' does not exist in type 'AnnotationsMap<this, never>'.
[typecheck]   …and 11 more
[stdout] build started...
[stdout] ✓ 2 modules transformed.
[stdout] dist/index.html                     0.43 kB │ gzip:   0.30 kB
[stdout] dist/assets/index-B6E7-zko.css     75.49 kB │ gzip:  10.85 kB
dist/assets/index-CaHSwk0D.js   2,530.74 kB │ gzip: 475.41 kB
[stdout] built in 10492ms.
[stdout] build started...
[typecheck] ✗ tsc --noEmit found 23 type error(s) — these compile under Vite but will crash at runtime:
[typecheck]   src/App.tsx(20,49): TS2304 Cannot find name 'Flag'.
[typecheck]   src/components/auri/CommandPost.tsx(182,29): TS2304 Cannot find name 'ListChecks'.
[typecheck]   src/generated/audit-entry.routes.ts(166,11): TS2322 Type 'any' is not assignable to type 'never'.
[typecheck]   src/generated/audit-entry.routes.ts(237,9): TS2322 Type 'Record<string, unknown>' is not assignable to type '(Without<AuditEntryCreateInput, AuditEntryUncheckedCreateInput> & AuditEntryUncheckedCreateInput) | (Without<...> & AuditEntryCreateInput)'.
[typecheck]   src/generated/contract-record.routes.ts(166,11): TS2322 Type 'any' is not assignable to type 'never'.
[typecheck]   src/generated/contract-record.routes.ts(237,9): TS2322 Type 'Record<string, unknown>' is not assignable to type '(Without<ContractRecordCreateInput, ContractRecordUncheckedCreateInput> & ContractRecordUncheckedCreateInput) | (Without<...> & ContractRecordCreateInput)'.
[typecheck]   src/generated/domain.ts(88,7): TS2353 Object literal may only specify known properties, and 'pendingDeletes' does not exist in type 'AnnotationsMap<this, never>'.
[typecheck]   src/generated/domain.ts(296,7): TS2353 Object literal may only specify known properties, and 'pendingDeletes' does not exist in type 'AnnotationsMap<this, never>'.
[typecheck]   src/generated/domain.ts(504,7): TS2353 Object literal may only specify known properties, and 'pendingDeletes' does not exist in type 'AnnotationsMap<this, never>'.
[typecheck]   src/generated/domain.ts(712,7): TS2353 Object literal may only specify known properties, and 'pendingDeletes' does not exist in type 'AnnotationsMap<this, never>'.
[typecheck]   …and 13 more
[stdout] ✓ 3 modules transformed.
[stdout] dist/index.html                     0.43 kB │ gzip:   0.30 kB
[stdout] dist/assets/index-B6E7-zko.css     75.49 kB │ gzip:  10.85 kB
[stdout] dist/assets/index-CE5DOOTa.js   2,563.58 kB │ gzip: 480.82 kB
[stdout] built in 14755ms.
[stdout] build started...
[stdout] ✓ 0 modules transformed.
[typecheck] ✗ tsc --noEmit found 23 type error(s) — these compile under Vite but will crash at runtime:
[typecheck]   src/App.tsx(20,49): TS2304 Cannot find name 'Flag'.
[typecheck]   src/components/auri/CommandPost.tsx(182,29): TS2304 Cannot find name 'ListChecks'.
[typecheck]   src/generated/audit-entry.routes.ts(166,11): TS2322 Type 'any' is not assignable to type 'never'.
[typecheck]   src/generated/audit-entry.routes.ts(237,9): TS2322 Type 'Record<string, unknown>' is not assignable to type '(Without<AuditEntryCreateInput, AuditEntryUncheckedCreateInput> & AuditEntryUncheckedCreateInput) | (Without<...> & AuditEntryCreateInput)'.
[typecheck]   src/generated/contract-record.routes.ts(166,11): TS2322 Type 'any' is not assignable to type 'never'.
[typecheck]   src/generated/contract-record.routes.ts(237,9): TS2322 Type 'Record<string, unknown>' is not assignable to type '(Without<ContractRecordCreateInput, ContractRecordUncheckedCreateInput> & ContractRecordUncheckedCreateInput) | (Without<...> & ContractRecordCreateInput)'.
[typecheck]   src/generated/domain.ts(88,7): TS2353 Object literal may only specify known properties, and 'pendingDeletes' does not exist in type 'AnnotationsMap<this, never>'.
[typecheck]   src/generated/domain.ts(296,7): TS2353 Object literal may only specify known properties, and 'pendingDeletes' does not exist in type 'AnnotationsMap<this, never>'.
[typecheck]   src/generated/domain.ts(504,7): TS2353 Object literal may only specify known properties, and 'pendingDeletes' does not exist in type 'AnnotationsMap<this, never>'.
[typecheck]   src/generated/domain.ts(712,7): TS2353 Object literal may only specify known properties, and 'pendingDeletes' does not exist in type 'AnnotationsMap<this, never>'.
[typecheck]   …and 13 more
[stdout] dist/index.html                     0.43 kB │ gzip:   0.30 kB
dist/assets/index-B6E7-zko.css     75.49 kB │ gzip:  10.85 kB
dist/assets/index-DyKsY-9q.js   2,563.63 kB │ gzip: 480.82 kB
[stdout] built in 17266ms.
[stdout] build started...
[typecheck] ✗ tsc --noEmit found 23 type error(s) — these compile under Vite but will crash at runtime:
[typecheck]   src/App.tsx(20,49): TS2304 Cannot find name 'Flag'.
[typecheck]   src/components/auri/CommandPost.tsx(182,29): TS2304 Cannot find name 'ListChecks'.
[typecheck]   src/generated/audit-entry.routes.ts(166,11): TS2322 Type 'any' is not assignable to type 'never'.
[typecheck]   src/generated/audit-entry.routes.ts(237,9): TS2322 Type 'Record<string, unknown>' is not assignable to type '(Without<AuditEntryCreateInput, AuditEntryUncheckedCreateInput> & AuditEntryUncheckedCreateInput) | (Without<...> & AuditEntryCreateInput)'.
[typecheck]   src/generated/contract-record.routes.ts(166,11): TS2322 Type 'any' is not assignable to type 'never'.
[typecheck]   src/generated/contract-record.routes.ts(237,9): TS2322 Type 'Record<string, unknown>' is not assignable to type '(Without<ContractRecordCreateInput, ContractRecordUncheckedCreateInput> & ContractRecordUncheckedCreateInput) | (Without<...> & ContractRecordCreateInput)'.
[typecheck]   src/generated/domain.ts(88,7): TS2353 Object literal may only specify known properties, and 'pendingDeletes' does not exist in type 'AnnotationsMap<this, never>'.
[typecheck]   src/generated/domain.ts(296,7): TS2353 Object literal may only specify known properties, and 'pendingDeletes' does not exist in type 'AnnotationsMap<this, never>'.
[typecheck]   src/generated/domain.ts(504,7): TS2353 Object literal may only specify known properties, and 'pendingDeletes' does not exist in type 'AnnotationsMap<this, never>'.
[typecheck]   src/generated/domain.ts(712,7): TS2353 Object literal may only specify known properties, and 'pendingDeletes' does not exist in type 'AnnotationsMap<this, never>'.
[typecheck]   …and 13 more
[stdout] ✓ 3 modules transformed.
[stdout] dist/index.html                     0.43 kB │ gzip:   0.30 kB
[stdout] dist/assets/index-B6E7-zko.css     75.49 kB │ gzip:  10.85 kB
dist/assets/index-BTw05bKY.js   2,564.05 kB │ gzip: 480.93 kB
[stdout] built in 10708ms.
[stdout] build started...
[typecheck] ✗ tsc --noEmit found 21 type error(s) — these compile under Vite but will crash at runtime:
[typecheck]   src/generated/audit-entry.routes.ts(166,11): TS2322 Type 'any' is not assignable to type 'never'.
[typecheck]   src/generated/audit-entry.routes.ts(237,9): TS2322 Type 'Record<string, unknown>' is not assignable to type '(Without<AuditEntryCreateInput, AuditEntryUncheckedCreateInput> & AuditEntryUncheckedCreateInput) | (Without<...> & AuditEntryCreateInput)'.
[typecheck]   src/generated/contract-record.routes.ts(166,11): TS2322 Type 'any' is not assignable to type 'never'.
[typecheck]   src/generated/contract-record.routes.ts(237,9): TS2322 Type 'Record<string, unknown>' is not assignable to type '(Without<ContractRecordCreateInput, ContractRecordUncheckedCreateInput> & ContractRecordUncheckedCreateInput) | (Without<...> & ContractRecordCreateInput)'.
[typecheck]   src/generated/domain.ts(88,7): TS2353 Object literal may only specify known properties, and 'pendingDeletes' does not exist in type 'AnnotationsMap<this, never>'.
[typecheck]   src/generated/domain.ts(296,7): TS2353 Object literal may only specify known properties, and 'pendingDeletes' does not exist in type 'AnnotationsMap<this, never>'.
[typecheck]   src/generated/domain.ts(504,7): TS2353 Object literal may only specify known properties, and 'pendingDeletes' does not exist in type 'AnnotationsMap<this, never>'.
[typecheck]   src/generated/domain.ts(712,7): TS2353 Object literal may only specify known properties, and 'pendingDeletes' does not exist in type 'AnnotationsMap<this, never>'.
[typecheck]   src/generated/domain.ts(920,7): TS2353 Object literal may only specify known properties, and 'pendingDeletes' does not exist in type 'AnnotationsMap<this, never>'.
[typecheck]   src/generated/domain.ts(1128,7): TS2353 Object literal may only specify known properties, and 'pendingDeletes' does not exist in type 'AnnotationsMap<this, never>'.
[typecheck]   …and 11 more
[stdout] ✓ 0 modules transformed.
[stdout] dist/index.html                     0.43 kB │ gzip:   0.30 kB
[stdout] dist/assets/index-B6E7-zko.css     75.49 kB │ gzip:  10.85 kB
[stdout] dist/assets/index-CGusZyAV.js   2,564.10 kB │ gzip: 480.93 kB
[stdout] built in 16978ms.
[typecheck] ✗ tsc --noEmit found 21 type error(s) — these compile under Vite but will crash at runtime:
[typecheck]   src/generated/audit-entry.routes.ts(166,11): TS2322 Type 'any' is not assignable to type 'never'.
[typecheck]   src/generated/audit-entry.routes.ts(237,9): TS2322 Type 'Record<string, unknown>' is not assignable to type '(Without<AuditEntryCreateInput, AuditEntryUncheckedCreateInput> & AuditEntryUncheckedCreateInput) | (Without<...> & AuditEntryCreateInput)'.
[typecheck]   src/generated/contract-record.routes.ts(166,11): TS2322 Type 'any' is not assignable to type 'never'.
[typecheck]   src/generated/contract-record.routes.ts(237,9): TS2322 Type 'Record<string, unknown>' is not assignable to type '(Without<ContractRecordCreateInput, ContractRecordUncheckedCreateInput> & ContractRecordUncheckedCreateInput) | (Without<...> & ContractRecordCreateInput)'.
[typecheck]   src/generated/domain.ts(88,7): TS2353 Object literal may only specify known properties, and 'pendingDeletes' does not exist in type 'AnnotationsMap<this, never>'.
[typecheck]   src/generated/domain.ts(296,7): TS2353 Object literal may only specify known properties, and 'pendingDeletes' does not exist in type 'AnnotationsMap<this, never>'.
[typecheck]   src/generated/domain.ts(504,7): TS2353 Object literal may only specify known properties, and 'pendingDeletes' does not exist in type 'AnnotationsMap<this, never>'.
[typecheck]   src/generated/domain.ts(712,7): TS2353 Object literal may only specify known properties, and 'pendingDeletes' does not exist in type 'AnnotationsMap<this, never>'.
[typecheck]   src/generated/domain.ts(920,7): TS2353 Object literal may only specify known properties, and 'pendingDeletes' does not exist in type 'AnnotationsMap<this, never>'.
[typecheck]   src/generated/domain.ts(1128,7): TS2353 Object literal may only specify known properties, and 'pendingDeletes' does not exist in type 'AnnotationsMap<this, never>'.
[typecheck]   …and 11 more
[stdout] build started...
[stdout] ✓ 1 modules transformed.
[stdout] dist/index.html                     0.43 kB │ gzip:   0.30 kB
[stdout] dist/assets/index-B6E7-zko.css     75.49 kB │ gzip:  10.85 kB
[stdout] dist/assets/index-BTw05bKY.js   2,564.05 kB │ gzip: 480.93 kB
[stdout] built in 10812ms.
[stdout] build started...
[typecheck] ✗ tsc --noEmit found 21 type error(s) — these compile under Vite but will crash at runtime:
[typecheck]   src/generated/audit-entry.routes.ts(166,11): TS2322 Type 'any' is not assignable to type 'never'.
[typecheck]   src/generated/audit-entry.routes.ts(237,9): TS2322 Type 'Record<string, unknown>' is not assignable to type '(Without<AuditEntryCreateInput, AuditEntryUncheckedCreateInput> & AuditEntryUncheckedCreateInput) | (Without<...> & AuditEntryCreateInput)'.
[typecheck]   src/generated/contract-record.routes.ts(166,11): TS2322 Type 'any' is not assignable to type 'never'.
[typecheck]   src/generated/contract-record.routes.ts(237,9): TS2322 Type 'Record<string, unknown>' is not assignable to type '(Without<ContractRecordCreateInput, ContractRecordUncheckedCreateInput> & ContractRecordUncheckedCreateInput) | (Without<...> & ContractRecordCreateInput)'.
[typecheck]   src/generated/domain.ts(88,7): TS2353 Object literal may only specify known properties, and 'pendingDeletes' does not exist in type 'AnnotationsMap<this, never>'.
[typecheck]   src/generated/domain.ts(296,7): TS2353 Object literal may only specify known properties, and 'pendingDeletes' does not exist in type 'AnnotationsMap<this, never>'.
[typecheck]   src/generated/domain.ts(504,7): TS2353 Object literal may only specify known properties, and 'pendingDeletes' does not exist in type 'AnnotationsMap<this, never>'.
[typecheck]   src/generated/domain.ts(712,7): TS2353 Object literal may only specify known properties, and 'pendingDeletes' does not exist in type 'AnnotationsMap<this, never>'.
[typecheck]   src/generated/domain.ts(920,7): TS2353 Object literal may only specify known properties, and 'pendingDeletes' does not exist in type 'AnnotationsMap<this, never>'.
[typecheck]   src/generated/domain.ts(1128,7): TS2353 Object literal may only specify known properties, and 'pendingDeletes' does not exist in type 'AnnotationsMap<this, never>'.
[typecheck]   …and 11 more
[stdout] ✓ 1 modules transformed.
[stdout] dist/index.html                     0.43 kB │ gzip:   0.30 kB
dist/assets/index-B6E7-zko.css     75.49 kB │ gzip:  10.85 kB
dist/assets/index-CGusZyAV.js   2,564.10 kB │ gzip: 480.93 kB
[stdout] built in 8317ms.
[typecheck] ✗ tsc --noEmit found 21 type error(s) — these compile under Vite but will crash at runtime:
[typecheck]   src/generated/audit-entry.routes.ts(166,11): TS2322 Type 'any' is not assignable to type 'never'.
[typecheck]   src/generated/audit-entry.routes.ts(237,9): TS2322 Type 'Record<string, unknown>' is not assignable to type '(Without<AuditEntryCreateInput, AuditEntryUncheckedCreateInput> & AuditEntryUncheckedCreateInput) | (Without<...> & AuditEntryCreateInput)'.
[typecheck]   src/generated/contract-record.routes.ts(166,11): TS2322 Type 'any' is not assignable to type 'never'.
[typecheck]   src/generated/contract-record.routes.ts(237,9): TS2322 Type 'Record<string, unknown>' is not assignable to type '(Without<ContractRecordCreateInput, ContractRecordUncheckedCreateInput> & ContractRecordUncheckedCreateInput) | (Without<...> & ContractRecordCreateInput)'.
[typecheck]   src/generated/domain.ts(88,7): TS2353 Object literal may only specify known properties, and 'pendingDeletes' does not exist in type 'AnnotationsMap<this, never>'.
[typecheck]   src/generated/domain.ts(296,7): TS2353 Object literal may only specify known properties, and 'pendingDeletes' does not exist in type 'AnnotationsMap<this, never>'.
[typecheck]   src/generated/domain.ts(504,7): TS2353 Object literal may only specify known properties, and 'pendingDeletes' does not exist in type 'AnnotationsMap<this, never>'.
[typecheck]   src/generated/domain.ts(712,7): TS2353 Object literal may only specify known properties, and 'pendingDeletes' does not exist in type 'AnnotationsMap<this, never>'.
[typecheck]   src/generated/domain.ts(920,7): TS2353 Object literal may only specify known properties, and 'pendingDeletes' does not exist in type 'AnnotationsMap<this, never>'.
[typecheck]   src/generated/domain.ts(1128,7): TS2353 Object literal may only specify known properties, and 'pendingDeletes' does not exist in type 'AnnotationsMap<this, never>'.
[typecheck]   …and 11 more
[api-stdout] 🚀 Server running on http://localhost:3001
[stdout] build started...
[stdout] ✓ 1 modules transformed.
[stdout] dist/index.html                     0.43 kB │ gzip:   0.30 kB
[stdout] dist/assets/index-B6E7-zko.css     75.49 kB │ gzip:  10.85 kB
dist/assets/index-BTw05bKY.js   2,564.05 kB │ gzip: 480.93 kB
[stdout] built in 16975ms.
[stdout] build started...
[stdout] ✓ 0 modules transformed.
[stdout] dist/index.html                     0.43 kB │ gzip:   0.30 kB
[stdout] dist/assets/index-B6E7-zko.css     75.49 kB │ gzip:  10.85 kB
dist/assets/index-CGusZyAV.js   2,564.10 kB │ gzip: 480.93 kB
[stdout] built in 13350ms.
[typecheck] ✗ tsc --noEmit found 21 type error(s) — these compile under Vite but will crash at runtime:
[typecheck]   src/generated/audit-entry.routes.ts(166,11): TS2322 Type 'any' is not assignable to type 'never'.
[typecheck]   src/generated/audit-entry.routes.ts(237,9): TS2322 Type 'Record<string, unknown>' is not assignable to type '(Without<AuditEntryCreateInput, AuditEntryUncheckedCreateInput> & AuditEntryUncheckedCreateInput) | (Without<...> & AuditEntryCreateInput)'.
[typecheck]   src/generated/contract-record.routes.ts(166,11): TS2322 Type 'any' is not assignable to type 'never'.
[typecheck]   src/generated/contract-record.routes.ts(237,9): TS2322 Type 'Record<string, unknown>' is not assignable to type '(Without<ContractRecordCreateInput, ContractRecordUncheckedCreateInput> & ContractRecordUncheckedCreateInput) | (Without<...> & ContractRecordCreateInput)'.
[typecheck]   src/generated/domain.ts(88,7): TS2353 Object literal may only specify known properties, and 'pendingDeletes' does not exist in type 'AnnotationsMap<this, never>'.
[typecheck]   src/generated/domain.ts(296,7): TS2353 Object literal may only specify known properties, and 'pendingDeletes' does not exist in type 'AnnotationsMap<this, never>'.
[typecheck]   src/generated/domain.ts(504,7): TS2353 Object literal may only specify known properties, and 'pendingDeletes' does not exist in type 'AnnotationsMap<this, never>'.
[typecheck]   src/generated/domain.ts(712,7): TS2353 Object literal may only specify known properties, and 'pendingDeletes' does not exist in type 'AnnotationsMap<this, never>'.
[typecheck]   src/generated/domain.ts(920,7): TS2353 Object literal may only specify known properties, and 'pendingDeletes' does not exist in type 'AnnotationsMap<this, never>'.
[typecheck]   src/generated/domain.ts(1128,7): TS2353 Object literal may only specify known properties, and 'pendingDeletes' does not exist in type 'AnnotationsMap<this, never>'.
[typecheck]   …and 11 more
[stdout] build started...
[typecheck] ✗ tsc --noEmit found 21 type error(s) — these compile under Vite but will crash at runtime:
[typecheck]   src/generated/audit-entry.routes.ts(166,11): TS2322 Type 'any' is not assignable to type 'never'.
[typecheck]   src/generated/audit-entry.routes.ts(237,9): TS2322 Type 'Record<string, unknown>' is not assignable to type '(Without<AuditEntryCreateInput, AuditEntryUncheckedCreateInput> & AuditEntryUncheckedCreateInput) | (Without<...> & AuditEntryCreateInput)'.
[typecheck]   src/generated/contract-record.routes.ts(166,11): TS2322 Type 'any' is not assignable to type 'never'.
[typecheck]   src/generated/contract-record.routes.ts(237,9): TS2322 Type 'Record<string, unknown>' is not assignable to type '(Without<ContractRecordCreateInput, ContractRecordUncheckedCreateInput> & ContractRecordUncheckedCreateInput) | (Without<...> & ContractRecordCreateInput)'.
[typecheck]   src/generated/domain.ts(88,7): TS2353 Object literal may only specify known properties, and 'pendingDeletes' does not exist in type 'AnnotationsMap<this, never>'.
[typecheck]   src/generated/domain.ts(296,7): TS2353 Object literal may only specify known properties, and 'pendingDeletes' does not exist in type 'AnnotationsMap<this, never>'.
[typecheck]   src/generated/domain.ts(504,7): TS2353 Object literal may only specify known properties, and 'pendingDeletes' does not exist in type 'AnnotationsMap<this, never>'.
[typecheck]   src/generated/domain.ts(712,7): TS2353 Object literal may only specify known properties, and 'pendingDeletes' does not exist in type 'AnnotationsMap<this, never>'.
[typecheck]   src/generated/domain.ts(920,7): TS2353 Object literal may only specify known properties, and 'pendingDeletes' does not exist in type 'AnnotationsMap<this, never>'.
[typecheck]   src/generated/domain.ts(1128,7): TS2353 Object literal may only specify known properties, and 'pendingDeletes' does not exist in type 'AnnotationsMap<this, never>'.
[typecheck]   …and 11 more
[stdout] ✓ 2 modules transformed.
[stdout] dist/index.html                     0.43 kB │ gzip:   0.30 kB
dist/assets/index-B6E7-zko.css     75.49 kB │ gzip:  10.85 kB
dist/assets/index-BC7vLIyz.js   2,563.87 kB │ gzip: 480.89 kB
[stdout] built in 13194ms.
[stdout] build started...
[stdout] ✓ 1 modules transformed.
[typecheck] ✗ tsc --noEmit found 21 type error(s) — these compile under Vite but will crash at runtime:
[typecheck]   src/generated/audit-entry.routes.ts(166,11): TS2322 Type 'any' is not assignable to type 'never'.
[typecheck]   src/generated/audit-entry.routes.ts(237,9): TS2322 Type 'Record<string, unknown>' is not assignable to type '(Without<AuditEntryCreateInput, AuditEntryUncheckedCreateInput> & AuditEntryUncheckedCreateInput) | (Without<...> & AuditEntryCreateInput)'.
[typecheck]   src/generated/contract-record.routes.ts(166,11): TS2322 Type 'any' is not assignable to type 'never'.
[typecheck]   src/generated/contract-record.routes.ts(237,9): TS2322 Type 'Record<string, unknown>' is not assignable to type '(Without<ContractRecordCreateInput, ContractRecordUncheckedCreateInput> & ContractRecordUncheckedCreateInput) | (Without<...> & ContractRecordCreateInput)'.
[typecheck]   src/generated/domain.ts(88,7): TS2353 Object literal may only specify known properties, and 'pendingDeletes' does not exist in type 'AnnotationsMap<this, never>'.
[typecheck]   src/generated/domain.ts(296,7): TS2353 Object literal may only specify known properties, and 'pendingDeletes' does not exist in type 'AnnotationsMap<this, never>'.
[typecheck]   src/generated/domain.ts(504,7): TS2353 Object literal may only specify known properties, and 'pendingDeletes' does not exist in type 'AnnotationsMap<this, never>'.
[typecheck]   src/generated/domain.ts(712,7): TS2353 Object literal may only specify known properties, and 'pendingDeletes' does not exist in type 'AnnotationsMap<this, never>'.
[typecheck]   src/generated/domain.ts(920,7): TS2353 Object literal may only specify known properties, and 'pendingDeletes' does not exist in type 'AnnotationsMap<this, never>'.
[typecheck]   src/generated/domain.ts(1128,7): TS2353 Object literal may only specify known properties, and 'pendingDeletes' does not exist in type 'AnnotationsMap<this, never>'.
[typecheck]   …and 11 more
[stdout] dist/index.html                     0.43 kB │ gzip:   0.30 kB
[stdout] dist/assets/index-B6E7-zko.css     75.49 kB │ gzip:  10.85 kB
dist/assets/index-BRVs5mHY.js   2,563.91 kB │ gzip: 480.89 kB
[stdout] built in 13273ms.
[stdout] build started...
[stdout] ✓ 1 modules transformed.
[stdout] dist/index.html                     0.43 kB │ gzip:   0.30 kB
[stdout] dist/assets/index-B6E7-zko.css     75.49 kB │ gzip:  10.85 kB
[stdout] dist/assets/index-C_vY7C3S.js   2,563.88 kB │ gzip: 480.88 kB
[stdout] built in 11004ms.
[typecheck] ✗ tsc --noEmit found 21 type error(s) — these compile under Vite but will crash at runtime:
[typecheck]   src/generated/audit-entry.routes.ts(166,11): TS2322 Type 'any' is not assignable to type 'never'.
[typecheck]   src/generated/audit-entry.routes.ts(237,9): TS2322 Type 'Record<string, unknown>' is not assignable to type '(Without<AuditEntryCreateInput, AuditEntryUncheckedCreateInput> & AuditEntryUncheckedCreateInput) | (Without<...> & AuditEntryCreateInput)'.
[typecheck]   src/generated/contract-record.routes.ts(166,11): TS2322 Type 'any' is not assignable to type 'never'.
[typecheck]   src/generated/contract-record.routes.ts(237,9): TS2322 Type 'Record<string, unknown>' is not assignable to type '(Without<ContractRecordCreateInput, ContractRecordUncheckedCreateInput> & ContractRecordUncheckedCreateInput) | (Without<...> & ContractRecordCreateInput)'.
[typecheck]   src/generated/domain.ts(88,7): TS2353 Object literal may only specify known properties, and 'pendingDeletes' does not exist in type 'AnnotationsMap<this, never>'.
[typecheck]   src/generated/domain.ts(296,7): TS2353 Object literal may only specify known properties, and 'pendingDeletes' does not exist in type 'AnnotationsMap<this, never>'.
[typecheck]   src/generated/domain.ts(504,7): TS2353 Object literal may only specify known properties, and 'pendingDeletes' does not exist in type 'AnnotationsMap<this, never>'.
[typecheck]   src/generated/domain.ts(712,7): TS2353 Object literal may only specify known properties, and 'pendingDeletes' does not exist in type 'AnnotationsMap<this, never>'.
[typecheck]   src/generated/domain.ts(920,7): TS2353 Object literal may only specify known properties, and 'pendingDeletes' does not exist in type 'AnnotationsMap<this, never>'.
[typecheck]   src/generated/domain.ts(1128,7): TS2353 Object literal may only specify known properties, and 'pendingDeletes' does not exist in type 'AnnotationsMap<this, never>'.
[typecheck]   …and 11 more
[stdout] build started...
[typecheck] ✗ tsc --noEmit found 21 type error(s) — these compile under Vite but will crash at runtime:
[typecheck]   src/generated/audit-entry.routes.ts(166,11): TS2322 Type 'any' is not assignable to type 'never'.
[typecheck]   src/generated/audit-entry.routes.ts(237,9): TS2322 Type 'Record<string, unknown>' is not assignable to type '(Without<AuditEntryCreateInput, AuditEntryUncheckedCreateInput> & AuditEntryUncheckedCreateInput) | (Without<...> & AuditEntryCreateInput)'.
[typecheck]   src/generated/contract-record.routes.ts(166,11): TS2322 Type 'any' is not assignable to type 'never'.
[typecheck]   src/generated/contract-record.routes.ts(237,9): TS2322 Type 'Record<string, unknown>' is not assignable to type '(Without<ContractRecordCreateInput, ContractRecordUncheckedCreateInput> & ContractRecordUncheckedCreateInput) | (Without<...> & ContractRecordCreateInput)'.
[typecheck]   src/generated/domain.ts(88,7): TS2353 Object literal may only specify known properties, and 'pendingDeletes' does not exist in type 'AnnotationsMap<this, never>'.
[typecheck]   src/generated/domain.ts(296,7): TS2353 Object literal may only specify known properties, and 'pendingDeletes' does not exist in type 'AnnotationsMap<this, never>'.
[typecheck]   src/generated/domain.ts(504,7): TS2353 Object literal may only specify known properties, and 'pendingDeletes' does not exist in type 'AnnotationsMap<this, never>'.
[typecheck]   src/generated/domain.ts(712,7): TS2353 Object literal may only specify known properties, and 'pendingDeletes' does not exist in type 'AnnotationsMap<this, never>'.
[typecheck]   src/generated/domain.ts(920,7): TS2353 Object literal may only specify known properties, and 'pendingDeletes' does not exist in type 'AnnotationsMap<this, never>'.
[typecheck]   src/generated/domain.ts(1128,7): TS2353 Object literal may only specify known properties, and 'pendingDeletes' does not exist in type 'AnnotationsMap<this, never>'.
[typecheck]   …and 11 more
[stdout] ✓ 1 modules transformed.
[stdout] dist/index.html                     0.43 kB │ gzip:   0.30 kB
[stdout] dist/assets/index-B6E7-zko.css     75.49 kB │ gzip:  10.85 kB
[stdout] dist/assets/index-SMZua1qw.js   2,563.93 kB │ gzip: 480.89 kB
[stdout] built in 11709ms.
[stdout] build started...
[stdout] ✓ 1 modules transformed.
[typecheck] ✗ tsc --noEmit found 21 type error(s) — these compile under Vite but will crash at runtime:
[typecheck]   src/generated/audit-entry.routes.ts(166,11): TS2322 Type 'any' is not assignable to type 'never'.
[typecheck]   src/generated/audit-entry.routes.ts(237,9): TS2322 Type 'Record<string, unknown>' is not assignable to type '(Without<AuditEntryCreateInput, AuditEntryUncheckedCreateInput> & AuditEntryUncheckedCreateInput) | (Without<...> & AuditEntryCreateInput)'.
[typecheck]   src/generated/contract-record.routes.ts(166,11): TS2322 Type 'any' is not assignable to type 'never'.
[typecheck]   src/generated/contract-record.routes.ts(237,9): TS2322 Type 'Record<string, unknown>' is not assignable to type '(Without<ContractRecordCreateInput, ContractRecordUncheckedCreateInput> & ContractRecordUncheckedCreateInput) | (Without<...> & ContractRecordCreateInput)'.
[typecheck]   src/generated/domain.ts(88,7): TS2353 Object literal may only specify known properties, and 'pendingDeletes' does not exist in type 'AnnotationsMap<this, never>'.
[typecheck]   src/generated/domain.ts(296,7): TS2353 Object literal may only specify known properties, and 'pendingDeletes' does not exist in type 'AnnotationsMap<this, never>'.
[typecheck]   src/generated/domain.ts(504,7): TS2353 Object literal may only specify known properties, and 'pendingDeletes' does not exist in type 'AnnotationsMap<this, never>'.
[typecheck]   src/generated/domain.ts(712,7): TS2353 Object literal may only specify known properties, and 'pendingDeletes' does not exist in type 'AnnotationsMap<this, never>'.
[typecheck]   src/generated/domain.ts(920,7): TS2353 Object literal may only specify known properties, and 'pendingDeletes' does not exist in type 'AnnotationsMap<this, never>'.
[typecheck]   src/generated/domain.ts(1128,7): TS2353 Object literal may only specify known properties, and 'pendingDeletes' does not exist in type 'AnnotationsMap<this, never>'.
[typecheck]   …and 11 more
[stdout] dist/index.html                     0.43 kB │ gzip:   0.30 kB
[stdout] dist/assets/index-B6E7-zko.css     75.49 kB │ gzip:  10.85 kB
dist/assets/index-C_vY7C3S.js   2,563.88 kB │ gzip: 480.88 kB
[stdout] built in 13147ms.
[typecheck] ✗ tsc --noEmit found 21 type error(s) — these compile under Vite but will crash at runtime:
[typecheck]   src/generated/audit-entry.routes.ts(166,11): TS2322 Type 'any' is not assignable to type 'never'.
[typecheck]   src/generated/audit-entry.routes.ts(237,9): TS2322 Type 'Record<string, unknown>' is not assignable to type '(Without<AuditEntryCreateInput, AuditEntryUncheckedCreateInput> & AuditEntryUncheckedCreateInput) | (Without<...> & AuditEntryCreateInput)'.
[typecheck]   src/generated/contract-record.routes.ts(166,11): TS2322 Type 'any' is not assignable to type 'never'.
[typecheck]   src/generated/contract-record.routes.ts(237,9): TS2322 Type 'Record<string, unknown>' is not assignable to type '(Without<ContractRecordCreateInput, ContractRecordUncheckedCreateInput> & ContractRecordUncheckedCreateInput) | (Without<...> & ContractRecordCreateInput)'.
[typecheck]   src/generated/domain.ts(88,7): TS2353 Object literal may only specify known properties, and 'pendingDeletes' does not exist in type 'AnnotationsMap<this, never>'.
[typecheck]   src/generated/domain.ts(296,7): TS2353 Object literal may only specify known properties, and 'pendingDeletes' does not exist in type 'AnnotationsMap<this, never>'.
[typecheck]   src/generated/domain.ts(504,7): TS2353 Object literal may only specify known properties, and 'pendingDeletes' does not exist in type 'AnnotationsMap<this, never>'.
[typecheck]   src/generated/domain.ts(712,7): TS2353 Object literal may only specify known properties, and 'pendingDeletes' does not exist in type 'AnnotationsMap<this, never>'.
[typecheck]   src/generated/domain.ts(920,7): TS2353 Object literal may only specify known properties, and 'pendingDeletes' does not exist in type 'AnnotationsMap<this, never>'.
[typecheck]   src/generated/domain.ts(1128,7): TS2353 Object literal may only specify known properties, and 'pendingDeletes' does not exist in type 'AnnotationsMap<this, never>'.
[typecheck]   …and 11 more
[stdout] build started...
[stdout] ✓ 1 modules transformed.
[stdout] dist/index.html                     0.43 kB │ gzip:   0.30 kB
[stdout] dist/assets/index-GfQOHYtS.css     90.77 kB │ gzip:  13.20 kB
[stdout] dist/assets/index-Cf9oLQlh.js   2,563.93 kB │ gzip: 480.89 kB
[stdout] built in 12013ms.
[stdout] build started...
[stdout] ✓ 0 modules transformed.
[stdout] dist/index.html                     0.43 kB │ gzip:   0.30 kB
[stdout] dist/assets/index-GfQOHYtS.css     90.77 kB │ gzip:  13.20 kB
[stdout] dist/assets/index-DMpEj5i5.js   2,563.88 kB │ gzip: 480.88 kB
[stdout] built in 11404ms.
[typecheck] ✗ tsc --noEmit found 21 type error(s) — these compile under Vite but will crash at runtime:
[typecheck]   src/generated/audit-entry.routes.ts(166,11): TS2322 Type 'any' is not assignable to type 'never'.
[typecheck]   src/generated/audit-entry.routes.ts(237,9): TS2322 Type 'Record<string, unknown>' is not assignable to type '(Without<AuditEntryCreateInput, AuditEntryUncheckedCreateInput> & AuditEntryUncheckedCreateInput) | (Without<...> & AuditEntryCreateInput)'.
[typecheck]   src/generated/contract-record.routes.ts(166,11): TS2322 Type 'any' is not assignable to type 'never'.
[typecheck]   src/generated/contract-record.routes.ts(237,9): TS2322 Type 'Record<string, unknown>' is not assignable to type '(Without<ContractRecordCreateInput, ContractRecordUncheckedCreateInput> & ContractRecordUncheckedCreateInput) | (Without<...> & ContractRecordCreateInput)'.
[typecheck]   src/generated/domain.ts(88,7): TS2353 Object literal may only specify known properties, and 'pendingDeletes' does not exist in type 'AnnotationsMap<this, never>'.
[typecheck]   src/generated/domain.ts(296,7): TS2353 Object literal may only specify known properties, and 'pendingDeletes' does not exist in type 'AnnotationsMap<this, never>'.
[typecheck]   src/generated/domain.ts(504,7): TS2353 Object literal may only specify known properties, and 'pendingDeletes' does not exist in type 'AnnotationsMap<this, never>'.
[typecheck]   src/generated/domain.ts(712,7): TS2353 Object literal may only specify known properties, and 'pendingDeletes' does not exist in type 'AnnotationsMap<this, never>'.
[typecheck]   src/generated/domain.ts(920,7): TS2353 Object literal may only specify known properties, and 'pendingDeletes' does not exist in type 'AnnotationsMap<this, never>'.
[typecheck]   src/generated/domain.ts(1128,7): TS2353 Object literal may only specify known properties, and 'pendingDeletes' does not exist in type 'AnnotationsMap<this, never>'.
[typecheck]   …and 11 more
[typecheck] ✗ tsc --noEmit found 21 type error(s) — these compile under Vite but will crash at runtime:
[typecheck]   src/generated/audit-entry.routes.ts(166,11): TS2322 Type 'any' is not assignable to type 'never'.
[typecheck]   src/generated/audit-entry.routes.ts(237,9): TS2322 Type 'Record<string, unknown>' is not assignable to type '(Without<AuditEntryCreateInput, AuditEntryUncheckedCreateInput> & AuditEntryUncheckedCreateInput) | (Without<...> & AuditEntryCreateInput)'.
[typecheck]   src/generated/contract-record.routes.ts(166,11): TS2322 Type 'any' is not assignable to type 'never'.
[typecheck]   src/generated/contract-record.routes.ts(237,9): TS2322 Type 'Record<string, unknown>' is not assignable to type '(Without<ContractRecordCreateInput, ContractRecordUncheckedCreateInput> & ContractRecordUncheckedCreateInput) | (Without<...> & ContractRecordCreateInput)'.
[typecheck]   src/generated/domain.ts(88,7): TS2353 Object literal may only specify known properties, and 'pendingDeletes' does not exist in type 'AnnotationsMap<this, never>'.
[typecheck]   src/generated/domain.ts(296,7): TS2353 Object literal may only specify known properties, and 'pendingDeletes' does not exist in type 'AnnotationsMap<this, never>'.
[typecheck]   src/generated/domain.ts(504,7): TS2353 Object literal may only specify known properties, and 'pendingDeletes' does not exist in type 'AnnotationsMap<this, never>'.
[typecheck]   src/generated/domain.ts(712,7): TS2353 Object literal may only specify known properties, and 'pendingDeletes' does not exist in type 'AnnotationsMap<this, never>'.
[typecheck]   src/generated/domain.ts(920,7): TS2353 Object literal may only specify known properties, and 'pendingDeletes' does not exist in type 'AnnotationsMap<this, never>'.
[typecheck]   src/generated/domain.ts(1128,7): TS2353 Object literal may only specify known properties, and 'pendingDeletes' does not exist in type 'AnnotationsMap<this, never>'.
[typecheck]   …and 11 more
[stdout] build started...
[stdout] ✓ 1 modules transformed.
[stdout] dist/index.html                     0.43 kB │ gzip:   0.30 kB
[stdout] dist/assets/index-GfQOHYtS.css     90.77 kB │ gzip:  13.20 kB
dist/assets/index-Cf9oLQlh.js   2,563.93 kB │ gzip: 480.89 kB
[stdout] built in 10467ms.
[typecheck] ✗ tsc --noEmit found 21 type error(s) — these compile under Vite but will crash at runtime:
[typecheck]   src/generated/audit-entry.routes.ts(166,11): TS2322 Type 'any' is not assignable to type 'never'.
[typecheck]   src/generated/audit-entry.routes.ts(237,9): TS2322 Type 'Record<string, unknown>' is not assignable to type '(Without<AuditEntryCreateInput, AuditEntryUncheckedCreateInput> & AuditEntryUncheckedCreateInput) | (Without<...> & AuditEntryCreateInput)'.
[typecheck]   src/generated/contract-record.routes.ts(166,11): TS2322 Type 'any' is not assignable to type 'never'.
[typecheck]   src/generated/contract-record.routes.ts(237,9): TS2322 Type 'Record<string, unknown>' is not assignable to type '(Without<ContractRecordCreateInput, ContractRecordUncheckedCreateInput> & ContractRecordUncheckedCreateInput) | (Without<...> & ContractRecordCreateInput)'.
[typecheck]   src/generated/domain.ts(88,7): TS2353 Object literal may only specify known properties, and 'pendingDeletes' does not exist in type 'AnnotationsMap<this, never>'.
[typecheck]   src/generated/domain.ts(296,7): TS2353 Object literal may only specify known properties, and 'pendingDeletes' does not exist in type 'AnnotationsMap<this, never>'.
[typecheck]   src/generated/domain.ts(504,7): TS2353 Object literal may only specify known properties, and 'pendingDeletes' does not exist in type 'AnnotationsMap<this, never>'.
[typecheck]   src/generated/domain.ts(712,7): TS2353 Object literal may only specify known properties, and 'pendingDeletes' does not exist in type 'AnnotationsMap<this, never>'.
[typecheck]   src/generated/domain.ts(920,7): TS2353 Object literal may only specify known properties, and 'pendingDeletes' does not exist in type 'AnnotationsMap<this, never>'.
[typecheck]   src/generated/domain.ts(1128,7): TS2353 Object literal may only specify known properties, and 'pendingDeletes' does not exist in type 'AnnotationsMap<this, never>'.
[typecheck]   …and 11 more
[stdout] build started...
[stdout] ✓ 1 modules transformed.
[stdout] dist/index.html                     0.43 kB │ gzip:   0.30 kB
dist/assets/index-GfQOHYtS.css     90.77 kB │ gzip:  13.20 kB
dist/assets/index-DMpEj5i5.js   2,563.88 kB │ gzip: 480.88 kB
[stdout] built in 9677ms.
[stdout] build started...
[typecheck] ✗ tsc --noEmit found 21 type error(s) — these compile under Vite but will crash at runtime:
[typecheck]   src/generated/audit-entry.routes.ts(166,11): TS2322 Type 'any' is not assignable to type 'never'.
[typecheck]   src/generated/audit-entry.routes.ts(237,9): TS2322 Type 'Record<string, unknown>' is not assignable to type '(Without<AuditEntryCreateInput, AuditEntryUncheckedCreateInput> & AuditEntryUncheckedCreateInput) | (Without<...> & AuditEntryCreateInput)'.
[typecheck]   src/generated/contract-record.routes.ts(166,11): TS2322 Type 'any' is not assignable to type 'never'.
[typecheck]   src/generated/contract-record.routes.ts(237,9): TS2322 Type 'Record<string, unknown>' is not assignable to type '(Without<ContractRecordCreateInput, ContractRecordUncheckedCreateInput> & ContractRecordUncheckedCreateInput) | (Without<...> & ContractRecordCreateInput)'.
[typecheck]   src/generated/domain.ts(88,7): TS2353 Object literal may only specify known properties, and 'pendingDeletes' does not exist in type 'AnnotationsMap<this, never>'.
[typecheck]   src/generated/domain.ts(296,7): TS2353 Object literal may only specify known properties, and 'pendingDeletes' does not exist in type 'AnnotationsMap<this, never>'.
[typecheck]   src/generated/domain.ts(504,7): TS2353 Object literal may only specify known properties, and 'pendingDeletes' does not exist in type 'AnnotationsMap<this, never>'.
[typecheck]   src/generated/domain.ts(712,7): TS2353 Object literal may only specify known properties, and 'pendingDeletes' does not exist in type 'AnnotationsMap<this, never>'.
[typecheck]   src/generated/domain.ts(920,7): TS2353 Object literal may only specify known properties, and 'pendingDeletes' does not exist in type 'AnnotationsMap<this, never>'.
[typecheck]   src/generated/domain.ts(1128,7): TS2353 Object literal may only specify known properties, and 'pendingDeletes' does not exist in type 'AnnotationsMap<this, never>'.
[typecheck]   …and 11 more
[stdout] ✓ 1 modules transformed.
[stdout] dist/index.html                     0.43 kB │ gzip:   0.30 kB
dist/assets/index-GfQOHYtS.css     90.77 kB │ gzip:  13.20 kB
dist/assets/index-Cf9oLQlh.js   2,563.93 kB │ gzip: 480.89 kB
[stdout] built in 11058ms.
[stdout] build started...
[stdout] ✓ 0 modules transformed.
[typecheck] ✗ tsc --noEmit found 21 type error(s) — these compile under Vite but will crash at runtime:
[typecheck]   src/generated/audit-entry.routes.ts(166,11): TS2322 Type 'any' is not assignable to type 'never'.
[typecheck]   src/generated/audit-entry.routes.ts(237,9): TS2322 Type 'Record<string, unknown>' is not assignable to type '(Without<AuditEntryCreateInput, AuditEntryUncheckedCreateInput> & AuditEntryUncheckedCreateInput) | (Without<...> & AuditEntryCreateInput)'.
[typecheck]   src/generated/contract-record.routes.ts(166,11): TS2322 Type 'any' is not assignable to type 'never'.
[typecheck]   src/generated/contract-record.routes.ts(237,9): TS2322 Type 'Record<string, unknown>' is not assignable to type '(Without<ContractRecordCreateInput, ContractRecordUncheckedCreateInput> & ContractRecordUncheckedCreateInput) | (Without<...> & ContractRecordCreateInput)'.
[typecheck]   src/generated/domain.ts(88,7): TS2353 Object literal may only specify known properties, and 'pendingDeletes' does not exist in type 'AnnotationsMap<this, never>'.
[typecheck]   src/generated/domain.ts(296,7): TS2353 Object literal may only specify known properties, and 'pendingDeletes' does not exist in type 'AnnotationsMap<this, never>'.
[typecheck]   src/generated/domain.ts(504,7): TS2353 Object literal may only specify known properties, and 'pendingDeletes' does not exist in type 'AnnotationsMap<this, never>'.
[typecheck]   src/generated/domain.ts(712,7): TS2353 Object literal may only specify known properties, and 'pendingDeletes' does not exist in type 'AnnotationsMap<this, never>'.
[typecheck]   src/generated/domain.ts(920,7): TS2353 Object literal may only specify known properties, and 'pendingDeletes' does not exist in type 'AnnotationsMap<this, never>'.
[typecheck]   src/generated/domain.ts(1128,7): TS2353 Object literal may only specify known properties, and 'pendingDeletes' does not exist in type 'AnnotationsMap<this, never>'.
[typecheck]   …and 11 more
[stdout] dist/index.html                     0.43 kB │ gzip:   0.30 kB
dist/assets/index-GfQOHYtS.css     90.77 kB │ gzip:  13.20 kB
[stdout] dist/assets/index-DMpEj5i5.js   2,563.88 kB │ gzip: 480.88 kB
[stdout] built in 13026ms.
[stdout] build started...
[stdout] ✓ 2 modules transformed.
[stdout] dist/index.html                     0.43 kB │ gzip:   0.30 kB
[stdout] dist/assets/index-GfQOHYtS.css     90.77 kB │ gzip:  13.20 kB
dist/assets/index-oqRWNxqY.js   2,563.98 kB │ gzip: 480.91 kB
[stdout] built in 12236ms.
[stdout] build started...
[typecheck] ✗ tsc --noEmit found 21 type error(s) — these compile under Vite but will crash at runtime:
[typecheck]   src/generated/audit-entry.routes.ts(166,11): TS2322 Type 'any' is not assignable to type 'never'.
[typecheck]   src/generated/audit-entry.routes.ts(237,9): TS2322 Type 'Record<string, unknown>' is not assignable to type '(Without<AuditEntryCreateInput, AuditEntryUncheckedCreateInput> & AuditEntryUncheckedCreateInput) | (Without<...> & AuditEntryCreateInput)'.
[typecheck]   src/generated/contract-record.routes.ts(166,11): TS2322 Type 'any' is not assignable to type 'never'.
[typecheck]   src/generated/contract-record.routes.ts(237,9): TS2322 Type 'Record<string, unknown>' is not assignable to type '(Without<ContractRecordCreateInput, ContractRecordUncheckedCreateInput> & ContractRecordUncheckedCreateInput) | (Without<...> & ContractRecordCreateInput)'.
[typecheck]   src/generated/domain.ts(88,7): TS2353 Object literal may only specify known properties, and 'pendingDeletes' does not exist in type 'AnnotationsMap<this, never>'.
[typecheck]   src/generated/domain.ts(296,7): TS2353 Object literal may only specify known properties, and 'pendingDeletes' does not exist in type 'AnnotationsMap<this, never>'.
[typecheck]   src/generated/domain.ts(504,7): TS2353 Object literal may only specify known properties, and 'pendingDeletes' does not exist in type 'AnnotationsMap<this, never>'.
[typecheck]   src/generated/domain.ts(712,7): TS2353 Object literal may only specify known properties, and 'pendingDeletes' does not exist in type 'AnnotationsMap<this, never>'.
[typecheck]   src/generated/domain.ts(920,7): TS2353 Object literal may only specify known properties, and 'pendingDeletes' does not exist in type 'AnnotationsMap<this, never>'.
[typecheck]   src/generated/domain.ts(1128,7): TS2353 Object literal may only specify known properties, and 'pendingDeletes' does not exist in type 'AnnotationsMap<this, never>'.
[typecheck]   …and 11 more
[stdout] ✓ 1 modules transformed.
[typecheck] ✗ tsc --noEmit found 21 type error(s) — these compile under Vite but will crash at runtime:
[typecheck]   src/generated/audit-entry.routes.ts(166,11): TS2322 Type 'any' is not assignable to type 'never'.
[typecheck]   src/generated/audit-entry.routes.ts(237,9): TS2322 Type 'Record<string, unknown>' is not assignable to type '(Without<AuditEntryCreateInput, AuditEntryUncheckedCreateInput> & AuditEntryUncheckedCreateInput) | (Without<...> & AuditEntryCreateInput)'.
[typecheck]   src/generated/contract-record.routes.ts(166,11): TS2322 Type 'any' is not assignable to type 'never'.
[typecheck]   src/generated/contract-record.routes.ts(237,9): TS2322 Type 'Record<string, unknown>' is not assignable to type '(Without<ContractRecordCreateInput, ContractRecordUncheckedCreateInput> & ContractRecordUncheckedCreateInput) | (Without<...> & ContractRecordCreateInput)'.
[typecheck]   src/generated/domain.ts(88,7): TS2353 Object literal may only specify known properties, and 'pendingDeletes' does not exist in type 'AnnotationsMap<this, never>'.
[typecheck]   src/generated/domain.ts(296,7): TS2353 Object literal may only specify known properties, and 'pendingDeletes' does not exist in type 'AnnotationsMap<this, never>'.
[typecheck]   src/generated/domain.ts(504,7): TS2353 Object literal may only specify known properties, and 'pendingDeletes' does not exist in type 'AnnotationsMap<this, never>'.
[typecheck]   src/generated/domain.ts(712,7): TS2353 Object literal may only specify known properties, and 'pendingDeletes' does not exist in type 'AnnotationsMap<this, never>'.
[typecheck]   src/generated/domain.ts(920,7): TS2353 Object literal may only specify known properties, and 'pendingDeletes' does not exist in type 'AnnotationsMap<this, never>'.
[typecheck]   src/generated/domain.ts(1128,7): TS2353 Object literal may only specify known properties, and 'pendingDeletes' does not exist in type 'AnnotationsMap<this, never>'.
[typecheck]   …and 11 more
[stdout] dist/index.html                     0.43 kB │ gzip:   0.30 kB
[stdout] dist/assets/index-GfQOHYtS.css     90.77 kB │ gzip:  13.20 kB
dist/assets/index-DsTMeS8G.js   2,565.54 kB │ gzip: 481.08 kB
[stdout] built in 14187ms.
[typecheck] ✗ tsc --noEmit found 21 type error(s) — these compile under Vite but will crash at runtime:
[typecheck]   src/generated/audit-entry.routes.ts(166,11): TS2322 Type 'any' is not assignable to type 'never'.
[typecheck]   src/generated/audit-entry.routes.ts(237,9): TS2322 Type 'Record<string, unknown>' is not assignable to type '(Without<AuditEntryCreateInput, AuditEntryUncheckedCreateInput> & AuditEntryUncheckedCreateInput) | (Without<...> & AuditEntryCreateInput)'.
[typecheck]   src/generated/contract-record.routes.ts(166,11): TS2322 Type 'any' is not assignable to type 'never'.
[typecheck]   src/generated/contract-record.routes.ts(237,9): TS2322 Type 'Record<string, unknown>' is not assignable to type '(Without<ContractRecordCreateInput, ContractRecordUncheckedCreateInput> & ContractRecordUncheckedCreateInput) | (Without<...> & ContractRecordCreateInput)'.
[typecheck]   src/generated/domain.ts(88,7): TS2353 Object literal may only specify known properties, and 'pendingDeletes' does not exist in type 'AnnotationsMap<this, never>'.
[typecheck]   src/generated/domain.ts(296,7): TS2353 Object literal may only specify known properties, and 'pendingDeletes' does not exist in type 'AnnotationsMap<this, never>'.
[typecheck]   src/generated/domain.ts(504,7): TS2353 Object literal may only specify known properties, and 'pendingDeletes' does not exist in type 'AnnotationsMap<this, never>'.
[typecheck]   src/generated/domain.ts(712,7): TS2353 Object literal may only specify known properties, and 'pendingDeletes' does not exist in type 'AnnotationsMap<this, never>'.
[typecheck]   src/generated/domain.ts(920,7): TS2353 Object literal may only specify known properties, and 'pendingDeletes' does not exist in type 'AnnotationsMap<this, never>'.
[typecheck]   src/generated/domain.ts(1128,7): TS2353 Object literal may only specify known properties, and 'pendingDeletes' does not exist in type 'AnnotationsMap<this, never>'.
[typecheck]   …and 11 more
[stdout] build started...
[stdout] ✓ 1 modules transformed.
[stdout] dist/index.html                     0.43 kB │ gzip:   0.30 kB
dist/assets/index-BPz1RRQB.css     91.44 kB │ gzip:  13.27 kB
dist/assets/index-CCRF9uOh.js   2,565.59 kB │ gzip: 481.08 kB
[stdout] built in 10128ms.
[typecheck] ✗ tsc --noEmit found 21 type error(s) — these compile under Vite but will crash at runtime:
[typecheck]   src/generated/audit-entry.routes.ts(166,11): TS2322 Type 'any' is not assignable to type 'never'.
[typecheck]   src/generated/audit-entry.routes.ts(237,9): TS2322 Type 'Record<string, unknown>' is not assignable to type '(Without<AuditEntryCreateInput, AuditEntryUncheckedCreateInput> & AuditEntryUncheckedCreateInput) | (Without<...> & AuditEntryCreateInput)'.
[typecheck]   src/generated/contract-record.routes.ts(166,11): TS2322 Type 'any' is not assignable to type 'never'.
[typecheck]   src/generated/contract-record.routes.ts(237,9): TS2322 Type 'Record<string, unknown>' is not assignable to type '(Without<ContractRecordCreateInput, ContractRecordUncheckedCreateInput> & ContractRecordUncheckedCreateInput) | (Without<...> & ContractRecordCreateInput)'.
[typecheck]   src/generated/domain.ts(88,7): TS2353 Object literal may only specify known properties, and 'pendingDeletes' does not exist in type 'AnnotationsMap<this, never>'.
[typecheck]   src/generated/domain.ts(296,7): TS2353 Object literal may only specify known properties, and 'pendingDeletes' does not exist in type 'AnnotationsMap<this, never>'.
[typecheck]   src/generated/domain.ts(504,7): TS2353 Object literal may only specify known properties, and 'pendingDeletes' does not exist in type 'AnnotationsMap<this, never>'.
[typecheck]   src/generated/domain.ts(712,7): TS2353 Object literal may only specify known properties, and 'pendingDeletes' does not exist in type 'AnnotationsMap<this, never>'.
[typecheck]   src/generated/domain.ts(920,7): TS2353 Object literal may only specify known properties, and 'pendingDeletes' does not exist in type 'AnnotationsMap<this, never>'.
[typecheck]   src/generated/domain.ts(1128,7): TS2353 Object literal may only specify known properties, and 'pendingDeletes' does not exist in type 'AnnotationsMap<this, never>'.
[typecheck]   …and 11 more
[stdout] build started...
[stdout] ✓ 2 modules transformed.
[stdout] dist/index.html                     0.43 kB │ gzip:   0.30 kB
[stdout] dist/assets/index-Be6vX3Ls.css     92.56 kB │ gzip:  13.39 kB
[stdout] dist/assets/index-znTaOVyj.js   2,565.54 kB │ gzip: 481.07 kB
[stdout] built in 12342ms.
[stdout] build started...
[stdout] ✓ 1 modules transformed.
[stdout] dist/index.html                     0.43 kB │ gzip:   0.30 kB
dist/assets/index-Be6vX3Ls.css     92.56 kB │ gzip:  13.39 kB
dist/assets/index-CpqJS7Du.js   2,565.65 kB │ gzip: 481.09 kB
[stdout] built in 11628ms.
[stdout] build started...
[typecheck] ✗ tsc --noEmit found 22 type error(s) — these compile under Vite but will crash at runtime:
[typecheck]   src/App.tsx(22,52): TS2304 Cannot find name 'Trophy'.
[typecheck]   src/generated/audit-entry.routes.ts(166,11): TS2322 Type 'any' is not assignable to type 'never'.
[typecheck]   src/generated/audit-entry.routes.ts(237,9): TS2322 Type 'Record<string, unknown>' is not assignable to type '(Without<AuditEntryCreateInput, AuditEntryUncheckedCreateInput> & AuditEntryUncheckedCreateInput) | (Without<...> & AuditEntryCreateInput)'.
[typecheck]   src/generated/contract-record.routes.ts(166,11): TS2322 Type 'any' is not assignable to type 'never'.
[typecheck]   src/generated/contract-record.routes.ts(237,9): TS2322 Type 'Record<string, unknown>' is not assignable to type '(Without<ContractRecordCreateInput, ContractRecordUncheckedCreateInput> & ContractRecordUncheckedCreateInput) | (Without<...> & ContractRecordCreateInput)'.
[typecheck]   src/generated/domain.ts(88,7): TS2353 Object literal may only specify known properties, and 'pendingDeletes' does not exist in type 'AnnotationsMap<this, never>'.
[typecheck]   src/generated/domain.ts(296,7): TS2353 Object literal may only specify known properties, and 'pendingDeletes' does not exist in type 'AnnotationsMap<this, never>'.
[typecheck]   src/generated/domain.ts(504,7): TS2353 Object literal may only specify known properties, and 'pendingDeletes' does not exist in type 'AnnotationsMap<this, never>'.
[typecheck]   src/generated/domain.ts(712,7): TS2353 Object literal may only specify known properties, and 'pendingDeletes' does not exist in type 'AnnotationsMap<this, never>'.
[typecheck]   src/generated/domain.ts(920,7): TS2353 Object literal may only specify known properties, and 'pendingDeletes' does not exist in type 'AnnotationsMap<this, never>'.
[typecheck]   …and 12 more
[typecheck] ✗ tsc --noEmit found 21 type error(s) — these compile under Vite but will crash at runtime:
[typecheck]   src/generated/audit-entry.routes.ts(166,11): TS2322 Type 'any' is not assignable to type 'never'.
[typecheck]   src/generated/audit-entry.routes.ts(237,9): TS2322 Type 'Record<string, unknown>' is not assignable to type '(Without<AuditEntryCreateInput, AuditEntryUncheckedCreateInput> & AuditEntryUncheckedCreateInput) | (Without<...> & AuditEntryCreateInput)'.
[typecheck]   src/generated/contract-record.routes.ts(166,11): TS2322 Type 'any' is not assignable to type 'never'.
[typecheck]   src/generated/contract-record.routes.ts(237,9): TS2322 Type 'Record<string, unknown>' is not assignable to type '(Without<ContractRecordCreateInput, ContractRecordUncheckedCreateInput> & ContractRecordUncheckedCreateInput) | (Without<...> & ContractRecordCreateInput)'.
[typecheck]   src/generated/domain.ts(88,7): TS2353 Object literal may only specify known properties, and 'pendingDeletes' does not exist in type 'AnnotationsMap<this, never>'.
[typecheck]   src/generated/domain.ts(296,7): TS2353 Object literal may only specify known properties, and 'pendingDeletes' does not exist in type 'AnnotationsMap<this, never>'.
[typecheck]   src/generated/domain.ts(504,7): TS2353 Object literal may only specify known properties, and 'pendingDeletes' does not exist in type 'AnnotationsMap<this, never>'.
[typecheck]   src/generated/domain.ts(712,7): TS2353 Object literal may only specify known properties, and 'pendingDeletes' does not exist in type 'AnnotationsMap<this, never>'.
[typecheck]   src/generated/domain.ts(920,7): TS2353 Object literal may only specify known properties, and 'pendingDeletes' does not exist in type 'AnnotationsMap<this, never>'.
[typecheck]   src/generated/domain.ts(1128,7): TS2353 Object literal may only specify known properties, and 'pendingDeletes' does not exist in type 'AnnotationsMap<this, never>'.
[typecheck]   …and 11 more
[stdout] ✓ 2 modules transformed.
[stdout] dist/index.html                     0.43 kB │ gzip:   0.30 kB
[stdout] dist/assets/index-Be6vX3Ls.css     92.56 kB │ gzip:  13.39 kB
dist/assets/index-DQ7YS9MC.js   2,610.30 kB │ gzip: 488.09 kB
[stdout] built in 14458ms.
[typecheck] ✗ tsc --noEmit found 21 type error(s) — these compile under Vite but will crash at runtime:
[typecheck]   src/generated/audit-entry.routes.ts(166,11): TS2322 Type 'any' is not assignable to type 'never'.
[typecheck]   src/generated/audit-entry.routes.ts(237,9): TS2322 Type 'Record<string, unknown>' is not assignable to type '(Without<AuditEntryCreateInput, AuditEntryUncheckedCreateInput> & AuditEntryUncheckedCreateInput) | (Without<...> & AuditEntryCreateInput)'.
[typecheck]   src/generated/contract-record.routes.ts(166,11): TS2322 Type 'any' is not assignable to type 'never'.
[typecheck]   src/generated/contract-record.routes.ts(237,9): TS2322 Type 'Record<string, unknown>' is not assignable to type '(Without<ContractRecordCreateInput, ContractRecordUncheckedCreateInput> & ContractRecordUncheckedCreateInput) | (Without<...> & ContractRecordCreateInput)'.
[typecheck]   src/generated/domain.ts(88,7): TS2353 Object literal may only specify known properties, and 'pendingDeletes' does not exist in type 'AnnotationsMap<this, never>'.
[typecheck]   src/generated/domain.ts(296,7): TS2353 Object literal may only specify known properties, and 'pendingDeletes' does not exist in type 'AnnotationsMap<this, never>'.
[typecheck]   src/generated/domain.ts(504,7): TS2353 Object literal may only specify known properties, and 'pendingDeletes' does not exist in type 'AnnotationsMap<this, never>'.
[typecheck]   src/generated/domain.ts(712,7): TS2353 Object literal may only specify known properties, and 'pendingDeletes' does not exist in type 'AnnotationsMap<this, never>'.
[typecheck]   src/generated/domain.ts(920,7): TS2353 Object literal may only specify known properties, and 'pendingDeletes' does not exist in type 'AnnotationsMap<this, never>'.
[typecheck]   src/generated/domain.ts(1128,7): TS2353 Object literal may only specify known properties, and 'pendingDeletes' does not exist in type 'AnnotationsMap<this, never>'.
[typecheck]   …and 11 more
[stdout] build started...
[stdout] ✓ 1 modules transformed.
[stdout] dist/index.html                     0.43 kB │ gzip:   0.30 kB
[stdout] dist/assets/index-Be6vX3Ls.css     92.56 kB │ gzip:  13.39 kB
dist/assets/index-BnTe2ZK4.js   2,610.35 kB │ gzip: 488.10 kB
[stdout] built in 9207ms.
[typecheck] ✗ tsc --noEmit found 21 type error(s) — these compile under Vite but will crash at runtime:
[typecheck]   src/generated/audit-entry.routes.ts(166,11): TS2322 Type 'any' is not assignable to type 'never'.
[typecheck]   src/generated/audit-entry.routes.ts(237,9): TS2322 Type 'Record<string, unknown>' is not assignable to type '(Without<AuditEntryCreateInput, AuditEntryUncheckedCreateInput> & AuditEntryUncheckedCreateInput) | (Without<...> & AuditEntryCreateInput)'.
[typecheck]   src/generated/contract-record.routes.ts(166,11): TS2322 Type 'any' is not assignable to type 'never'.
[typecheck]   src/generated/contract-record.routes.ts(237,9): TS2322 Type 'Record<string, unknown>' is not assignable to type '(Without<ContractRecordCreateInput, ContractRecordUncheckedCreateInput> & ContractRecordUncheckedCreateInput) | (Without<...> & ContractRecordCreateInput)'.
[typecheck]   src/generated/domain.ts(88,7): TS2353 Object literal may only specify known properties, and 'pendingDeletes' does not exist in type 'AnnotationsMap<this, never>'.
[typecheck]   src/generated/domain.ts(296,7): TS2353 Object literal may only specify known properties, and 'pendingDeletes' does not exist in type 'AnnotationsMap<this, never>'.
[typecheck]   src/generated/domain.ts(504,7): TS2353 Object literal may only specify known properties, and 'pendingDeletes' does not exist in type 'AnnotationsMap<this, never>'.
[typecheck]   src/generated/domain.ts(712,7): TS2353 Object literal may only specify known properties, and 'pendingDeletes' does not exist in type 'AnnotationsMap<this, never>'.
[typecheck]   src/generated/domain.ts(920,7): TS2353 Object literal may only specify known properties, and 'pendingDeletes' does not exist in type 'AnnotationsMap<this, never>'.
[typecheck]   src/generated/domain.ts(1128,7): TS2353 Object literal may only specify known properties, and 'pendingDeletes' does not exist in type 'AnnotationsMap<this, never>'.
[typecheck]   …and 11 more
[stdout] build started...
[stdout] ✓ 1 modules transformed.
[stdout] dist/index.html                     0.43 kB │ gzip:   0.30 kB
dist/assets/index-Be6vX3Ls.css     92.56 kB │ gzip:  13.39 kB
dist/assets/index-DQ7YS9MC.js   2,610.30 kB │ gzip: 488.09 kB
[stdout] built in 10310ms.
[stdout] build started...
[api-stdout] 🚀 Server running on http://localhost:3001
[typecheck] ✗ tsc --noEmit found 21 type error(s) — these compile under Vite but will crash at runtime:
[typecheck]   src/generated/audit-entry.routes.ts(166,11): TS2322 Type 'any' is not assignable to type 'never'.
[typecheck]   src/generated/audit-entry.routes.ts(237,9): TS2322 Type 'Record<string, unknown>' is not assignable to type '(Without<AuditEntryCreateInput, AuditEntryUncheckedCreateInput> & AuditEntryUncheckedCreateInput) | (Without<...> & AuditEntryCreateInput)'.
[typecheck]   src/generated/contract-record.routes.ts(166,11): TS2322 Type 'any' is not assignable to type 'never'.
[typecheck]   src/generated/contract-record.routes.ts(237,9): TS2322 Type 'Record<string, unknown>' is not assignable to type '(Without<ContractRecordCreateInput, ContractRecordUncheckedCreateInput> & ContractRecordUncheckedCreateInput) | (Without<...> & ContractRecordCreateInput)'.
[typecheck]   src/generated/domain.ts(88,7): TS2353 Object literal may only specify known properties, and 'pendingDeletes' does not exist in type 'AnnotationsMap<this, never>'.
[typecheck]   src/generated/domain.ts(296,7): TS2353 Object literal may only specify known properties, and 'pendingDeletes' does not exist in type 'AnnotationsMap<this, never>'.
[typecheck]   src/generated/domain.ts(504,7): TS2353 Object literal may only specify known properties, and 'pendingDeletes' does not exist in type 'AnnotationsMap<this, never>'.
[typecheck]   src/generated/domain.ts(712,7): TS2353 Object literal may only specify known properties, and 'pendingDeletes' does not exist in type 'AnnotationsMap<this, never>'.
[typecheck]   src/generated/domain.ts(920,7): TS2353 Object literal may only specify known properties, and 'pendingDeletes' does not exist in type 'AnnotationsMap<this, never>'.
[typecheck]   src/generated/domain.ts(1128,7): TS2353 Object literal may only specify known properties, and 'pendingDeletes' does not exist in type 'AnnotationsMap<this, never>'.
[typecheck]   …and 11 more
[stdout] ✓ 1 modules transformed.
[stdout] dist/index.html                     0.43 kB │ gzip:   0.30 kB
[stdout] dist/assets/index-Be6vX3Ls.css     92.56 kB │ gzip:  13.39 kB
[stdout] dist/assets/index-BnTe2ZK4.js   2,610.35 kB │ gzip: 488.10 kB
[stdout] built in 15218ms.
[stdout] build started...
[stdout] ✓ 0 modules transformed.
[typecheck] ✗ tsc --noEmit found 27 type error(s) — these compile under Vite but will crash at runtime:
[typecheck]   src/generated/audit-entry.routes.ts(166,11): TS2322 Type 'any' is not assignable to type 'never'.
[typecheck]   src/generated/audit-entry.routes.ts(237,9): TS2322 Type 'Record<string, unknown>' is not assignable to type '(Without<AuditEntryCreateInput, AuditEntryUncheckedCreateInput> & AuditEntryUncheckedCreateInput) | (Without<...> & AuditEntryCreateInput)'.
[typecheck]   src/generated/competition-task.routes.ts(166,11): TS2322 Type 'any' is not assignable to type 'never'.
[typecheck]   src/generated/competition-task.routes.ts(237,9): TS2322 Type 'Record<string, unknown>' is not assignable to type '(Without<CompetitionTaskCreateInput, CompetitionTaskUncheckedCreateInput> & CompetitionTaskUncheckedCreateInput) | (Without<...> & CompetitionTaskCreateInput)'.
[typecheck]   src/generated/content-draft.routes.ts(166,11): TS2322 Type 'any' is not assignable to type 'never'.
[typecheck]   src/generated/content-draft.routes.ts(237,9): TS2322 Type 'Record<string, unknown>' is not assignable to type '(Without<ContentDraftCreateInput, ContentDraftUncheckedCreateInput> & ContentDraftUncheckedCreateInput) | (Without<...> & ContentDraftCreateInput)'.
[typecheck]   src/generated/contract-record.routes.ts(166,11): TS2322 Type 'any' is not assignable to type 'never'.
[typecheck]   src/generated/contract-record.routes.ts(237,9): TS2322 Type 'Record<string, unknown>' is not assignable to type '(Without<ContractRecordCreateInput, ContractRecordUncheckedCreateInput> & ContractRecordUncheckedCreateInput) | (Without<...> & ContractRecordCreateInput)'.
[typecheck]   src/generated/domain.ts(104,7): TS2353 Object literal may only specify known properties, and 'pendingDeletes' does not exist in type 'AnnotationsMap<this, never>'.
[typecheck]   src/generated/domain.ts(312,7): TS2353 Object literal may only specify known properties, and 'pendingDeletes' does not exist in type 'AnnotationsMap<this, never>'.
[typecheck]   …and 17 more
[stdout] dist/index.html                     0.43 kB │ gzip:   0.30 kB
dist/assets/index-Be6vX3Ls.css     92.56 kB │ gzip:  13.39 kB
[stdout] dist/assets/index-DQ7YS9MC.js   2,610.30 kB │ gzip: 488.09 kB
[stdout] built in 13732ms.
[typecheck] ✗ tsc --noEmit found 27 type error(s) — these compile under Vite but will crash at runtime:
[typecheck]   src/generated/audit-entry.routes.ts(166,11): TS2322 Type 'any' is not assignable to type 'never'.
[typecheck]   src/generated/audit-entry.routes.ts(237,9): TS2322 Type 'Record<string, unknown>' is not assignable to type '(Without<AuditEntryCreateInput, AuditEntryUncheckedCreateInput> & AuditEntryUncheckedCreateInput) | (Without<...> & AuditEntryCreateInput)'.
[typecheck]   src/generated/competition-task.routes.ts(166,11): TS2322 Type 'any' is not assignable to type 'never'.
[typecheck]   src/generated/competition-task.routes.ts(237,9): TS2322 Type 'Record<string, unknown>' is not assignable to type '(Without<CompetitionTaskCreateInput, CompetitionTaskUncheckedCreateInput> & CompetitionTaskUncheckedCreateInput) | (Without<...> & CompetitionTaskCreateInput)'.
[typecheck]   src/generated/content-draft.routes.ts(166,11): TS2322 Type 'any' is not assignable to type 'never'.
[typecheck]   src/generated/content-draft.routes.ts(237,9): TS2322 Type 'Record<string, unknown>' is not assignable to type '(Without<ContentDraftCreateInput, ContentDraftUncheckedCreateInput> & ContentDraftUncheckedCreateInput) | (Without<...> & ContentDraftCreateInput)'.
[typecheck]   src/generated/contract-record.routes.ts(166,11): TS2322 Type 'any' is not assignable to type 'never'.
[typecheck]   src/generated/contract-record.routes.ts(237,9): TS2322 Type 'Record<string, unknown>' is not assignable to type '(Without<ContractRecordCreateInput, ContractRecordUncheckedCreateInput> & ContractRecordUncheckedCreateInput) | (Without<...> & ContractRecordCreateInput)'.
[typecheck]   src/generated/domain.ts(104,7): TS2353 Object literal may only specify known properties, and 'pendingDeletes' does not exist in type 'AnnotationsMap<this, never>'.
[typecheck]   src/generated/domain.ts(312,7): TS2353 Object literal may only specify known properties, and 'pendingDeletes' does not exist in type 'AnnotationsMap<this, never>'.
[typecheck]   …and 17 more
[api-stdout] 🚀 Server running on http://localhost:3001
[api-stdout] 🚀 Server running on http://localhost:3001
[api-stderr] 49 | app.get('*', serveStatic({ path: './dist/index.html' }))
50 | 
51 | const port = Number(process.env.PORT) || 3001
52 | console.log(`🚀 Server running on http://localhost:${port}`)
53 | 
54 | Bun.serve({ port, fetch: app.fetch })
         ^
error: Failed to start server. Is port 3001 in use?
 syscall: "listen",
   errno: 0,
    code: "EADDRINUSE"

      at /app/workspace/server.tsx:54:5
[api-stderr] Bun v1.3.11 (Linux x64)
[api-stdout] 🚀 Server running on http://localhost:3001
[stdout] build started...
[stdout] ✓ 2 modules transformed.
[stdout] dist/index.html                     0.43 kB │ gzip:   0.30 kB
dist/assets/index-B0FT6J4S.css     96.21 kB │ gzip:  13.66 kB
dist/assets/index-BUVb9zgd.js   2,638.70 kB │ gzip: 490.96 kB
[stdout] built in 11319ms.
[typecheck] ✗ tsc --noEmit found 28 type error(s) — these compile under Vite but will crash at runtime:
[typecheck]   src/components/auri/Competition.tsx(255,29): TS2322 Type 'string' is not assignable to type '"blue" | "green" | "teal" | "amber" | "rose" | "slate" | undefined'.
[typecheck]   src/generated/audit-entry.routes.ts(166,11): TS2322 Type 'any' is not assignable to type 'never'.
[typecheck]   src/generated/audit-entry.routes.ts(237,9): TS2322 Type 'Record<string, unknown>' is not assignable to type '(Without<AuditEntryCreateInput, AuditEntryUncheckedCreateInput> & AuditEntryUncheckedCreateInput) | (Without<...> & AuditEntryCreateInput)'.
[typecheck]   src/generated/competition-task.routes.ts(166,11): TS2322 Type 'any' is not assignable to type 'never'.
[typecheck]   src/generated/competition-task.routes.ts(237,9): TS2322 Type 'Record<string, unknown>' is not assignable to type '(Without<CompetitionTaskCreateInput, CompetitionTaskUncheckedCreateInput> & CompetitionTaskUncheckedCreateInput) | (Without<...> & CompetitionTaskCreateInput)'.
[typecheck]   src/generated/content-draft.routes.ts(166,11): TS2322 Type 'any' is not assignable to type 'never'.
[typecheck]   src/generated/content-draft.routes.ts(237,9): TS2322 Type 'Record<string, unknown>' is not assignable to type '(Without<ContentDraftCreateInput, ContentDraftUncheckedCreateInput> & ContentDraftUncheckedCreateInput) | (Without<...> & ContentDraftCreateInput)'.
[typecheck]   src/generated/contract-record.routes.ts(166,11): TS2322 Type 'any' is not assignable to type 'never'.
[typecheck]   src/generated/contract-record.routes.ts(237,9): TS2322 Type 'Record<string, unknown>' is not assignable to type '(Without<ContractRecordCreateInput, ContractRecordUncheckedCreateInput> & ContractRecordUncheckedCreateInput) | (Without<...> & ContractRecordCreateInput)'.
[typecheck]   src/generated/domain.ts(104,7): TS2353 Object literal may only specify known properties, and 'pendingDeletes' does not exist in type 'AnnotationsMap<this, never>'.
[typecheck]   …and 18 more
[stdout] build started...
[stdout] ✓ 1 modules transformed.
[stdout] dist/index.html                     0.43 kB │ gzip:   0.30 kB
[stdout] dist/assets/index-B0FT6J4S.css     96.21 kB │ gzip:  13.66 kB
[stdout] dist/assets/index-Cm9vj7xw.js   2,638.65 kB │ gzip: 490.95 kB
[stdout] built in 9015ms.
[typecheck] ✗ tsc --noEmit found 28 type error(s) — these compile under Vite but will crash at runtime:
[typecheck]   src/components/auri/Competition.tsx(255,29): TS2322 Type 'string' is not assignable to type '"blue" | "green" | "teal" | "amber" | "rose" | "slate" | undefined'.
[typecheck]   src/generated/audit-entry.routes.ts(166,11): TS2322 Type 'any' is not assignable to type 'never'.
[typecheck]   src/generated/audit-entry.routes.ts(237,9): TS2322 Type 'Record<string, unknown>' is not assignable to type '(Without<AuditEntryCreateInput, AuditEntryUncheckedCreateInput> & AuditEntryUncheckedCreateInput) | (Without<...> & AuditEntryCreateInput)'.
[typecheck]   src/generated/competition-task.routes.ts(166,11): TS2322 Type 'any' is not assignable to type 'never'.
[typecheck]   src/generated/competition-task.routes.ts(237,9): TS2322 Type 'Record<string, unknown>' is not assignable to type '(Without<CompetitionTaskCreateInput, CompetitionTaskUncheckedCreateInput> & CompetitionTaskUncheckedCreateInput) | (Without<...> & CompetitionTaskCreateInput)'.
[typecheck]   src/generated/content-draft.routes.ts(166,11): TS2322 Type 'any' is not assignable to type 'never'.
[typecheck]   src/generated/content-draft.routes.ts(237,9): TS2322 Type 'Record<string, unknown>' is not assignable to type '(Without<ContentDraftCreateInput, ContentDraftUncheckedCreateInput> & ContentDraftUncheckedCreateInput) | (Without<...> & ContentDraftCreateInput)'.
[typecheck]   src/generated/contract-record.routes.ts(166,11): TS2322 Type 'any' is not assignable to type 'never'.
[typecheck]   src/generated/contract-record.routes.ts(237,9): TS2322 Type 'Record<string, unknown>' is not assignable to type '(Without<ContractRecordCreateInput, ContractRecordUncheckedCreateInput> & ContractRecordUncheckedCreateInput) | (Without<...> & ContractRecordCreateInput)'.
[typecheck]   src/generated/domain.ts(104,7): TS2353 Object literal may only specify known properties, and 'pendingDeletes' does not exist in type 'AnnotationsMap<this, never>'.
[typecheck]   …and 18 more
[stdout] build started...
[stdout] ✓ 1 modules transformed.
[stdout] dist/index.html                     0.43 kB │ gzip:   0.30 kB
dist/assets/index-B0FT6J4S.css     96.21 kB │ gzip:  13.66 kB
dist/assets/index-BUVb9zgd.js   2,638.70 kB │ gzip: 490.96 kB
[stdout] built in 8800ms.
[typecheck] ✗ tsc --noEmit found 28 type error(s) — these compile under Vite but will crash at runtime:
[typecheck]   src/components/auri/Competition.tsx(255,29): TS2322 Type 'string' is not assignable to type '"blue" | "green" | "teal" | "amber" | "rose" | "slate" | undefined'.
[typecheck]   src/generated/audit-entry.routes.ts(166,11): TS2322 Type 'any' is not assignable to type 'never'.
[typecheck]   src/generated/audit-entry.routes.ts(237,9): TS2322 Type 'Record<string, unknown>' is not assignable to type '(Without<AuditEntryCreateInput, AuditEntryUncheckedCreateInput> & AuditEntryUncheckedCreateInput) | (Without<...> & AuditEntryCreateInput)'.
[typecheck]   src/generated/competition-task.routes.ts(166,11): TS2322 Type 'any' is not assignable to type 'never'.
[typecheck]   src/generated/competition-task.routes.ts(237,9): TS2322 Type 'Record<string, unknown>' is not assignable to type '(Without<CompetitionTaskCreateInput, CompetitionTaskUncheckedCreateInput> & CompetitionTaskUncheckedCreateInput) | (Without<...> & CompetitionTaskCreateInput)'.
[typecheck]   src/generated/content-draft.routes.ts(166,11): TS2322 Type 'any' is not assignable to type 'never'.
[typecheck]   src/generated/content-draft.routes.ts(237,9): TS2322 Type 'Record<string, unknown>' is not assignable to type '(Without<ContentDraftCreateInput, ContentDraftUncheckedCreateInput> & ContentDraftUncheckedCreateInput) | (Without<...> & ContentDraftCreateInput)'.
[typecheck]   src/generated/contract-record.routes.ts(166,11): TS2322 Type 'any' is not assignable to type 'never'.
[typecheck]   src/generated/contract-record.routes.ts(237,9): TS2322 Type 'Record<string, unknown>' is not assignable to type '(Without<ContractRecordCreateInput, ContractRecordUncheckedCreateInput> & ContractRecordUncheckedCreateInput) | (Without<...> & ContractRecordCreateInput)'.
[typecheck]   src/generated/domain.ts(104,7): TS2353 Object literal may only specify known properties, and 'pendingDeletes' does not exist in type 'AnnotationsMap<this, never>'.
[typecheck]   …and 18 more
[stdout] build started...
[stdout] ✓ 2 modules transformed.
[stdout] dist/index.html                     0.43 kB │ gzip:   0.30 kB
dist/assets/index-B0FT6J4S.css     96.21 kB │ gzip:  13.66 kB
dist/assets/index-Cm9vj7xw.js   2,638.65 kB │ gzip: 490.95 kB
[stdout] built in 12664ms.
[typecheck] ✗ tsc --noEmit found 27 type error(s) — these compile under Vite but will crash at runtime:
[typecheck]   src/generated/audit-entry.routes.ts(166,11): TS2322 Type 'any' is not assignable to type 'never'.
[typecheck]   src/generated/audit-entry.routes.ts(237,9): TS2322 Type 'Record<string, unknown>' is not assignable to type '(Without<AuditEntryCreateInput, AuditEntryUncheckedCreateInput> & AuditEntryUncheckedCreateInput) | (Without<...> & AuditEntryCreateInput)'.
[typecheck]   src/generated/competition-task.routes.ts(166,11): TS2322 Type 'any' is not assignable to type 'never'.
[typecheck]   src/generated/competition-task.routes.ts(237,9): TS2322 Type 'Record<string, unknown>' is not assignable to type '(Without<CompetitionTaskCreateInput, CompetitionTaskUncheckedCreateInput> & CompetitionTaskUncheckedCreateInput) | (Without<...> & CompetitionTaskCreateInput)'.
[typecheck]   src/generated/content-draft.routes.ts(166,11): TS2322 Type 'any' is not assignable to type 'never'.
[typecheck]   src/generated/content-draft.routes.ts(237,9): TS2322 Type 'Record<string, unknown>' is not assignable to type '(Without<ContentDraftCreateInput, ContentDraftUncheckedCreateInput> & ContentDraftUncheckedCreateInput) | (Without<...> & ContentDraftCreateInput)'.
[typecheck]   src/generated/contract-record.routes.ts(166,11): TS2322 Type 'any' is not assignable to type 'never'.
[typecheck]   src/generated/contract-record.routes.ts(237,9): TS2322 Type 'Record<string, unknown>' is not assignable to type '(Without<ContractRecordCreateInput, ContractRecordUncheckedCreateInput> & ContractRecordUncheckedCreateInput) | (Without<...> & ContractRecordCreateInput)'.
[typecheck]   src/generated/domain.ts(104,7): TS2353 Object literal may only specify known properties, and 'pendingDeletes' does not exist in type 'AnnotationsMap<this, never>'.
[typecheck]   src/generated/domain.ts(312,7): TS2353 Object literal may only specify known properties, and 'pendingDeletes' does not exist in type 'AnnotationsMap<this, never>'.
[typecheck]   …and 17 more
[api-stdout] 🚀 Server running on http://localhost:3001
[api-stdout] 🚀 Server running on http://localhost:3001
[api-stderr] 49 | app.get('*', serveStatic({ path: './dist/index.html' }))
50 | 
51 | const port = Number(process.env.PORT) || 3001
52 | console.log(`🚀 Server running on http://localhost:${port}`)
53 | 
54 | Bun.serve({ port, fetch: app.fetch })
         ^
error: Failed to start server. Is port 3001 in use?
 syscall: "listen",
   errno: 0,
    code: "EADDRINUSE"

      at /app/workspace/server.tsx:54:5

Bun v1.3.11 (Linux x64)
[api-stdout] 🚀 Server running on http://localhost:3001
[stdout] build started...
[stdout] ✓ 2 modules transformed.
[stdout] dist/index.html                     0.43 kB │ gzip:   0.30 kB
dist/assets/index-B0FT6J4S.css     96.21 kB │ gzip:  13.66 kB
dist/assets/index-BUVb9zgd.js   2,638.70 kB │ gzip: 490.96 kB
[stdout] built in 9546ms.
[stdout] build started...
[typecheck] ✗ tsc --noEmit found 27 type error(s) — these compile under Vite but will crash at runtime:
[typecheck]   src/generated/audit-entry.routes.ts(166,11): TS2322 Type 'any' is not assignable to type 'never'.
[typecheck]   src/generated/audit-entry.routes.ts(237,9): TS2322 Type 'Record<string, unknown>' is not assignable to type '(Without<AuditEntryCreateInput, AuditEntryUncheckedCreateInput> & AuditEntryUncheckedCreateInput) | (Without<...> & AuditEntryCreateInput)'.
[typecheck]   src/generated/competition-task.routes.ts(166,11): TS2322 Type 'any' is not assignable to type 'never'.
[typecheck]   src/generated/competition-task.routes.ts(237,9): TS2322 Type 'Record<string, unknown>' is not assignable to type '(Without<CompetitionTaskCreateInput, CompetitionTaskUncheckedCreateInput> & CompetitionTaskUncheckedCreateInput) | (Without<...> & CompetitionTaskCreateInput)'.
[typecheck]   src/generated/content-draft.routes.ts(166,11): TS2322 Type 'any' is not assignable to type 'never'.
[typecheck]   src/generated/content-draft.routes.ts(237,9): TS2322 Type 'Record<string, unknown>' is not assignable to type '(Without<ContentDraftCreateInput, ContentDraftUncheckedCreateInput> & ContentDraftUncheckedCreateInput) | (Without<...> & ContentDraftCreateInput)'.
[typecheck]   src/generated/contract-record.routes.ts(166,11): TS2322 Type 'any' is not assignable to type 'never'.
[typecheck]   src/generated/contract-record.routes.ts(237,9): TS2322 Type 'Record<string, unknown>' is not assignable to type '(Without<ContractRecordCreateInput, ContractRecordUncheckedCreateInput> & ContractRecordUncheckedCreateInput) | (Without<...> & ContractRecordCreateInput)'.
[typecheck]   src/generated/domain.ts(104,7): TS2353 Object literal may only specify known properties, and 'pendingDeletes' does not exist in type 'AnnotationsMap<this, never>'.
[typecheck]   src/generated/domain.ts(312,7): TS2353 Object literal may only specify known properties, and 'pendingDeletes' does not exist in type 'AnnotationsMap<this, never>'.
[typecheck]   …and 17 more
[stdout] ✓ 1 modules transformed.
[stdout] dist/index.html                     0.43 kB │ gzip:   0.30 kB
[stdout] dist/assets/index-B0FT6J4S.css     96.21 kB │ gzip:  13.66 kB
dist/assets/index-BY72dAdz.js   2,638.77 kB │ gzip: 490.99 kB
[stdout] built in 15665ms.
[stdout] build started...
[typecheck] ✗ tsc --noEmit found 27 type error(s) — these compile under Vite but will crash at runtime:
[typecheck]   src/generated/audit-entry.routes.ts(166,11): TS2322 Type 'any' is not assignable to type 'never'.
[typecheck]   src/generated/audit-entry.routes.ts(237,9): TS2322 Type 'Record<string, unknown>' is not assignable to type '(Without<AuditEntryCreateInput, AuditEntryUncheckedCreateInput> & AuditEntryUncheckedCreateInput) | (Without<...> & AuditEntryCreateInput)'.
[typecheck]   src/generated/competition-task.routes.ts(166,11): TS2322 Type 'any' is not assignable to type 'never'.
[typecheck]   src/generated/competition-task.routes.ts(237,9): TS2322 Type 'Record<string, unknown>' is not assignable to type '(Without<CompetitionTaskCreateInput, CompetitionTaskUncheckedCreateInput> & CompetitionTaskUncheckedCreateInput) | (Without<...> & CompetitionTaskCreateInput)'.
[typecheck]   src/generated/content-draft.routes.ts(166,11): TS2322 Type 'any' is not assignable to type 'never'.
[typecheck]   src/generated/content-draft.routes.ts(237,9): TS2322 Type 'Record<string, unknown>' is not assignable to type '(Without<ContentDraftCreateInput, ContentDraftUncheckedCreateInput> & ContentDraftUncheckedCreateInput) | (Without<...> & ContentDraftCreateInput)'.
[typecheck]   src/generated/contract-record.routes.ts(166,11): TS2322 Type 'any' is not assignable to type 'never'.
[typecheck]   src/generated/contract-record.routes.ts(237,9): TS2322 Type 'Record<string, unknown>' is not assignable to type '(Without<ContractRecordCreateInput, ContractRecordUncheckedCreateInput> & ContractRecordUncheckedCreateInput) | (Without<...> & ContractRecordCreateInput)'.
[typecheck]   src/generated/domain.ts(104,7): TS2353 Object literal may only specify known properties, and 'pendingDeletes' does not exist in type 'AnnotationsMap<this, never>'.
[typecheck]   src/generated/domain.ts(312,7): TS2353 Object literal may only specify known properties, and 'pendingDeletes' does not exist in type 'AnnotationsMap<this, never>'.
[typecheck]   …and 17 more
[stdout] ✓ 1 modules transformed.
[stdout] dist/index.html                     0.43 kB │ gzip:   0.30 kB
dist/assets/index-B0FT6J4S.css     96.21 kB │ gzip:  13.66 kB
[stdout] dist/assets/index-DfeFgp_S.js   2,638.82 kB │ gzip: 490.99 kB
[stdout] built in 12423ms.
[typecheck] ✗ tsc --noEmit found 27 type error(s) — these compile under Vite but will crash at runtime:
[typecheck]   src/generated/audit-entry.routes.ts(166,11): TS2322 Type 'any' is not assignable to type 'never'.
[typecheck]   src/generated/audit-entry.routes.ts(237,9): TS2322 Type 'Record<string, unknown>' is not assignable to type '(Without<AuditEntryCreateInput, AuditEntryUncheckedCreateInput> & AuditEntryUncheckedCreateInput) | (Without<...> & AuditEntryCreateInput)'.
[typecheck]   src/generated/competition-task.routes.ts(166,11): TS2322 Type 'any' is not assignable to type 'never'.
[typecheck]   src/generated/competition-task.routes.ts(237,9): TS2322 Type 'Record<string, unknown>' is not assignable to type '(Without<CompetitionTaskCreateInput, CompetitionTaskUncheckedCreateInput> & CompetitionTaskUncheckedCreateInput) | (Without<...> & CompetitionTaskCreateInput)'.
[typecheck]   src/generated/content-draft.routes.ts(166,11): TS2322 Type 'any' is not assignable to type 'never'.
[typecheck]   src/generated/content-draft.routes.ts(237,9): TS2322 Type 'Record<string, unknown>' is not assignable to type '(Without<ContentDraftCreateInput, ContentDraftUncheckedCreateInput> & ContentDraftUncheckedCreateInput) | (Without<...> & ContentDraftCreateInput)'.
[typecheck]   src/generated/contract-record.routes.ts(166,11): TS2322 Type 'any' is not assignable to type 'never'.
[typecheck]   src/generated/contract-record.routes.ts(237,9): TS2322 Type 'Record<string, unknown>' is not assignable to type '(Without<ContractRecordCreateInput, ContractRecordUncheckedCreateInput> & ContractRecordUncheckedCreateInput) | (Without<...> & ContractRecordCreateInput)'.
[typecheck]   src/generated/domain.ts(104,7): TS2353 Object literal may only specify known properties, and 'pendingDeletes' does not exist in type 'AnnotationsMap<this, never>'.
[typecheck]   src/generated/domain.ts(312,7): TS2353 Object literal may only specify known properties, and 'pendingDeletes' does not exist in type 'AnnotationsMap<this, never>'.
[typecheck]   …and 17 more
[stdout] build started...
[stdout] ✓ 2 modules transformed.
[stdout] dist/index.html                     0.43 kB │ gzip:   0.30 kB
dist/assets/index-B0FT6J4S.css     96.21 kB │ gzip:  13.66 kB
[stdout] dist/assets/index-svSZ7pjT.js   2,638.95 kB │ gzip: 491.03 kB
[stdout] built in 12787ms.
[stdout] build started...
[stdout] ✓ 1 modules transformed.
[stdout] dist/index.html                     0.43 kB │ gzip:   0.30 kB
[stdout] dist/assets/index-B0FT6J4S.css     96.21 kB │ gzip:  13.66 kB
dist/assets/index-Cm0Hef5s.js   2,640.21 kB │ gzip: 491.31 kB
[stdout] built in 12656ms.
[stdout] build started...
[typecheck] ✗ tsc --noEmit found 27 type error(s) — these compile under Vite but will crash at runtime:
[typecheck]   src/generated/audit-entry.routes.ts(166,11): TS2322 Type 'any' is not assignable to type 'never'.
[typecheck]   src/generated/audit-entry.routes.ts(237,9): TS2322 Type 'Record<string, unknown>' is not assignable to type '(Without<AuditEntryCreateInput, AuditEntryUncheckedCreateInput> & AuditEntryUncheckedCreateInput) | (Without<...> & AuditEntryCreateInput)'.
[typecheck]   src/generated/competition-task.routes.ts(166,11): TS2322 Type 'any' is not assignable to type 'never'.
[typecheck]   src/generated/competition-task.routes.ts(237,9): TS2322 Type 'Record<string, unknown>' is not assignable to type '(Without<CompetitionTaskCreateInput, CompetitionTaskUncheckedCreateInput> & CompetitionTaskUncheckedCreateInput) | (Without<...> & CompetitionTaskCreateInput)'.
[typecheck]   src/generated/content-draft.routes.ts(166,11): TS2322 Type 'any' is not assignable to type 'never'.
[typecheck]   src/generated/content-draft.routes.ts(237,9): TS2322 Type 'Record<string, unknown>' is not assignable to type '(Without<ContentDraftCreateInput, ContentDraftUncheckedCreateInput> & ContentDraftUncheckedCreateInput) | (Without<...> & ContentDraftCreateInput)'.
[typecheck]   src/generated/contract-record.routes.ts(166,11): TS2322 Type 'any' is not assignable to type 'never'.
[typecheck]   src/generated/contract-record.routes.ts(237,9): TS2322 Type 'Record<string, unknown>' is not assignable to type '(Without<ContractRecordCreateInput, ContractRecordUncheckedCreateInput> & ContractRecordUncheckedCreateInput) | (Without<...> & ContractRecordCreateInput)'.
[typecheck]   src/generated/domain.ts(104,7): TS2353 Object literal may only specify known properties, and 'pendingDeletes' does not exist in type 'AnnotationsMap<this, never>'.
[typecheck]   src/generated/domain.ts(312,7): TS2353 Object literal may only specify known properties, and 'pendingDeletes' does not exist in type 'AnnotationsMap<this, never>'.
[typecheck]   …and 17 more
[stdout] ✓ 1 modules transformed.
[typecheck] ✗ tsc --noEmit found 28 type error(s) — these compile under Vite but will crash at runtime:
[typecheck]   src/components/auri/Competition.tsx(480,10): TS2304 Cannot find name 'BusinessPanel'.
[typecheck]   src/generated/audit-entry.routes.ts(166,11): TS2322 Type 'any' is not assignable to type 'never'.
[typecheck]   src/generated/audit-entry.routes.ts(237,9): TS2322 Type 'Record<string, unknown>' is not assignable to type '(Without<AuditEntryCreateInput, AuditEntryUncheckedCreateInput> & AuditEntryUncheckedCreateInput) | (Without<...> & AuditEntryCreateInput)'.
[typecheck]   src/generated/competition-task.routes.ts(166,11): TS2322 Type 'any' is not assignable to type 'never'.
[typecheck]   src/generated/competition-task.routes.ts(237,9): TS2322 Type 'Record<string, unknown>' is not assignable to type '(Without<CompetitionTaskCreateInput, CompetitionTaskUncheckedCreateInput> & CompetitionTaskUncheckedCreateInput) | (Without<...> & CompetitionTaskCreateInput)'.
[typecheck]   src/generated/content-draft.routes.ts(166,11): TS2322 Type 'any' is not assignable to type 'never'.
[typecheck]   src/generated/content-draft.routes.ts(237,9): TS2322 Type 'Record<string, unknown>' is not assignable to type '(Without<ContentDraftCreateInput, ContentDraftUncheckedCreateInput> & ContentDraftUncheckedCreateInput) | (Without<...> & ContentDraftCreateInput)'.
[typecheck]   src/generated/contract-record.routes.ts(166,11): TS2322 Type 'any' is not assignable to type 'never'.
[typecheck]   src/generated/contract-record.routes.ts(237,9): TS2322 Type 'Record<string, unknown>' is not assignable to type '(Without<ContractRecordCreateInput, ContractRecordUncheckedCreateInput> & ContractRecordUncheckedCreateInput) | (Without<...> & ContractRecordCreateInput)'.
[typecheck]   src/generated/domain.ts(104,7): TS2353 Object literal may only specify known properties, and 'pendingDeletes' does not exist in type 'AnnotationsMap<this, never>'.
[typecheck]   …and 18 more
[stdout] dist/index.html                     0.43 kB │ gzip:   0.30 kB
dist/assets/index-B0FT6J4S.css     96.21 kB │ gzip:  13.66 kB
dist/assets/index-ByThcv__.js   2,645.63 kB │ gzip: 491.88 kB
[stdout] built in 16402ms.
[stdout] build started...
[stdout] ✓ 2 modules transformed.
[stdout] dist/index.html                     0.43 kB │ gzip:   0.30 kB
[stdout] dist/assets/index-C8ya1Yq1.css     96.28 kB │ gzip:  13.67 kB
dist/assets/index-CQS5tkI6.js   2,660.19 kB │ gzip: 492.96 kB
[typecheck] ✗ tsc --noEmit found 27 type error(s) — these compile under Vite but will crash at runtime:
[typecheck]   src/generated/audit-entry.routes.ts(166,11): TS2322 Type 'any' is not assignable to type 'never'.
[typecheck]   src/generated/audit-entry.routes.ts(237,9): TS2322 Type 'Record<string, unknown>' is not assignable to type '(Without<AuditEntryCreateInput, AuditEntryUncheckedCreateInput> & AuditEntryUncheckedCreateInput) | (Without<...> & AuditEntryCreateInput)'.
[typecheck]   src/generated/competition-task.routes.ts(166,11): TS2322 Type 'any' is not assignable to type 'never'.
[typecheck]   src/generated/competition-task.routes.ts(237,9): TS2322 Type 'Record<string, unknown>' is not assignable to type '(Without<CompetitionTaskCreateInput, CompetitionTaskUncheckedCreateInput> & CompetitionTaskUncheckedCreateInput) | (Without<...> & CompetitionTaskCreateInput)'.
[typecheck]   src/generated/content-draft.routes.ts(166,11): TS2322 Type 'any' is not assignable to type 'never'.
[typecheck]   src/generated/content-draft.routes.ts(237,9): TS2322 Type 'Record<string, unknown>' is not assignable to type '(Without<ContentDraftCreateInput, ContentDraftUncheckedCreateInput> & ContentDraftUncheckedCreateInput) | (Without<...> & ContentDraftCreateInput)'.
[typecheck]   src/generated/contract-record.routes.ts(166,11): TS2322 Type 'any' is not assignable to type 'never'.
[typecheck]   src/generated/contract-record.routes.ts(237,9): TS2322 Type 'Record<string, unknown>' is not assignable to type '(Without<ContractRecordCreateInput, ContractRecordUncheckedCreateInput> & ContractRecordUncheckedCreateInput) | (Without<...> & ContractRecordCreateInput)'.
[typecheck]   src/generated/domain.ts(104,7): TS2353 Object literal may only specify known properties, and 'pendingDeletes' does not exist in type 'AnnotationsMap<this, never>'.
[typecheck]   src/generated/domain.ts(312,7): TS2353 Object literal may only specify known properties, and 'pendingDeletes' does not exist in type 'AnnotationsMap<this, never>'.
[typecheck]   …and 17 more
[stdout] built in 13338ms.
[typecheck] ✗ tsc --noEmit found 27 type error(s) — these compile under Vite but will crash at runtime:
[typecheck]   src/generated/audit-entry.routes.ts(166,11): TS2322 Type 'any' is not assignable to type 'never'.
[typecheck]   src/generated/audit-entry.routes.ts(237,9): TS2322 Type 'Record<string, unknown>' is not assignable to type '(Without<AuditEntryCreateInput, AuditEntryUncheckedCreateInput> & AuditEntryUncheckedCreateInput) | (Without<...> & AuditEntryCreateInput)'.
[typecheck]   src/generated/competition-task.routes.ts(166,11): TS2322 Type 'any' is not assignable to type 'never'.
[typecheck]   src/generated/competition-task.routes.ts(237,9): TS2322 Type 'Record<string, unknown>' is not assignable to type '(Without<CompetitionTaskCreateInput, CompetitionTaskUncheckedCreateInput> & CompetitionTaskUncheckedCreateInput) | (Without<...> & CompetitionTaskCreateInput)'.
[typecheck]   src/generated/content-draft.routes.ts(166,11): TS2322 Type 'any' is not assignable to type 'never'.
[typecheck]   src/generated/content-draft.routes.ts(237,9): TS2322 Type 'Record<string, unknown>' is not assignable to type '(Without<ContentDraftCreateInput, ContentDraftUncheckedCreateInput> & ContentDraftUncheckedCreateInput) | (Without<...> & ContentDraftCreateInput)'.
[typecheck]   src/generated/contract-record.routes.ts(166,11): TS2322 Type 'any' is not assignable to type 'never'.
[typecheck]   src/generated/contract-record.routes.ts(237,9): TS2322 Type 'Record<string, unknown>' is not assignable to type '(Without<ContractRecordCreateInput, ContractRecordUncheckedCreateInput> & ContractRecordUncheckedCreateInput) | (Without<...> & ContractRecordCreateInput)'.
[typecheck]   src/generated/domain.ts(104,7): TS2353 Object literal may only specify known properties, and 'pendingDeletes' does not exist in type 'AnnotationsMap<this, never>'.
[typecheck]   src/generated/domain.ts(312,7): TS2353 Object literal may only specify known properties, and 'pendingDeletes' does not exist in type 'AnnotationsMap<this, never>'.
[typecheck]   …and 17 more
[stdout] build started...
[stdout] ✓ 1 modules transformed.
[stdout] dist/index.html                     0.43 kB │ gzip:   0.30 kB
[stdout] dist/assets/index-C8ya1Yq1.css     96.28 kB │ gzip:  13.67 kB
[stdout] dist/assets/index-B1oQKM82.js   2,660.14 kB │ gzip: 492.95 kB
[stdout] built in 11342ms.
[api-stdout] 🚀 Server running on http://localhost:3001
[api-stdout] 🚀 Server running on http://localhost:3001
[api-stderr] 49 | app.get('*', serveStatic({ path: './dist/index.html' }))
50 | 
51 | const port = Number(process.env.PORT) || 3001
52 | console.log(`🚀 Server running on http://localhost:${port}`)
53 | 
54 | Bun.serve({ port, fetch: app.fetch })
         ^
error: Failed to start server. Is port 3001 in use?
 syscall: "listen",
   errno: 0,
    code: "EADDRINUSE"

      at /app/workspace/server.tsx:54:5

Bun v1.3.11 (Linux x64)
[api-stdout] 🚀 Server running on http://localhost:3001
[stdout] build started...
[typecheck] ✗ tsc --noEmit found 27 type error(s) — these compile under Vite but will crash at runtime:
[typecheck]   src/generated/audit-entry.routes.ts(166,11): TS2322 Type 'any' is not assignable to type 'never'.
[typecheck]   src/generated/audit-entry.routes.ts(237,9): TS2322 Type 'Record<string, unknown>' is not assignable to type '(Without<AuditEntryCreateInput, AuditEntryUncheckedCreateInput> & AuditEntryUncheckedCreateInput) | (Without<...> & AuditEntryCreateInput)'.
[typecheck]   src/generated/competition-task.routes.ts(166,11): TS2322 Type 'any' is not assignable to type 'never'.
[typecheck]   src/generated/competition-task.routes.ts(237,9): TS2322 Type 'Record<string, unknown>' is not assignable to type '(Without<CompetitionTaskCreateInput, CompetitionTaskUncheckedCreateInput> & CompetitionTaskUncheckedCreateInput) | (Without<...> & CompetitionTaskCreateInput)'.
[typecheck]   src/generated/content-draft.routes.ts(166,11): TS2322 Type 'any' is not assignable to type 'never'.
[typecheck]   src/generated/content-draft.routes.ts(237,9): TS2322 Type 'Record<string, unknown>' is not assignable to type '(Without<ContentDraftCreateInput, ContentDraftUncheckedCreateInput> & ContentDraftUncheckedCreateInput) | (Without<...> & ContentDraftCreateInput)'.
[typecheck]   src/generated/contract-record.routes.ts(166,11): TS2322 Type 'any' is not assignable to type 'never'.
[typecheck]   src/generated/contract-record.routes.ts(237,9): TS2322 Type 'Record<string, unknown>' is not assignable to type '(Without<ContractRecordCreateInput, ContractRecordUncheckedCreateInput> & ContractRecordUncheckedCreateInput) | (Without<...> & ContractRecordCreateInput)'.
[typecheck]   src/generated/domain.ts(104,7): TS2353 Object literal may only specify known properties, and 'pendingDeletes' does not exist in type 'AnnotationsMap<this, never>'.
[typecheck]   src/generated/domain.ts(312,7): TS2353 Object literal may only specify known properties, and 'pendingDeletes' does not exist in type 'AnnotationsMap<this, never>'.
[typecheck]   …and 17 more
[stdout] ✓ 2 modules transformed.
[stdout] dist/index.html                     0.43 kB │ gzip:   0.30 kB
dist/assets/index-C8ya1Yq1.css     96.28 kB │ gzip:  13.67 kB
[stdout] dist/assets/index-xekcJSZr.js   2,660.19 kB │ gzip: 492.96 kB
[stdout] built in 12865ms.
[stdout] build started...
[typecheck] ✗ tsc --noEmit found 27 type error(s) — these compile under Vite but will crash at runtime:
[typecheck]   src/generated/audit-entry.routes.ts(166,11): TS2322 Type 'any' is not assignable to type 'never'.
[typecheck]   src/generated/audit-entry.routes.ts(237,9): TS2322 Type 'Record<string, unknown>' is not assignable to type '(Without<AuditEntryCreateInput, AuditEntryUncheckedCreateInput> & AuditEntryUncheckedCreateInput) | (Without<...> & AuditEntryCreateInput)'.
[typecheck]   src/generated/competition-task.routes.ts(166,11): TS2322 Type 'any' is not assignable to type 'never'.
[typecheck]   src/generated/competition-task.routes.ts(237,9): TS2322 Type 'Record<string, unknown>' is not assignable to type '(Without<CompetitionTaskCreateInput, CompetitionTaskUncheckedCreateInput> & CompetitionTaskUncheckedCreateInput) | (Without<...> & CompetitionTaskCreateInput)'.
[typecheck]   src/generated/content-draft.routes.ts(166,11): TS2322 Type 'any' is not assignable to type 'never'.
[typecheck]   src/generated/content-draft.routes.ts(237,9): TS2322 Type 'Record<string, unknown>' is not assignable to type '(Without<ContentDraftCreateInput, ContentDraftUncheckedCreateInput> & ContentDraftUncheckedCreateInput) | (Without<...> & ContentDraftCreateInput)'.
[typecheck]   src/generated/contract-record.routes.ts(166,11): TS2322 Type 'any' is not assignable to type 'never'.
[typecheck]   src/generated/contract-record.routes.ts(237,9): TS2322 Type 'Record<string, unknown>' is not assignable to type '(Without<ContractRecordCreateInput, ContractRecordUncheckedCreateInput> & ContractRecordUncheckedCreateInput) | (Without<...> & ContractRecordCreateInput)'.
[typecheck]   src/generated/domain.ts(104,7): TS2353 Object literal may only specify known properties, and 'pendingDeletes' does not exist in type 'AnnotationsMap<this, never>'.
[typecheck]   src/generated/domain.ts(312,7): TS2353 Object literal may only specify known properties, and 'pendingDeletes' does not exist in type 'AnnotationsMap<this, never>'.
[typecheck]   …and 17 more
[stdout] ✓ 2 modules transformed.
[stdout] dist/index.html                     0.43 kB │ gzip:   0.30 kB
[stdout] dist/assets/index-xZnqrnou.css     96.38 kB │ gzip:  13.68 kB
dist/assets/index-DHOlRk7A.js   2,667.41 kB │ gzip: 493.59 kB
[stdout] built in 11850ms.
[stdout] build started...
[typecheck] ✗ tsc --noEmit found 27 type error(s) — these compile under Vite but will crash at runtime:
[typecheck]   src/generated/audit-entry.routes.ts(166,11): TS2322 Type 'any' is not assignable to type 'never'.
[typecheck]   src/generated/audit-entry.routes.ts(237,9): TS2322 Type 'Record<string, unknown>' is not assignable to type '(Without<AuditEntryCreateInput, AuditEntryUncheckedCreateInput> & AuditEntryUncheckedCreateInput) | (Without<...> & AuditEntryCreateInput)'.
[typecheck]   src/generated/competition-task.routes.ts(166,11): TS2322 Type 'any' is not assignable to type 'never'.
[typecheck]   src/generated/competition-task.routes.ts(237,9): TS2322 Type 'Record<string, unknown>' is not assignable to type '(Without<CompetitionTaskCreateInput, CompetitionTaskUncheckedCreateInput> & CompetitionTaskUncheckedCreateInput) | (Without<...> & CompetitionTaskCreateInput)'.
[typecheck]   src/generated/content-draft.routes.ts(166,11): TS2322 Type 'any' is not assignable to type 'never'.
[typecheck]   src/generated/content-draft.routes.ts(237,9): TS2322 Type 'Record<string, unknown>' is not assignable to type '(Without<ContentDraftCreateInput, ContentDraftUncheckedCreateInput> & ContentDraftUncheckedCreateInput) | (Without<...> & ContentDraftCreateInput)'.
[typecheck]   src/generated/contract-record.routes.ts(166,11): TS2322 Type 'any' is not assignable to type 'never'.
[typecheck]   src/generated/contract-record.routes.ts(237,9): TS2322 Type 'Record<string, unknown>' is not assignable to type '(Without<ContractRecordCreateInput, ContractRecordUncheckedCreateInput> & ContractRecordUncheckedCreateInput) | (Without<...> & ContractRecordCreateInput)'.
[typecheck]   src/generated/domain.ts(104,7): TS2353 Object literal may only specify known properties, and 'pendingDeletes' does not exist in type 'AnnotationsMap<this, never>'.
[typecheck]   src/generated/domain.ts(312,7): TS2353 Object literal may only specify known properties, and 'pendingDeletes' does not exist in type 'AnnotationsMap<this, never>'.
[typecheck]   …and 17 more
[stdout] ✓ 2 modules transformed.
[stdout] dist/index.html                     0.43 kB │ gzip:   0.30 kB
dist/assets/index-xZnqrnou.css     96.38 kB │ gzip:  13.68 kB
[stdout] dist/assets/index-DYjnnZ2d.js   2,668.98 kB │ gzip: 494.29 kB
[stdout] built in 12186ms.
[typecheck] ✗ tsc --noEmit found 29 type error(s) — these compile under Vite but will crash at runtime:
[typecheck]   src/components/auri/Competition.tsx(596,33): TS2367 This comparison appears to be unintentional because the types '"low"' and '"high"' have no overlap.
[typecheck]   src/components/auri/Competition.tsx(596,64): TS2367 This comparison appears to be unintentional because the types '"low"' and '"medium"' have no overlap.
[typecheck]   src/generated/audit-entry.routes.ts(166,11): TS2322 Type 'any' is not assignable to type 'never'.
[typecheck]   src/generated/audit-entry.routes.ts(237,9): TS2322 Type 'Record<string, unknown>' is not assignable to type '(Without<AuditEntryCreateInput, AuditEntryUncheckedCreateInput> & AuditEntryUncheckedCreateInput) | (Without<...> & AuditEntryCreateInput)'.
[typecheck]   src/generated/competition-task.routes.ts(166,11): TS2322 Type 'any' is not assignable to type 'never'.
[typecheck]   src/generated/competition-task.routes.ts(237,9): TS2322 Type 'Record<string, unknown>' is not assignable to type '(Without<CompetitionTaskCreateInput, CompetitionTaskUncheckedCreateInput> & CompetitionTaskUncheckedCreateInput) | (Without<...> & CompetitionTaskCreateInput)'.
[typecheck]   src/generated/content-draft.routes.ts(166,11): TS2322 Type 'any' is not assignable to type 'never'.
[typecheck]   src/generated/content-draft.routes.ts(237,9): TS2322 Type 'Record<string, unknown>' is not assignable to type '(Without<ContentDraftCreateInput, ContentDraftUncheckedCreateInput> & ContentDraftUncheckedCreateInput) | (Without<...> & ContentDraftCreateInput)'.
[typecheck]   src/generated/contract-record.routes.ts(166,11): TS2322 Type 'any' is not assignable to type 'never'.
[typecheck]   src/generated/contract-record.routes.ts(237,9): TS2322 Type 'Record<string, unknown>' is not assignable to type '(Without<ContractRecordCreateInput, ContractRecordUncheckedCreateInput> & ContractRecordUncheckedCreateInput) | (Without<...> & ContractRecordCreateInput)'.
[typecheck]   …and 19 more
[stdout] build started...
[stdout] ✓ 1 modules transformed.
[stdout] dist/index.html                     0.43 kB │ gzip:   0.30 kB
dist/assets/index-xZnqrnou.css     96.38 kB │ gzip:  13.68 kB
dist/assets/index-a_Ob6Cr_.js   2,668.93 kB │ gzip: 494.28 kB
[stdout] built in 9487ms.
[typecheck] ✗ tsc --noEmit found 29 type error(s) — these compile under Vite but will crash at runtime:
[typecheck]   src/components/auri/Competition.tsx(596,33): TS2367 This comparison appears to be unintentional because the types '"low"' and '"high"' have no overlap.
[typecheck]   src/components/auri/Competition.tsx(596,64): TS2367 This comparison appears to be unintentional because the types '"low"' and '"medium"' have no overlap.
[typecheck]   src/generated/audit-entry.routes.ts(166,11): TS2322 Type 'any' is not assignable to type 'never'.
[typecheck]   src/generated/audit-entry.routes.ts(237,9): TS2322 Type 'Record<string, unknown>' is not assignable to type '(Without<AuditEntryCreateInput, AuditEntryUncheckedCreateInput> & AuditEntryUncheckedCreateInput) | (Without<...> & AuditEntryCreateInput)'.
[typecheck]   src/generated/competition-task.routes.ts(166,11): TS2322 Type 'any' is not assignable to type 'never'.
[typecheck]   src/generated/competition-task.routes.ts(237,9): TS2322 Type 'Record<string, unknown>' is not assignable to type '(Without<CompetitionTaskCreateInput, CompetitionTaskUncheckedCreateInput> & CompetitionTaskUncheckedCreateInput) | (Without<...> & CompetitionTaskCreateInput)'.
[typecheck]   src/generated/content-draft.routes.ts(166,11): TS2322 Type 'any' is not assignable to type 'never'.
[typecheck]   src/generated/content-draft.routes.ts(237,9): TS2322 Type 'Record<string, unknown>' is not assignable to type '(Without<ContentDraftCreateInput, ContentDraftUncheckedCreateInput> & ContentDraftUncheckedCreateInput) | (Without<...> & ContentDraftCreateInput)'.
[typecheck]   src/generated/contract-record.routes.ts(166,11): TS2322 Type 'any' is not assignable to type 'never'.
[typecheck]   src/generated/contract-record.routes.ts(237,9): TS2322 Type 'Record<string, unknown>' is not assignable to type '(Without<ContractRecordCreateInput, ContractRecordUncheckedCreateInput> & ContractRecordUncheckedCreateInput) | (Without<...> & ContractRecordCreateInput)'.
[typecheck]   …and 19 more
[stdout] build started...
[stdout] ✓ 2 modules transformed.
[stdout] dist/index.html                     0.43 kB │ gzip:   0.30 kB
dist/assets/index-xZnqrnou.css     96.38 kB │ gzip:  13.68 kB
dist/assets/index-DYjnnZ2d.js   2,668.98 kB │ gzip: 494.29 kB
[stdout] built in 11371ms.
[typecheck] ✗ tsc --noEmit found 27 type error(s) — these compile under Vite but will crash at runtime:
[typecheck]   src/generated/audit-entry.routes.ts(166,11): TS2322 Type 'any' is not assignable to type 'never'.
[typecheck]   src/generated/audit-entry.routes.ts(237,9): TS2322 Type 'Record<string, unknown>' is not assignable to type '(Without<AuditEntryCreateInput, AuditEntryUncheckedCreateInput> & AuditEntryUncheckedCreateInput) | (Without<...> & AuditEntryCreateInput)'.
[typecheck]   src/generated/competition-task.routes.ts(166,11): TS2322 Type 'any' is not assignable to type 'never'.
[typecheck]   src/generated/competition-task.routes.ts(237,9): TS2322 Type 'Record<string, unknown>' is not assignable to type '(Without<CompetitionTaskCreateInput, CompetitionTaskUncheckedCreateInput> & CompetitionTaskUncheckedCreateInput) | (Without<...> & CompetitionTaskCreateInput)'.
[typecheck]   src/generated/content-draft.routes.ts(166,11): TS2322 Type 'any' is not assignable to type 'never'.
[typecheck]   src/generated/content-draft.routes.ts(237,9): TS2322 Type 'Record<string, unknown>' is not assignable to type '(Without<ContentDraftCreateInput, ContentDraftUncheckedCreateInput> & ContentDraftUncheckedCreateInput) | (Without<...> & ContentDraftCreateInput)'.
[typecheck]   src/generated/contract-record.routes.ts(166,11): TS2322 Type 'any' is not assignable to type 'never'.
[typecheck]   src/generated/contract-record.routes.ts(237,9): TS2322 Type 'Record<string, unknown>' is not assignable to type '(Without<ContractRecordCreateInput, ContractRecordUncheckedCreateInput> & ContractRecordUncheckedCreateInput) | (Without<...> & ContractRecordCreateInput)'.
[typecheck]   src/generated/domain.ts(104,7): TS2353 Object literal may only specify known properties, and 'pendingDeletes' does not exist in type 'AnnotationsMap<this, never>'.
[typecheck]   src/generated/domain.ts(312,7): TS2353 Object literal may only specify known properties, and 'pendingDeletes' does not exist in type 'AnnotationsMap<this, never>'.
[typecheck]   …and 17 more
[stdout] build started...
[stdout] ✓ 2 modules transformed.
[stdout] dist/index.html                     0.43 kB │ gzip:   0.30 kB
[stdout] dist/assets/index-xZnqrnou.css     96.38 kB │ gzip:  13.68 kB
dist/assets/index-a_Ob6Cr_.js   2,668.93 kB │ gzip: 494.28 kB
[stdout] built in 8725ms.
[typecheck] ✗ tsc --noEmit found 27 type error(s) — these compile under Vite but will crash at runtime:
[typecheck]   src/generated/audit-entry.routes.ts(166,11): TS2322 Type 'any' is not assignable to type 'never'.
[typecheck]   src/generated/audit-entry.routes.ts(237,9): TS2322 Type 'Record<string, unknown>' is not assignable to type '(Without<AuditEntryCreateInput, AuditEntryUncheckedCreateInput> & AuditEntryUncheckedCreateInput) | (Without<...> & AuditEntryCreateInput)'.
[typecheck]   src/generated/competition-task.routes.ts(166,11): TS2322 Type 'any' is not assignable to type 'never'.
[typecheck]   src/generated/competition-task.routes.ts(237,9): TS2322 Type 'Record<string, unknown>' is not assignable to type '(Without<CompetitionTaskCreateInput, CompetitionTaskUncheckedCreateInput> & CompetitionTaskUncheckedCreateInput) | (Without<...> & CompetitionTaskCreateInput)'.
[typecheck]   src/generated/content-draft.routes.ts(166,11): TS2322 Type 'any' is not assignable to type 'never'.
[typecheck]   src/generated/content-draft.routes.ts(237,9): TS2322 Type 'Record<string, unknown>' is not assignable to type '(Without<ContentDraftCreateInput, ContentDraftUncheckedCreateInput> & ContentDraftUncheckedCreateInput) | (Without<...> & ContentDraftCreateInput)'.
[typecheck]   src/generated/contract-record.routes.ts(166,11): TS2322 Type 'any' is not assignable to type 'never'.
[typecheck]   src/generated/contract-record.routes.ts(237,9): TS2322 Type 'Record<string, unknown>' is not assignable to type '(Without<ContractRecordCreateInput, ContractRecordUncheckedCreateInput> & ContractRecordUncheckedCreateInput) | (Without<...> & ContractRecordCreateInput)'.
[typecheck]   src/generated/domain.ts(104,7): TS2353 Object literal may only specify known properties, and 'pendingDeletes' does not exist in type 'AnnotationsMap<this, never>'.
[typecheck]   src/generated/domain.ts(312,7): TS2353 Object literal may only specify known properties, and 'pendingDeletes' does not exist in type 'AnnotationsMap<this, never>'.
[typecheck]   …and 17 more
[stdout] build started...
[stdout] ✓ 1 modules transformed.
[stdout] dist/index.html                     0.43 kB │ gzip:   0.30 kB
dist/assets/index-xZnqrnou.css     96.38 kB │ gzip:  13.68 kB
[stdout] dist/assets/index-DYjnnZ2d.js   2,668.98 kB │ gzip: 494.29 kB
[stdout] built in 8278ms.
[typecheck] ✗ tsc --noEmit found 27 type error(s) — these compile under Vite but will crash at runtime:
[typecheck]   src/generated/audit-entry.routes.ts(166,11): TS2322 Type 'any' is not assignable to type 'never'.
[typecheck]   src/generated/audit-entry.routes.ts(237,9): TS2322 Type 'Record<string, unknown>' is not assignable to type '(Without<AuditEntryCreateInput, AuditEntryUncheckedCreateInput> & AuditEntryUncheckedCreateInput) | (Without<...> & AuditEntryCreateInput)'.
[typecheck]   src/generated/competition-task.routes.ts(166,11): TS2322 Type 'any' is not assignable to type 'never'.
[typecheck]   src/generated/competition-task.routes.ts(237,9): TS2322 Type 'Record<string, unknown>' is not assignable to type '(Without<CompetitionTaskCreateInput, CompetitionTaskUncheckedCreateInput> & CompetitionTaskUncheckedCreateInput) | (Without<...> & CompetitionTaskCreateInput)'.
[typecheck]   src/generated/content-draft.routes.ts(166,11): TS2322 Type 'any' is not assignable to type 'never'.
[typecheck]   src/generated/content-draft.routes.ts(237,9): TS2322 Type 'Record<string, unknown>' is not assignable to type '(Without<ContentDraftCreateInput, ContentDraftUncheckedCreateInput> & ContentDraftUncheckedCreateInput) | (Without<...> & ContentDraftCreateInput)'.
[typecheck]   src/generated/contract-record.routes.ts(166,11): TS2322 Type 'any' is not assignable to type 'never'.
[typecheck]   src/generated/contract-record.routes.ts(237,9): TS2322 Type 'Record<string, unknown>' is not assignable to type '(Without<ContractRecordCreateInput, ContractRecordUncheckedCreateInput> & ContractRecordUncheckedCreateInput) | (Without<...> & ContractRecordCreateInput)'.
[typecheck]   src/generated/domain.ts(104,7): TS2353 Object literal may only specify known properties, and 'pendingDeletes' does not exist in type 'AnnotationsMap<this, never>'.
[typecheck]   src/generated/domain.ts(312,7): TS2353 Object literal may only specify known properties, and 'pendingDeletes' does not exist in type 'AnnotationsMap<this, never>'.
[typecheck]   …and 17 more
[api-stdout] 🚀 Server running on http://localhost:3001
[stdout] build started...
[stdout] ✓ 1 modules transformed.
[stdout] dist/index.html                     0.43 kB │ gzip:   0.30 kB
[stdout] dist/assets/index-xZnqrnou.css     96.38 kB │ gzip:  13.68 kB
dist/assets/index-a_Ob6Cr_.js   2,668.93 kB │ gzip: 494.28 kB
[stdout] built in 13756ms.
[stdout] build started...
[typecheck] ✗ tsc --noEmit found 27 type error(s) — these compile under Vite but will crash at runtime:
[typecheck]   src/generated/audit-entry.routes.ts(166,11): TS2322 Type 'any' is not assignable to type 'never'.
[typecheck]   src/generated/audit-entry.routes.ts(237,9): TS2322 Type 'Record<string, unknown>' is not assignable to type '(Without<AuditEntryCreateInput, AuditEntryUncheckedCreateInput> & AuditEntryUncheckedCreateInput) | (Without<...> & AuditEntryCreateInput)'.
[typecheck]   src/generated/competition-task.routes.ts(166,11): TS2322 Type 'any' is not assignable to type 'never'.
[typecheck]   src/generated/competition-task.routes.ts(237,9): TS2322 Type 'Record<string, unknown>' is not assignable to type '(Without<CompetitionTaskCreateInput, CompetitionTaskUncheckedCreateInput> & CompetitionTaskUncheckedCreateInput) | (Without<...> & CompetitionTaskCreateInput)'.
[typecheck]   src/generated/content-draft.routes.ts(166,11): TS2322 Type 'any' is not assignable to type 'never'.
[typecheck]   src/generated/content-draft.routes.ts(237,9): TS2322 Type 'Record<string, unknown>' is not assignable to type '(Without<ContentDraftCreateInput, ContentDraftUncheckedCreateInput> & ContentDraftUncheckedCreateInput) | (Without<...> & ContentDraftCreateInput)'.
[typecheck]   src/generated/contract-record.routes.ts(166,11): TS2322 Type 'any' is not assignable to type 'never'.
[typecheck]   src/generated/contract-record.routes.ts(237,9): TS2322 Type 'Record<string, unknown>' is not assignable to type '(Without<ContractRecordCreateInput, ContractRecordUncheckedCreateInput> & ContractRecordUncheckedCreateInput) | (Without<...> & ContractRecordCreateInput)'.
[typecheck]   src/generated/domain.ts(104,7): TS2353 Object literal may only specify known properties, and 'pendingDeletes' does not exist in type 'AnnotationsMap<this, never>'.
[typecheck]   src/generated/domain.ts(312,7): TS2353 Object literal may only specify known properties, and 'pendingDeletes' does not exist in type 'AnnotationsMap<this, never>'.
[typecheck]   …and 17 more
[stdout] ✓ 0 modules transformed.
[stdout] dist/index.html                     0.43 kB │ gzip:   0.30 kB
dist/assets/index-xZnqrnou.css     96.38 kB │ gzip:  13.68 kB
dist/assets/index-DYjnnZ2d.js   2,668.98 kB │ gzip: 494.29 kB
[stdout] built in 15990ms.
[typecheck] ✗ tsc --noEmit found 27 type error(s) — these compile under Vite but will crash at runtime:
[typecheck]   src/generated/audit-entry.routes.ts(166,11): TS2322 Type 'any' is not assignable to type 'never'.
[typecheck]   src/generated/audit-entry.routes.ts(237,9): TS2322 Type 'Record<string, unknown>' is not assignable to type '(Without<AuditEntryCreateInput, AuditEntryUncheckedCreateInput> & AuditEntryUncheckedCreateInput) | (Without<...> & AuditEntryCreateInput)'.
[typecheck]   src/generated/competition-task.routes.ts(166,11): TS2322 Type 'any' is not assignable to type 'never'.
[typecheck]   src/generated/competition-task.routes.ts(237,9): TS2322 Type 'Record<string, unknown>' is not assignable to type '(Without<CompetitionTaskCreateInput, CompetitionTaskUncheckedCreateInput> & CompetitionTaskUncheckedCreateInput) | (Without<...> & CompetitionTaskCreateInput)'.
[typecheck]   src/generated/content-draft.routes.ts(166,11): TS2322 Type 'any' is not assignable to type 'never'.
[typecheck]   src/generated/content-draft.routes.ts(237,9): TS2322 Type 'Record<string, unknown>' is not assignable to type '(Without<ContentDraftCreateInput, ContentDraftUncheckedCreateInput> & ContentDraftUncheckedCreateInput) | (Without<...> & ContentDraftCreateInput)'.
[typecheck]   src/generated/contract-record.routes.ts(166,11): TS2322 Type 'any' is not assignable to type 'never'.
[typecheck]   src/generated/contract-record.routes.ts(237,9): TS2322 Type 'Record<string, unknown>' is not assignable to type '(Without<ContractRecordCreateInput, ContractRecordUncheckedCreateInput> & ContractRecordUncheckedCreateInput) | (Without<...> & ContractRecordCreateInput)'.
[typecheck]   src/generated/domain.ts(104,7): TS2353 Object literal may only specify known properties, and 'pendingDeletes' does not exist in type 'AnnotationsMap<this, never>'.
[typecheck]   src/generated/domain.ts(312,7): TS2353 Object literal may only specify known properties, and 'pendingDeletes' does not exist in type 'AnnotationsMap<this, never>'.
[typecheck]   …and 17 more
[stdout] build started...
[stdout] ✓ 1 modules transformed.
[stdout] dist/index.html                     0.43 kB │ gzip:   0.30 kB
[stdout] dist/assets/index-xZnqrnou.css     96.38 kB │ gzip:  13.68 kB
[stdout] dist/assets/index-a_Ob6Cr_.js   2,668.93 kB │ gzip: 494.28 kB
[stdout] built in 12092ms.
[typecheck] ✗ tsc --noEmit found 27 type error(s) — these compile under Vite but will crash at runtime:
[typecheck]   src/generated/audit-entry.routes.ts(166,11): TS2322 Type 'any' is not assignable to type 'never'.
[typecheck]   src/generated/audit-entry.routes.ts(237,9): TS2322 Type 'Record<string, unknown>' is not assignable to type '(Without<AuditEntryCreateInput, AuditEntryUncheckedCreateInput> & AuditEntryUncheckedCreateInput) | (Without<...> & AuditEntryCreateInput)'.
[typecheck]   src/generated/competition-task.routes.ts(166,11): TS2322 Type 'any' is not assignable to type 'never'.
[typecheck]   src/generated/competition-task.routes.ts(237,9): TS2322 Type 'Record<string, unknown>' is not assignable to type '(Without<CompetitionTaskCreateInput, CompetitionTaskUncheckedCreateInput> & CompetitionTaskUncheckedCreateInput) | (Without<...> & CompetitionTaskCreateInput)'.
[typecheck]   src/generated/content-draft.routes.ts(166,11): TS2322 Type 'any' is not assignable to type 'never'.
[typecheck]   src/generated/content-draft.routes.ts(237,9): TS2322 Type 'Record<string, unknown>' is not assignable to type '(Without<ContentDraftCreateInput, ContentDraftUncheckedCreateInput> & ContentDraftUncheckedCreateInput) | (Without<...> & ContentDraftCreateInput)'.
[typecheck]   src/generated/contract-record.routes.ts(166,11): TS2322 Type 'any' is not assignable to type 'never'.
[typecheck]   src/generated/contract-record.routes.ts(237,9): TS2322 Type 'Record<string, unknown>' is not assignable to type '(Without<ContractRecordCreateInput, ContractRecordUncheckedCreateInput> & ContractRecordUncheckedCreateInput) | (Without<...> & ContractRecordCreateInput)'.
[typecheck]   src/generated/domain.ts(104,7): TS2353 Object literal may only specify known properties, and 'pendingDeletes' does not exist in type 'AnnotationsMap<this, never>'.
[typecheck]   src/generated/domain.ts(312,7): TS2353 Object literal may only specify known properties, and 'pendingDeletes' does not exist in type 'AnnotationsMap<this, never>'.
[typecheck]   …and 17 more
[api-stdout] 🚀 Server running on http://localhost:3001
[stdout] build started...
[stdout] ✓ 1 modules transformed.
[stdout] dist/index.html                     0.43 kB │ gzip:   0.30 kB
[stdout] dist/assets/index-xZnqrnou.css     96.38 kB │ gzip:  13.68 kB
[stdout] dist/assets/index-DYjnnZ2d.js   2,668.98 kB │ gzip: 494.29 kB
[stdout] built in 14684ms.
[typecheck] ✗ tsc --noEmit found 27 type error(s) — these compile under Vite but will crash at runtime:
[typecheck]   src/generated/audit-entry.routes.ts(166,11): TS2322 Type 'any' is not assignable to type 'never'.
[typecheck]   src/generated/audit-entry.routes.ts(237,9): TS2322 Type 'Record<string, unknown>' is not assignable to type '(Without<AuditEntryCreateInput, AuditEntryUncheckedCreateInput> & AuditEntryUncheckedCreateInput) | (Without<...> & AuditEntryCreateInput)'.
[typecheck]   src/generated/competition-task.routes.ts(166,11): TS2322 Type 'any' is not assignable to type 'never'.
[typecheck]   src/generated/competition-task.routes.ts(237,9): TS2322 Type 'Record<string, unknown>' is not assignable to type '(Without<CompetitionTaskCreateInput, CompetitionTaskUncheckedCreateInput> & CompetitionTaskUncheckedCreateInput) | (Without<...> & CompetitionTaskCreateInput)'.
[typecheck]   src/generated/content-draft.routes.ts(166,11): TS2322 Type 'any' is not assignable to type 'never'.
[typecheck]   src/generated/content-draft.routes.ts(237,9): TS2322 Type 'Record<string, unknown>' is not assignable to type '(Without<ContentDraftCreateInput, ContentDraftUncheckedCreateInput> & ContentDraftUncheckedCreateInput) | (Without<...> & ContentDraftCreateInput)'.
[typecheck]   src/generated/contract-record.routes.ts(166,11): TS2322 Type 'any' is not assignable to type 'never'.
[typecheck]   src/generated/contract-record.routes.ts(237,9): TS2322 Type 'Record<string, unknown>' is not assignable to type '(Without<ContractRecordCreateInput, ContractRecordUncheckedCreateInput> & ContractRecordUncheckedCreateInput) | (Without<...> & ContractRecordCreateInput)'.
[typecheck]   src/generated/domain.ts(104,7): TS2353 Object literal may only specify known properties, and 'pendingDeletes' does not exist in type 'AnnotationsMap<this, never>'.
[typecheck]   src/generated/domain.ts(312,7): TS2353 Object literal may only specify known properties, and 'pendingDeletes' does not exist in type 'AnnotationsMap<this, never>'.
[typecheck]   …and 17 more
[stdout] build started...
[stdout] ✓ 1 modules transformed.
[stdout] dist/index.html                     0.43 kB │ gzip:   0.30 kB
dist/assets/index-xZnqrnou.css     96.38 kB │ gzip:  13.68 kB
[stdout] dist/assets/index-a_Ob6Cr_.js   2,668.93 kB │ gzip: 494.28 kB
[stdout] built in 11998ms.
[stdout] build started...
[stdout] ✓ 0 modules transformed.
[stdout] dist/index.html                     0.43 kB │ gzip:   0.30 kB
dist/assets/index-xZnqrnou.css     96.38 kB │ gzip:  13.68 kB
dist/assets/index-DYjnnZ2d.js   2,668.98 kB │ gzip: 494.29 kB
[stdout] built in 12664ms.
[stdout] build started...
[typecheck] ✗ tsc --noEmit found 27 type error(s) — these compile under Vite but will crash at runtime:
[typecheck]   src/generated/audit-entry.routes.ts(166,11): TS2322 Type 'any' is not assignable to type 'never'.
[typecheck]   src/generated/audit-entry.routes.ts(237,9): TS2322 Type 'Record<string, unknown>' is not assignable to type '(Without<AuditEntryCreateInput, AuditEntryUncheckedCreateInput> & AuditEntryUncheckedCreateInput) | (Without<...> & AuditEntryCreateInput)'.
[typecheck]   src/generated/competition-task.routes.ts(166,11): TS2322 Type 'any' is not assignable to type 'never'.
[typecheck]   src/generated/competition-task.routes.ts(237,9): TS2322 Type 'Record<string, unknown>' is not assignable to type '(Without<CompetitionTaskCreateInput, CompetitionTaskUncheckedCreateInput> & CompetitionTaskUncheckedCreateInput) | (Without<...> & CompetitionTaskCreateInput)'.
[typecheck]   src/generated/content-draft.routes.ts(166,11): TS2322 Type 'any' is not assignable to type 'never'.
[typecheck]   src/generated/content-draft.routes.ts(237,9): TS2322 Type 'Record<string, unknown>' is not assignable to type '(Without<ContentDraftCreateInput, ContentDraftUncheckedCreateInput> & ContentDraftUncheckedCreateInput) | (Without<...> & ContentDraftCreateInput)'.
[typecheck]   src/generated/contract-record.routes.ts(166,11): TS2322 Type 'any' is not assignable to type 'never'.
[typecheck]   src/generated/contract-record.routes.ts(237,9): TS2322 Type 'Record<string, unknown>' is not assignable to type '(Without<ContractRecordCreateInput, ContractRecordUncheckedCreateInput> & ContractRecordUncheckedCreateInput) | (Without<...> & ContractRecordCreateInput)'.
[typecheck]   src/generated/domain.ts(104,7): TS2353 Object literal may only specify known properties, and 'pendingDeletes' does not exist in type 'AnnotationsMap<this, never>'.
[typecheck]   src/generated/domain.ts(312,7): TS2353 Object literal may only specify known properties, and 'pendingDeletes' does not exist in type 'AnnotationsMap<this, never>'.
[typecheck]   …and 17 more
[typecheck] ✗ tsc --noEmit found 27 type error(s) — these compile under Vite but will crash at runtime:
[typecheck]   src/generated/audit-entry.routes.ts(166,11): TS2322 Type 'any' is not assignable to type 'never'.
[typecheck]   src/generated/audit-entry.routes.ts(237,9): TS2322 Type 'Record<string, unknown>' is not assignable to type '(Without<AuditEntryCreateInput, AuditEntryUncheckedCreateInput> & AuditEntryUncheckedCreateInput) | (Without<...> & AuditEntryCreateInput)'.
[typecheck]   src/generated/competition-task.routes.ts(166,11): TS2322 Type 'any' is not assignable to type 'never'.
[typecheck]   src/generated/competition-task.routes.ts(237,9): TS2322 Type 'Record<string, unknown>' is not assignable to type '(Without<CompetitionTaskCreateInput, CompetitionTaskUncheckedCreateInput> & CompetitionTaskUncheckedCreateInput) | (Without<...> & CompetitionTaskCreateInput)'.
[typecheck]   src/generated/content-draft.routes.ts(166,11): TS2322 Type 'any' is not assignable to type 'never'.
[typecheck]   src/generated/content-draft.routes.ts(237,9): TS2322 Type 'Record<string, unknown>' is not assignable to type '(Without<ContentDraftCreateInput, ContentDraftUncheckedCreateInput> & ContentDraftUncheckedCreateInput) | (Without<...> & ContentDraftCreateInput)'.
[typecheck]   src/generated/contract-record.routes.ts(166,11): TS2322 Type 'any' is not assignable to type 'never'.
[typecheck]   src/generated/contract-record.routes.ts(237,9): TS2322 Type 'Record<string, unknown>' is not assignable to type '(Without<ContractRecordCreateInput, ContractRecordUncheckedCreateInput> & ContractRecordUncheckedCreateInput) | (Without<...> & ContractRecordCreateInput)'.
[typecheck]   src/generated/domain.ts(104,7): TS2353 Object literal may only specify known properties, and 'pendingDeletes' does not exist in type 'AnnotationsMap<this, never>'.
[typecheck]   src/generated/domain.ts(312,7): TS2353 Object literal may only specify known properties, and 'pendingDeletes' does not exist in type 'AnnotationsMap<this, never>'.
[typecheck]   …and 17 more
[stdout] ✓ 1 modules transformed.
[stdout] dist/index.html                     0.43 kB │ gzip:   0.30 kB
[stdout] dist/assets/index-xZnqrnou.css     96.38 kB │ gzip:  13.68 kB
dist/assets/index-a_Ob6Cr_.js   2,668.93 kB │ gzip: 494.28 kB
[stdout] built in 15105ms.
[stdout] build started...
[stdout] ✓ 0 modules transformed.
[typecheck] ✗ tsc --noEmit found 27 type error(s) — these compile under Vite but will crash at runtime:
[typecheck]   src/generated/audit-entry.routes.ts(166,11): TS2322 Type 'any' is not assignable to type 'never'.
[typecheck]   src/generated/audit-entry.routes.ts(237,9): TS2322 Type 'Record<string, unknown>' is not assignable to type '(Without<AuditEntryCreateInput, AuditEntryUncheckedCreateInput> & AuditEntryUncheckedCreateInput) | (Without<...> & AuditEntryCreateInput)'.
[typecheck]   src/generated/competition-task.routes.ts(166,11): TS2322 Type 'any' is not assignable to type 'never'.
[typecheck]   src/generated/competition-task.routes.ts(237,9): TS2322 Type 'Record<string, unknown>' is not assignable to type '(Without<CompetitionTaskCreateInput, CompetitionTaskUncheckedCreateInput> & CompetitionTaskUncheckedCreateInput) | (Without<...> & CompetitionTaskCreateInput)'.
[typecheck]   src/generated/content-draft.routes.ts(166,11): TS2322 Type 'any' is not assignable to type 'never'.
[typecheck]   src/generated/content-draft.routes.ts(237,9): TS2322 Type 'Record<string, unknown>' is not assignable to type '(Without<ContentDraftCreateInput, ContentDraftUncheckedCreateInput> & ContentDraftUncheckedCreateInput) | (Without<...> & ContentDraftCreateInput)'.
[typecheck]   src/generated/contract-record.routes.ts(166,11): TS2322 Type 'any' is not assignable to type 'never'.
[typecheck]   src/generated/contract-record.routes.ts(237,9): TS2322 Type 'Record<string, unknown>' is not assignable to type '(Without<ContractRecordCreateInput, ContractRecordUncheckedCreateInput> & ContractRecordUncheckedCreateInput) | (Without<...> & ContractRecordCreateInput)'.
[typecheck]   src/generated/domain.ts(104,7): TS2353 Object literal may only specify known properties, and 'pendingDeletes' does not exist in type 'AnnotationsMap<this, never>'.
[typecheck]   src/generated/domain.ts(312,7): TS2353 Object literal may only specify known properties, and 'pendingDeletes' does not exist in type 'AnnotationsMap<this, never>'.
[typecheck]   …and 17 more
[stdout] dist/index.html                     0.43 kB │ gzip:   0.30 kB
dist/assets/index-xZnqrnou.css     96.38 kB │ gzip:  13.68 kB
dist/assets/index-DYjnnZ2d.js   2,668.98 kB │ gzip: 494.29 kB
[stdout] built in 13764ms.
[typecheck] ✗ tsc --noEmit found 27 type error(s) — these compile under Vite but will crash at runtime:
[typecheck]   src/generated/audit-entry.routes.ts(166,11): TS2322 Type 'any' is not assignable to type 'never'.
[typecheck]   src/generated/audit-entry.routes.ts(237,9): TS2322 Type 'Record<string, unknown>' is not assignable to type '(Without<AuditEntryCreateInput, AuditEntryUncheckedCreateInput> & AuditEntryUncheckedCreateInput) | (Without<...> & AuditEntryCreateInput)'.
[typecheck]   src/generated/competition-task.routes.ts(166,11): TS2322 Type 'any' is not assignable to type 'never'.
[typecheck]   src/generated/competition-task.routes.ts(237,9): TS2322 Type 'Record<string, unknown>' is not assignable to type '(Without<CompetitionTaskCreateInput, CompetitionTaskUncheckedCreateInput> & CompetitionTaskUncheckedCreateInput) | (Without<...> & CompetitionTaskCreateInput)'.
[typecheck]   src/generated/content-draft.routes.ts(166,11): TS2322 Type 'any' is not assignable to type 'never'.
[typecheck]   src/generated/content-draft.routes.ts(237,9): TS2322 Type 'Record<string, unknown>' is not assignable to type '(Without<ContentDraftCreateInput, ContentDraftUncheckedCreateInput> & ContentDraftUncheckedCreateInput) | (Without<...> & ContentDraftCreateInput)'.
[typecheck]   src/generated/contract-record.routes.ts(166,11): TS2322 Type 'any' is not assignable to type 'never'.
[typecheck]   src/generated/contract-record.routes.ts(237,9): TS2322 Type 'Record<string, unknown>' is not assignable to type '(Without<ContractRecordCreateInput, ContractRecordUncheckedCreateInput> & ContractRecordUncheckedCreateInput) | (Without<...> & ContractRecordCreateInput)'.
[typecheck]   src/generated/domain.ts(104,7): TS2353 Object literal may only specify known properties, and 'pendingDeletes' does not exist in type 'AnnotationsMap<this, never>'.
[typecheck]   src/generated/domain.ts(312,7): TS2353 Object literal may only specify known properties, and 'pendingDeletes' does not exist in type 'AnnotationsMap<this, never>'.
[typecheck]   …and 17 more
[stdout] build started...
[stdout] ✓ 1 modules transformed.
[stdout] dist/index.html                     0.43 kB │ gzip:   0.30 kB
dist/assets/index-xZnqrnou.css     96.38 kB │ gzip:  13.68 kB
dist/assets/index-a_Ob6Cr_.js   2,668.93 kB │ gzip: 494.28 kB
[stdout] built in 11113ms.
[stdout] build started...
[stdout] ✓ 0 modules transformed.
[typecheck] ✗ tsc --noEmit found 27 type error(s) — these compile under Vite but will crash at runtime:
[typecheck]   src/generated/audit-entry.routes.ts(166,11): TS2322 Type 'any' is not assignable to type 'never'.
[typecheck]   src/generated/audit-entry.routes.ts(237,9): TS2322 Type 'Record<string, unknown>' is not assignable to type '(Without<AuditEntryCreateInput, AuditEntryUncheckedCreateInput> & AuditEntryUncheckedCreateInput) | (Without<...> & AuditEntryCreateInput)'.
[typecheck]   src/generated/competition-task.routes.ts(166,11): TS2322 Type 'any' is not assignable to type 'never'.
[typecheck]   src/generated/competition-task.routes.ts(237,9): TS2322 Type 'Record<string, unknown>' is not assignable to type '(Without<CompetitionTaskCreateInput, CompetitionTaskUncheckedCreateInput> & CompetitionTaskUncheckedCreateInput) | (Without<...> & CompetitionTaskCreateInput)'.
[typecheck]   src/generated/content-draft.routes.ts(166,11): TS2322 Type 'any' is not assignable to type 'never'.
[typecheck]   src/generated/content-draft.routes.ts(237,9): TS2322 Type 'Record<string, unknown>' is not assignable to type '(Without<ContentDraftCreateInput, ContentDraftUncheckedCreateInput> & ContentDraftUncheckedCreateInput) | (Without<...> & ContentDraftCreateInput)'.
[typecheck]   src/generated/contract-record.routes.ts(166,11): TS2322 Type 'any' is not assignable to type 'never'.
[typecheck]   src/generated/contract-record.routes.ts(237,9): TS2322 Type 'Record<string, unknown>' is not assignable to type '(Without<ContractRecordCreateInput, ContractRecordUncheckedCreateInput> & ContractRecordUncheckedCreateInput) | (Without<...> & ContractRecordCreateInput)'.
[typecheck]   src/generated/domain.ts(104,7): TS2353 Object literal may only specify known properties, and 'pendingDeletes' does not exist in type 'AnnotationsMap<this, never>'.
[typecheck]   src/generated/domain.ts(312,7): TS2353 Object literal may only specify known properties, and 'pendingDeletes' does not exist in type 'AnnotationsMap<this, never>'.
[typecheck]   …and 17 more
[stdout] dist/index.html                     0.43 kB │ gzip:   0.30 kB
dist/assets/index-xZnqrnou.css     96.38 kB │ gzip:  13.68 kB
dist/assets/index-DYjnnZ2d.js   2,668.98 kB │ gzip: 494.29 kB
[stdout] built in 14266ms.
[stdout] build started...
[stdout] ✓ 0 modules transformed.
[typecheck] ✗ tsc --noEmit found 27 type error(s) — these compile under Vite but will crash at runtime:
[typecheck]   src/generated/audit-entry.routes.ts(166,11): TS2322 Type 'any' is not assignable to type 'never'.
[typecheck]   src/generated/audit-entry.routes.ts(237,9): TS2322 Type 'Record<string, unknown>' is not assignable to type '(Without<AuditEntryCreateInput, AuditEntryUncheckedCreateInput> & AuditEntryUncheckedCreateInput) | (Without<...> & AuditEntryCreateInput)'.
[typecheck]   src/generated/competition-task.routes.ts(166,11): TS2322 Type 'any' is not assignable to type 'never'.
[typecheck]   src/generated/competition-task.routes.ts(237,9): TS2322 Type 'Record<string, unknown>' is not assignable to type '(Without<CompetitionTaskCreateInput, CompetitionTaskUncheckedCreateInput> & CompetitionTaskUncheckedCreateInput) | (Without<...> & CompetitionTaskCreateInput)'.
[typecheck]   src/generated/content-draft.routes.ts(166,11): TS2322 Type 'any' is not assignable to type 'never'.
[typecheck]   src/generated/content-draft.routes.ts(237,9): TS2322 Type 'Record<string, unknown>' is not assignable to type '(Without<ContentDraftCreateInput, ContentDraftUncheckedCreateInput> & ContentDraftUncheckedCreateInput) | (Without<...> & ContentDraftCreateInput)'.
[typecheck]   src/generated/contract-record.routes.ts(166,11): TS2322 Type 'any' is not assignable to type 'never'.
[typecheck]   src/generated/contract-record.routes.ts(237,9): TS2322 Type 'Record<string, unknown>' is not assignable to type '(Without<ContractRecordCreateInput, ContractRecordUncheckedCreateInput> & ContractRecordUncheckedCreateInput) | (Without<...> & ContractRecordCreateInput)'.
[typecheck]   src/generated/domain.ts(104,7): TS2353 Object literal may only specify known properties, and 'pendingDeletes' does not exist in type 'AnnotationsMap<this, never>'.
[typecheck]   src/generated/domain.ts(312,7): TS2353 Object literal may only specify known properties, and 'pendingDeletes' does not exist in type 'AnnotationsMap<this, never>'.
[typecheck]   …and 17 more
[stdout] dist/index.html                     0.43 kB │ gzip:   0.30 kB
[stdout] dist/assets/index-xZnqrnou.css     96.38 kB │ gzip:  13.68 kB
[stdout] dist/assets/index-a_Ob6Cr_.js   2,668.93 kB │ gzip: 494.28 kB
[stdout] built in 14172ms.
[typecheck] ✗ tsc --noEmit found 27 type error(s) — these compile under Vite but will crash at runtime:
[typecheck]   src/generated/audit-entry.routes.ts(166,11): TS2322 Type 'any' is not assignable to type 'never'.
[typecheck]   src/generated/audit-entry.routes.ts(237,9): TS2322 Type 'Record<string, unknown>' is not assignable to type '(Without<AuditEntryCreateInput, AuditEntryUncheckedCreateInput> & AuditEntryUncheckedCreateInput) | (Without<...> & AuditEntryCreateInput)'.
[typecheck]   src/generated/competition-task.routes.ts(166,11): TS2322 Type 'any' is not assignable to type 'never'.
[typecheck]   src/generated/competition-task.routes.ts(237,9): TS2322 Type 'Record<string, unknown>' is not assignable to type '(Without<CompetitionTaskCreateInput, CompetitionTaskUncheckedCreateInput> & CompetitionTaskUncheckedCreateInput) | (Without<...> & CompetitionTaskCreateInput)'.
[typecheck]   src/generated/content-draft.routes.ts(166,11): TS2322 Type 'any' is not assignable to type 'never'.
[typecheck]   src/generated/content-draft.routes.ts(237,9): TS2322 Type 'Record<string, unknown>' is not assignable to type '(Without<ContentDraftCreateInput, ContentDraftUncheckedCreateInput> & ContentDraftUncheckedCreateInput) | (Without<...> & ContentDraftCreateInput)'.
[typecheck]   src/generated/contract-record.routes.ts(166,11): TS2322 Type 'any' is not assignable to type 'never'.
[typecheck]   src/generated/contract-record.routes.ts(237,9): TS2322 Type 'Record<string, unknown>' is not assignable to type '(Without<ContractRecordCreateInput, ContractRecordUncheckedCreateInput> & ContractRecordUncheckedCreateInput) | (Without<...> & ContractRecordCreateInput)'.
[typecheck]   src/generated/domain.ts(104,7): TS2353 Object literal may only specify known properties, and 'pendingDeletes' does not exist in type 'AnnotationsMap<this, never>'.
[typecheck]   src/generated/domain.ts(312,7): TS2353 Object literal may only specify known properties, and 'pendingDeletes' does not exist in type 'AnnotationsMap<this, never>'.
[typecheck]   …and 17 more
[stdout] build started...
[stdout] ✓ 1 modules transformed.
[stdout] dist/index.html                     0.43 kB │ gzip:   0.30 kB
dist/assets/index-xZnqrnou.css     96.38 kB │ gzip:  13.68 kB
dist/assets/index-DYjnnZ2d.js   2,668.98 kB │ gzip: 494.29 kB
[stdout] built in 10578ms.
[stdout] build started...
[stdout] ✓ 0 modules transformed.
[stdout] dist/index.html                     0.43 kB │ gzip:   0.30 kB
dist/assets/index-xZnqrnou.css     96.38 kB │ gzip:  13.68 kB
dist/assets/index-a_Ob6Cr_.js   2,668.93 kB │ gzip: 494.28 kB
[stdout] built in 13580ms.
[typecheck] ✗ tsc --noEmit found 27 type error(s) — these compile under Vite but will crash at runtime:
[typecheck]   src/generated/audit-entry.routes.ts(166,11): TS2322 Type 'any' is not assignable to type 'never'.
[typecheck]   src/generated/audit-entry.routes.ts(237,9): TS2322 Type 'Record<string, unknown>' is not assignable to type '(Without<AuditEntryCreateInput, AuditEntryUncheckedCreateInput> & AuditEntryUncheckedCreateInput) | (Without<...> & AuditEntryCreateInput)'.
[typecheck]   src/generated/competition-task.routes.ts(166,11): TS2322 Type 'any' is not assignable to type 'never'.
[typecheck]   src/generated/competition-task.routes.ts(237,9): TS2322 Type 'Record<string, unknown>' is not assignable to type '(Without<CompetitionTaskCreateInput, CompetitionTaskUncheckedCreateInput> & CompetitionTaskUncheckedCreateInput) | (Without<...> & CompetitionTaskCreateInput)'.
[typecheck]   src/generated/content-draft.routes.ts(166,11): TS2322 Type 'any' is not assignable to type 'never'.
[typecheck]   src/generated/content-draft.routes.ts(237,9): TS2322 Type 'Record<string, unknown>' is not assignable to type '(Without<ContentDraftCreateInput, ContentDraftUncheckedCreateInput> & ContentDraftUncheckedCreateInput) | (Without<...> & ContentDraftCreateInput)'.
[typecheck]   src/generated/contract-record.routes.ts(166,11): TS2322 Type 'any' is not assignable to type 'never'.
[typecheck]   src/generated/contract-record.routes.ts(237,9): TS2322 Type 'Record<string, unknown>' is not assignable to type '(Without<ContractRecordCreateInput, ContractRecordUncheckedCreateInput> & ContractRecordUncheckedCreateInput) | (Without<...> & ContractRecordCreateInput)'.
[typecheck]   src/generated/domain.ts(104,7): TS2353 Object literal may only specify known properties, and 'pendingDeletes' does not exist in type 'AnnotationsMap<this, never>'.
[typecheck]   src/generated/domain.ts(312,7): TS2353 Object literal may only specify known properties, and 'pendingDeletes' does not exist in type 'AnnotationsMap<this, never>'.
[typecheck]   …and 17 more
[typecheck] ✗ tsc --noEmit found 27 type error(s) — these compile under Vite but will crash at runtime:
[typecheck]   src/generated/audit-entry.routes.ts(166,11): TS2322 Type 'any' is not assignable to type 'never'.
[typecheck]   src/generated/audit-entry.routes.ts(237,9): TS2322 Type 'Record<string, unknown>' is not assignable to type '(Without<AuditEntryCreateInput, AuditEntryUncheckedCreateInput> & AuditEntryUncheckedCreateInput) | (Without<...> & AuditEntryCreateInput)'.
[typecheck]   src/generated/competition-task.routes.ts(166,11): TS2322 Type 'any' is not assignable to type 'never'.
[typecheck]   src/generated/competition-task.routes.ts(237,9): TS2322 Type 'Record<string, unknown>' is not assignable to type '(Without<CompetitionTaskCreateInput, CompetitionTaskUncheckedCreateInput> & CompetitionTaskUncheckedCreateInput) | (Without<...> & CompetitionTaskCreateInput)'.
[typecheck]   src/generated/content-draft.routes.ts(166,11): TS2322 Type 'any' is not assignable to type 'never'.
[typecheck]   src/generated/content-draft.routes.ts(237,9): TS2322 Type 'Record<string, unknown>' is not assignable to type '(Without<ContentDraftCreateInput, ContentDraftUncheckedCreateInput> & ContentDraftUncheckedCreateInput) | (Without<...> & ContentDraftCreateInput)'.
[typecheck]   src/generated/contract-record.routes.ts(166,11): TS2322 Type 'any' is not assignable to type 'never'.
[typecheck]   src/generated/contract-record.routes.ts(237,9): TS2322 Type 'Record<string, unknown>' is not assignable to type '(Without<ContractRecordCreateInput, ContractRecordUncheckedCreateInput> & ContractRecordUncheckedCreateInput) | (Without<...> & ContractRecordCreateInput)'.
[typecheck]   src/generated/domain.ts(104,7): TS2353 Object literal may only specify known properties, and 'pendingDeletes' does not exist in type 'AnnotationsMap<this, never>'.
[typecheck]   src/generated/domain.ts(312,7): TS2353 Object literal may only specify known properties, and 'pendingDeletes' does not exist in type 'AnnotationsMap<this, never>'.
[typecheck]   …and 17 more
[stdout] build started...
[stdout] ✓ 1 modules transformed.
[stdout] dist/index.html                     0.43 kB │ gzip:   0.30 kB
dist/assets/index-xZnqrnou.css     96.38 kB │ gzip:  13.68 kB
dist/assets/index-DYjnnZ2d.js   2,668.98 kB │ gzip: 494.29 kB
[stdout] built in 10860ms.
[typecheck] ✗ tsc --noEmit found 27 type error(s) — these compile under Vite but will crash at runtime:
[typecheck]   src/generated/audit-entry.routes.ts(166,11): TS2322 Type 'any' is not assignable to type 'never'.
[typecheck]   src/generated/audit-entry.routes.ts(237,9): TS2322 Type 'Record<string, unknown>' is not assignable to type '(Without<AuditEntryCreateInput, AuditEntryUncheckedCreateInput> & AuditEntryUncheckedCreateInput) | (Without<...> & AuditEntryCreateInput)'.
[typecheck]   src/generated/competition-task.routes.ts(166,11): TS2322 Type 'any' is not assignable to type 'never'.
[typecheck]   src/generated/competition-task.routes.ts(237,9): TS2322 Type 'Record<string, unknown>' is not assignable to type '(Without<CompetitionTaskCreateInput, CompetitionTaskUncheckedCreateInput> & CompetitionTaskUncheckedCreateInput) | (Without<...> & CompetitionTaskCreateInput)'.
[typecheck]   src/generated/content-draft.routes.ts(166,11): TS2322 Type 'any' is not assignable to type 'never'.
[typecheck]   src/generated/content-draft.routes.ts(237,9): TS2322 Type 'Record<string, unknown>' is not assignable to type '(Without<ContentDraftCreateInput, ContentDraftUncheckedCreateInput> & ContentDraftUncheckedCreateInput) | (Without<...> & ContentDraftCreateInput)'.
[typecheck]   src/generated/contract-record.routes.ts(166,11): TS2322 Type 'any' is not assignable to type 'never'.
[typecheck]   src/generated/contract-record.routes.ts(237,9): TS2322 Type 'Record<string, unknown>' is not assignable to type '(Without<ContractRecordCreateInput, ContractRecordUncheckedCreateInput> & ContractRecordUncheckedCreateInput) | (Without<...> & ContractRecordCreateInput)'.
[typecheck]   src/generated/domain.ts(104,7): TS2353 Object literal may only specify known properties, and 'pendingDeletes' does not exist in type 'AnnotationsMap<this, never>'.
[typecheck]   src/generated/domain.ts(312,7): TS2353 Object literal may only specify known properties, and 'pendingDeletes' does not exist in type 'AnnotationsMap<this, never>'.
[typecheck]   …and 17 more
[api-stdout] 🚀 Server running on http://localhost:3001
[stdout] build started...
[stdout] ✓ 1 modules transformed.
[stdout] dist/index.html                     0.43 kB │ gzip:   0.30 kB
dist/assets/index-xZnqrnou.css     96.38 kB │ gzip:  13.68 kB
[stdout] dist/assets/index-a_Ob6Cr_.js   2,668.93 kB │ gzip: 494.28 kB
[stdout] built in 19618ms.
[stdout] build started...
[stdout] ✓ 0 modules transformed.
[stdout] dist/index.html                     0.43 kB │ gzip:   0.30 kB
[stdout] dist/assets/index-xZnqrnou.css     96.38 kB │ gzip:  13.68 kB
dist/assets/index-DYjnnZ2d.js   2,668.98 kB │ gzip: 494.29 kB
[stdout] built in 14255ms.
[typecheck] ✗ tsc --noEmit found 27 type error(s) — these compile under Vite but will crash at runtime:
[typecheck]   src/generated/audit-entry.routes.ts(166,11): TS2322 Type 'any' is not assignable to type 'never'.
[typecheck]   src/generated/audit-entry.routes.ts(237,9): TS2322 Type 'Record<string, unknown>' is not assignable to type '(Without<AuditEntryCreateInput, AuditEntryUncheckedCreateInput> & AuditEntryUncheckedCreateInput) | (Without<...> & AuditEntryCreateInput)'.
[typecheck]   src/generated/competition-task.routes.ts(166,11): TS2322 Type 'any' is not assignable to type 'never'.
[typecheck]   src/generated/competition-task.routes.ts(237,9): TS2322 Type 'Record<string, unknown>' is not assignable to type '(Without<CompetitionTaskCreateInput, CompetitionTaskUncheckedCreateInput> & CompetitionTaskUncheckedCreateInput) | (Without<...> & CompetitionTaskCreateInput)'.
[typecheck]   src/generated/content-draft.routes.ts(166,11): TS2322 Type 'any' is not assignable to type 'never'.
[typecheck]   src/generated/content-draft.routes.ts(237,9): TS2322 Type 'Record<string, unknown>' is not assignable to type '(Without<ContentDraftCreateInput, ContentDraftUncheckedCreateInput> & ContentDraftUncheckedCreateInput) | (Without<...> & ContentDraftCreateInput)'.
[typecheck]   src/generated/contract-record.routes.ts(166,11): TS2322 Type 'any' is not assignable to type 'never'.
[typecheck]   src/generated/contract-record.routes.ts(237,9): TS2322 Type 'Record<string, unknown>' is not assignable to type '(Without<ContractRecordCreateInput, ContractRecordUncheckedCreateInput> & ContractRecordUncheckedCreateInput) | (Without<...> & ContractRecordCreateInput)'.
[typecheck]   src/generated/domain.ts(104,7): TS2353 Object literal may only specify known properties, and 'pendingDeletes' does not exist in type 'AnnotationsMap<this, never>'.
[typecheck]   src/generated/domain.ts(312,7): TS2353 Object literal may only specify known properties, and 'pendingDeletes' does not exist in type 'AnnotationsMap<this, never>'.
[typecheck]   …and 17 more
[typecheck] ✗ tsc --noEmit found 27 type error(s) — these compile under Vite but will crash at runtime:
[typecheck]   src/generated/audit-entry.routes.ts(166,11): TS2322 Type 'any' is not assignable to type 'never'.
[typecheck]   src/generated/audit-entry.routes.ts(237,9): TS2322 Type 'Record<string, unknown>' is not assignable to type '(Without<AuditEntryCreateInput, AuditEntryUncheckedCreateInput> & AuditEntryUncheckedCreateInput) | (Without<...> & AuditEntryCreateInput)'.
[typecheck]   src/generated/competition-task.routes.ts(166,11): TS2322 Type 'any' is not assignable to type 'never'.
[typecheck]   src/generated/competition-task.routes.ts(237,9): TS2322 Type 'Record<string, unknown>' is not assignable to type '(Without<CompetitionTaskCreateInput, CompetitionTaskUncheckedCreateInput> & CompetitionTaskUncheckedCreateInput) | (Without<...> & CompetitionTaskCreateInput)'.
[typecheck]   src/generated/content-draft.routes.ts(166,11): TS2322 Type 'any' is not assignable to type 'never'.
[typecheck]   src/generated/content-draft.routes.ts(237,9): TS2322 Type 'Record<string, unknown>' is not assignable to type '(Without<ContentDraftCreateInput, ContentDraftUncheckedCreateInput> & ContentDraftUncheckedCreateInput) | (Without<...> & ContentDraftCreateInput)'.
[typecheck]   src/generated/contract-record.routes.ts(166,11): TS2322 Type 'any' is not assignable to type 'never'.
[typecheck]   src/generated/contract-record.routes.ts(237,9): TS2322 Type 'Record<string, unknown>' is not assignable to type '(Without<ContractRecordCreateInput, ContractRecordUncheckedCreateInput> & ContractRecordUncheckedCreateInput) | (Without<...> & ContractRecordCreateInput)'.
[typecheck]   src/generated/domain.ts(104,7): TS2353 Object literal may only specify known properties, and 'pendingDeletes' does not exist in type 'AnnotationsMap<this, never>'.
[typecheck]   src/generated/domain.ts(312,7): TS2353 Object literal may only specify known properties, and 'pendingDeletes' does not exist in type 'AnnotationsMap<this, never>'.
[typecheck]   …and 17 more
[stdout] build started...
[stdout] ✓ 1 modules transformed.
[stdout] dist/index.html                     0.43 kB │ gzip:   0.30 kB
[stdout] dist/assets/index-xZnqrnou.css     96.38 kB │ gzip:  13.68 kB
dist/assets/index-a_Ob6Cr_.js   2,668.93 kB │ gzip: 494.28 kB
[stdout] built in 11652ms.
[typecheck] ✗ tsc --noEmit found 27 type error(s) — these compile under Vite but will crash at runtime:
[typecheck]   src/generated/audit-entry.routes.ts(166,11): TS2322 Type 'any' is not assignable to type 'never'.
[typecheck]   src/generated/audit-entry.routes.ts(237,9): TS2322 Type 'Record<string, unknown>' is not assignable to type '(Without<AuditEntryCreateInput, AuditEntryUncheckedCreateInput> & AuditEntryUncheckedCreateInput) | (Without<...> & AuditEntryCreateInput)'.
[typecheck]   src/generated/competition-task.routes.ts(166,11): TS2322 Type 'any' is not assignable to type 'never'.
[typecheck]   src/generated/competition-task.routes.ts(237,9): TS2322 Type 'Record<string, unknown>' is not assignable to type '(Without<CompetitionTaskCreateInput, CompetitionTaskUncheckedCreateInput> & CompetitionTaskUncheckedCreateInput) | (Without<...> & CompetitionTaskCreateInput)'.
[typecheck]   src/generated/content-draft.routes.ts(166,11): TS2322 Type 'any' is not assignable to type 'never'.
[typecheck]   src/generated/content-draft.routes.ts(237,9): TS2322 Type 'Record<string, unknown>' is not assignable to type '(Without<ContentDraftCreateInput, ContentDraftUncheckedCreateInput> & ContentDraftUncheckedCreateInput) | (Without<...> & ContentDraftCreateInput)'.
[typecheck]   src/generated/contract-record.routes.ts(166,11): TS2322 Type 'any' is not assignable to type 'never'.
[typecheck]   src/generated/contract-record.routes.ts(237,9): TS2322 Type 'Record<string, unknown>' is not assignable to type '(Without<ContractRecordCreateInput, ContractRecordUncheckedCreateInput> & ContractRecordUncheckedCreateInput) | (Without<...> & ContractRecordCreateInput)'.
[typecheck]   src/generated/domain.ts(104,7): TS2353 Object literal may only specify known properties, and 'pendingDeletes' does not exist in type 'AnnotationsMap<this, never>'.
[typecheck]   src/generated/domain.ts(312,7): TS2353 Object literal may only specify known properties, and 'pendingDeletes' does not exist in type 'AnnotationsMap<this, never>'.
[typecheck]   …and 17 more
[stdout] build started...
[stdout] ✓ 1 modules transformed.
[stdout] dist/index.html                     0.43 kB │ gzip:   0.30 kB
[stdout] dist/assets/index-xZnqrnou.css     96.38 kB │ gzip:  13.68 kB
dist/assets/index-DYjnnZ2d.js   2,668.98 kB │ gzip: 494.29 kB
[stdout] built in 9638ms.
[stdout] build started...
[typecheck] ✗ tsc --noEmit found 27 type error(s) — these compile under Vite but will crash at runtime:
[typecheck]   src/generated/audit-entry.routes.ts(166,11): TS2322 Type 'any' is not assignable to type 'never'.
[typecheck]   src/generated/audit-entry.routes.ts(237,9): TS2322 Type 'Record<string, unknown>' is not assignable to type '(Without<AuditEntryCreateInput, AuditEntryUncheckedCreateInput> & AuditEntryUncheckedCreateInput) | (Without<...> & AuditEntryCreateInput)'.
[typecheck]   src/generated/competition-task.routes.ts(166,11): TS2322 Type 'any' is not assignable to type 'never'.
[typecheck]   src/generated/competition-task.routes.ts(237,9): TS2322 Type 'Record<string, unknown>' is not assignable to type '(Without<CompetitionTaskCreateInput, CompetitionTaskUncheckedCreateInput> & CompetitionTaskUncheckedCreateInput) | (Without<...> & CompetitionTaskCreateInput)'.
[typecheck]   src/generated/content-draft.routes.ts(166,11): TS2322 Type 'any' is not assignable to type 'never'.
[typecheck]   src/generated/content-draft.routes.ts(237,9): TS2322 Type 'Record<string, unknown>' is not assignable to type '(Without<ContentDraftCreateInput, ContentDraftUncheckedCreateInput> & ContentDraftUncheckedCreateInput) | (Without<...> & ContentDraftCreateInput)'.
[typecheck]   src/generated/contract-record.routes.ts(166,11): TS2322 Type 'any' is not assignable to type 'never'.
[typecheck]   src/generated/contract-record.routes.ts(237,9): TS2322 Type 'Record<string, unknown>' is not assignable to type '(Without<ContractRecordCreateInput, ContractRecordUncheckedCreateInput> & ContractRecordUncheckedCreateInput) | (Without<...> & ContractRecordCreateInput)'.
[typecheck]   src/generated/domain.ts(104,7): TS2353 Object literal may only specify known properties, and 'pendingDeletes' does not exist in type 'AnnotationsMap<this, never>'.
[typecheck]   src/generated/domain.ts(312,7): TS2353 Object literal may only specify known properties, and 'pendingDeletes' does not exist in type 'AnnotationsMap<this, never>'.
[typecheck]   …and 17 more
[stdout] ✓ 0 modules transformed.
[stdout] dist/index.html                     0.43 kB │ gzip:   0.30 kB
dist/assets/index-xZnqrnou.css     96.38 kB │ gzip:  13.68 kB
[stdout] dist/assets/index-a_Ob6Cr_.js   2,668.93 kB │ gzip: 494.28 kB
[stdout] built in 14117ms.
[typecheck] ✗ tsc --noEmit found 27 type error(s) — these compile under Vite but will crash at runtime:
[typecheck]   src/generated/audit-entry.routes.ts(166,11): TS2322 Type 'any' is not assignable to type 'never'.
[typecheck]   src/generated/audit-entry.routes.ts(237,9): TS2322 Type 'Record<string, unknown>' is not assignable to type '(Without<AuditEntryCreateInput, AuditEntryUncheckedCreateInput> & AuditEntryUncheckedCreateInput) | (Without<...> & AuditEntryCreateInput)'.
[typecheck]   src/generated/competition-task.routes.ts(166,11): TS2322 Type 'any' is not assignable to type 'never'.
[typecheck]   src/generated/competition-task.routes.ts(237,9): TS2322 Type 'Record<string, unknown>' is not assignable to type '(Without<CompetitionTaskCreateInput, CompetitionTaskUncheckedCreateInput> & CompetitionTaskUncheckedCreateInput) | (Without<...> & CompetitionTaskCreateInput)'.
[typecheck]   src/generated/content-draft.routes.ts(166,11): TS2322 Type 'any' is not assignable to type 'never'.
[typecheck]   src/generated/content-draft.routes.ts(237,9): TS2322 Type 'Record<string, unknown>' is not assignable to type '(Without<ContentDraftCreateInput, ContentDraftUncheckedCreateInput> & ContentDraftUncheckedCreateInput) | (Without<...> & ContentDraftCreateInput)'.
[typecheck]   src/generated/contract-record.routes.ts(166,11): TS2322 Type 'any' is not assignable to type 'never'.
[typecheck]   src/generated/contract-record.routes.ts(237,9): TS2322 Type 'Record<string, unknown>' is not assignable to type '(Without<ContractRecordCreateInput, ContractRecordUncheckedCreateInput> & ContractRecordUncheckedCreateInput) | (Without<...> & ContractRecordCreateInput)'.
[typecheck]   src/generated/domain.ts(104,7): TS2353 Object literal may only specify known properties, and 'pendingDeletes' does not exist in type 'AnnotationsMap<this, never>'.
[typecheck]   src/generated/domain.ts(312,7): TS2353 Object literal may only specify known properties, and 'pendingDeletes' does not exist in type 'AnnotationsMap<this, never>'.
[typecheck]   …and 17 more
[stdout] build started...
[stdout] ✓ 2 modules transformed.
[stdout] dist/index.html                     0.43 kB │ gzip:   0.30 kB
[stdout] dist/assets/index-xZnqrnou.css     96.38 kB │ gzip:  13.68 kB
dist/assets/index-DYjnnZ2d.js   2,668.98 kB │ gzip: 494.29 kB
[stdout] built in 14450ms.
[stdout] build started...
[stdout] ✓ 1 modules transformed.
[stdout] dist/index.html                     0.43 kB │ gzip:   0.30 kB
dist/assets/index-xZnqrnou.css     96.38 kB │ gzip:  13.68 kB
dist/assets/index-DmNRaBZC.js   2,668.98 kB │ gzip: 494.30 kB
[stdout] built in 12946ms.
[stdout] build started...
[typecheck] ✗ tsc --noEmit found 28 type error(s) — these compile under Vite but will crash at runtime:
[typecheck]   src/components/auri/Competition.tsx(384,30): TS2304 Cannot find name 'DemoPanel'.
[typecheck]   src/generated/audit-entry.routes.ts(166,11): TS2322 Type 'any' is not assignable to type 'never'.
[typecheck]   src/generated/audit-entry.routes.ts(237,9): TS2322 Type 'Record<string, unknown>' is not assignable to type '(Without<AuditEntryCreateInput, AuditEntryUncheckedCreateInput> & AuditEntryUncheckedCreateInput) | (Without<...> & AuditEntryCreateInput)'.
[typecheck]   src/generated/competition-task.routes.ts(166,11): TS2322 Type 'any' is not assignable to type 'never'.
[typecheck]   src/generated/competition-task.routes.ts(237,9): TS2322 Type 'Record<string, unknown>' is not assignable to type '(Without<CompetitionTaskCreateInput, CompetitionTaskUncheckedCreateInput> & CompetitionTaskUncheckedCreateInput) | (Without<...> & CompetitionTaskCreateInput)'.
[typecheck]   src/generated/content-draft.routes.ts(166,11): TS2322 Type 'any' is not assignable to type 'never'.
[typecheck]   src/generated/content-draft.routes.ts(237,9): TS2322 Type 'Record<string, unknown>' is not assignable to type '(Without<ContentDraftCreateInput, ContentDraftUncheckedCreateInput> & ContentDraftUncheckedCreateInput) | (Without<...> & ContentDraftCreateInput)'.
[typecheck]   src/generated/contract-record.routes.ts(166,11): TS2322 Type 'any' is not assignable to type 'never'.
[typecheck]   src/generated/contract-record.routes.ts(237,9): TS2322 Type 'Record<string, unknown>' is not assignable to type '(Without<ContractRecordCreateInput, ContractRecordUncheckedCreateInput> & ContractRecordUncheckedCreateInput) | (Without<...> & ContractRecordCreateInput)'.
[typecheck]   src/generated/domain.ts(104,7): TS2353 Object literal may only specify known properties, and 'pendingDeletes' does not exist in type 'AnnotationsMap<this, never>'.
[typecheck]   …and 18 more
[stdout] ✓ 1 modules transformed.
[typecheck] ✗ tsc --noEmit found 28 type error(s) — these compile under Vite but will crash at runtime:
[typecheck]   src/components/auri/Competition.tsx(384,30): TS2304 Cannot find name 'DemoPanel'.
[typecheck]   src/generated/audit-entry.routes.ts(166,11): TS2322 Type 'any' is not assignable to type 'never'.
[typecheck]   src/generated/audit-entry.routes.ts(237,9): TS2322 Type 'Record<string, unknown>' is not assignable to type '(Without<AuditEntryCreateInput, AuditEntryUncheckedCreateInput> & AuditEntryUncheckedCreateInput) | (Without<...> & AuditEntryCreateInput)'.
[typecheck]   src/generated/competition-task.routes.ts(166,11): TS2322 Type 'any' is not assignable to type 'never'.
[typecheck]   src/generated/competition-task.routes.ts(237,9): TS2322 Type 'Record<string, unknown>' is not assignable to type '(Without<CompetitionTaskCreateInput, CompetitionTaskUncheckedCreateInput> & CompetitionTaskUncheckedCreateInput) | (Without<...> & CompetitionTaskCreateInput)'.
[typecheck]   src/generated/content-draft.routes.ts(166,11): TS2322 Type 'any' is not assignable to type 'never'.
[typecheck]   src/generated/content-draft.routes.ts(237,9): TS2322 Type 'Record<string, unknown>' is not assignable to type '(Without<ContentDraftCreateInput, ContentDraftUncheckedCreateInput> & ContentDraftUncheckedCreateInput) | (Without<...> & ContentDraftCreateInput)'.
[typecheck]   src/generated/contract-record.routes.ts(166,11): TS2322 Type 'any' is not assignable to type 'never'.
[typecheck]   src/generated/contract-record.routes.ts(237,9): TS2322 Type 'Record<string, unknown>' is not assignable to type '(Without<ContractRecordCreateInput, ContractRecordUncheckedCreateInput> & ContractRecordUncheckedCreateInput) | (Without<...> & ContractRecordCreateInput)'.
[typecheck]   src/generated/domain.ts(104,7): TS2353 Object literal may only specify known properties, and 'pendingDeletes' does not exist in type 'AnnotationsMap<this, never>'.
[typecheck]   …and 18 more
[stdout] dist/index.html                     0.43 kB │ gzip:   0.30 kB
dist/assets/index-xZnqrnou.css     96.38 kB │ gzip:  13.68 kB
dist/assets/index-DrJGgXzz.js   2,669.26 kB │ gzip: 494.35 kB
[stdout] built in 17407ms.
[stdout] build started...
[stdout] ✓ 2 modules transformed.
[typecheck] ✗ tsc --noEmit found 27 type error(s) — these compile under Vite but will crash at runtime:
[typecheck]   src/generated/audit-entry.routes.ts(166,11): TS2322 Type 'any' is not assignable to type 'never'.
[typecheck]   src/generated/audit-entry.routes.ts(237,9): TS2322 Type 'Record<string, unknown>' is not assignable to type '(Without<AuditEntryCreateInput, AuditEntryUncheckedCreateInput> & AuditEntryUncheckedCreateInput) | (Without<...> & AuditEntryCreateInput)'.
[typecheck]   src/generated/competition-task.routes.ts(166,11): TS2322 Type 'any' is not assignable to type 'never'.
[typecheck]   src/generated/competition-task.routes.ts(237,9): TS2322 Type 'Record<string, unknown>' is not assignable to type '(Without<CompetitionTaskCreateInput, CompetitionTaskUncheckedCreateInput> & CompetitionTaskUncheckedCreateInput) | (Without<...> & CompetitionTaskCreateInput)'.
[typecheck]   src/generated/content-draft.routes.ts(166,11): TS2322 Type 'any' is not assignable to type 'never'.
[typecheck]   src/generated/content-draft.routes.ts(237,9): TS2322 Type 'Record<string, unknown>' is not assignable to type '(Without<ContentDraftCreateInput, ContentDraftUncheckedCreateInput> & ContentDraftUncheckedCreateInput) | (Without<...> & ContentDraftCreateInput)'.
[typecheck]   src/generated/contract-record.routes.ts(166,11): TS2322 Type 'any' is not assignable to type 'never'.
[typecheck]   src/generated/contract-record.routes.ts(237,9): TS2322 Type 'Record<string, unknown>' is not assignable to type '(Without<ContractRecordCreateInput, ContractRecordUncheckedCreateInput> & ContractRecordUncheckedCreateInput) | (Without<...> & ContractRecordCreateInput)'.
[typecheck]   src/generated/domain.ts(104,7): TS2353 Object literal may only specify known properties, and 'pendingDeletes' does not exist in type 'AnnotationsMap<this, never>'.
[typecheck]   src/generated/domain.ts(312,7): TS2353 Object literal may only specify known properties, and 'pendingDeletes' does not exist in type 'AnnotationsMap<this, never>'.
[typecheck]   …and 17 more
[stdout] dist/index.html                     0.43 kB │ gzip:   0.30 kB
dist/assets/index-CU8EUCaa.css     97.69 kB │ gzip:  13.80 kB
dist/assets/index-xnCQxZjD.js   2,692.21 kB │ gzip: 497.02 kB
[stdout] built in 17872ms.
[typecheck] ✗ tsc --noEmit found 27 type error(s) — these compile under Vite but will crash at runtime:
[typecheck]   src/generated/audit-entry.routes.ts(166,11): TS2322 Type 'any' is not assignable to type 'never'.
[typecheck]   src/generated/audit-entry.routes.ts(237,9): TS2322 Type 'Record<string, unknown>' is not assignable to type '(Without<AuditEntryCreateInput, AuditEntryUncheckedCreateInput> & AuditEntryUncheckedCreateInput) | (Without<...> & AuditEntryCreateInput)'.
[typecheck]   src/generated/competition-task.routes.ts(166,11): TS2322 Type 'any' is not assignable to type 'never'.
[typecheck]   src/generated/competition-task.routes.ts(237,9): TS2322 Type 'Record<string, unknown>' is not assignable to type '(Without<CompetitionTaskCreateInput, CompetitionTaskUncheckedCreateInput> & CompetitionTaskUncheckedCreateInput) | (Without<...> & CompetitionTaskCreateInput)'.
[typecheck]   src/generated/content-draft.routes.ts(166,11): TS2322 Type 'any' is not assignable to type 'never'.
[typecheck]   src/generated/content-draft.routes.ts(237,9): TS2322 Type 'Record<string, unknown>' is not assignable to type '(Without<ContentDraftCreateInput, ContentDraftUncheckedCreateInput> & ContentDraftUncheckedCreateInput) | (Without<...> & ContentDraftCreateInput)'.
[typecheck]   src/generated/contract-record.routes.ts(166,11): TS2322 Type 'any' is not assignable to type 'never'.
[typecheck]   src/generated/contract-record.routes.ts(237,9): TS2322 Type 'Record<string, unknown>' is not assignable to type '(Without<ContractRecordCreateInput, ContractRecordUncheckedCreateInput> & ContractRecordUncheckedCreateInput) | (Without<...> & ContractRecordCreateInput)'.
[typecheck]   src/generated/domain.ts(104,7): TS2353 Object literal may only specify known properties, and 'pendingDeletes' does not exist in type 'AnnotationsMap<this, never>'.
[typecheck]   src/generated/domain.ts(312,7): TS2353 Object literal may only specify known properties, and 'pendingDeletes' does not exist in type 'AnnotationsMap<this, never>'.
[typecheck]   …and 17 more
[stdout] build started...
[stdout] ✓ 2 modules transformed.
[stdout] dist/index.html                     0.43 kB │ gzip:   0.30 kB
[stdout] dist/assets/index-CU8EUCaa.css     97.69 kB │ gzip:  13.80 kB
[stdout] dist/assets/index-dlKEb0Qd.js   2,692.34 kB │ gzip: 497.05 kB
[stdout] built in 12879ms.
[stdout] build started...
[stdout] ✓ 2 modules transformed.
[stdout] dist/index.html                     0.43 kB │ gzip:   0.30 kB
[stdout] dist/assets/index-CU8EUCaa.css     97.69 kB │ gzip:  13.80 kB
dist/assets/index-BmWP1EyE.js   2,692.96 kB │ gzip: 497.13 kB
[stdout] built in 14814ms.
[typecheck] ✗ tsc --noEmit found 27 type error(s) — these compile under Vite but will crash at runtime:
[typecheck]   src/generated/audit-entry.routes.ts(166,11): TS2322 Type 'any' is not assignable to type 'never'.
[typecheck]   src/generated/audit-entry.routes.ts(237,9): TS2322 Type 'Record<string, unknown>' is not assignable to type '(Without<AuditEntryCreateInput, AuditEntryUncheckedCreateInput> & AuditEntryUncheckedCreateInput) | (Without<...> & AuditEntryCreateInput)'.
[typecheck]   src/generated/competition-task.routes.ts(166,11): TS2322 Type 'any' is not assignable to type 'never'.
[typecheck]   src/generated/competition-task.routes.ts(237,9): TS2322 Type 'Record<string, unknown>' is not assignable to type '(Without<CompetitionTaskCreateInput, CompetitionTaskUncheckedCreateInput> & CompetitionTaskUncheckedCreateInput) | (Without<...> & CompetitionTaskCreateInput)'.
[typecheck]   src/generated/content-draft.routes.ts(166,11): TS2322 Type 'any' is not assignable to type 'never'.
[typecheck]   src/generated/content-draft.routes.ts(237,9): TS2322 Type 'Record<string, unknown>' is not assignable to type '(Without<ContentDraftCreateInput, ContentDraftUncheckedCreateInput> & ContentDraftUncheckedCreateInput) | (Without<...> & ContentDraftCreateInput)'.
[typecheck]   src/generated/contract-record.routes.ts(166,11): TS2322 Type 'any' is not assignable to type 'never'.
[typecheck]   src/generated/contract-record.routes.ts(237,9): TS2322 Type 'Record<string, unknown>' is not assignable to type '(Without<ContractRecordCreateInput, ContractRecordUncheckedCreateInput> & ContractRecordUncheckedCreateInput) | (Without<...> & ContractRecordCreateInput)'.
[typecheck]   src/generated/domain.ts(104,7): TS2353 Object literal may only specify known properties, and 'pendingDeletes' does not exist in type 'AnnotationsMap<this, never>'.
[typecheck]   src/generated/domain.ts(312,7): TS2353 Object literal may only specify known properties, and 'pendingDeletes' does not exist in type 'AnnotationsMap<this, never>'.
[typecheck]   …and 17 more
[stdout] build started...
[typecheck] ✗ tsc --noEmit found 27 type error(s) — these compile under Vite but will crash at runtime:
[typecheck]   src/generated/audit-entry.routes.ts(166,11): TS2322 Type 'any' is not assignable to type 'never'.
[typecheck]   src/generated/audit-entry.routes.ts(237,9): TS2322 Type 'Record<string, unknown>' is not assignable to type '(Without<AuditEntryCreateInput, AuditEntryUncheckedCreateInput> & AuditEntryUncheckedCreateInput) | (Without<...> & AuditEntryCreateInput)'.
[typecheck]   src/generated/competition-task.routes.ts(166,11): TS2322 Type 'any' is not assignable to type 'never'.
[typecheck]   src/generated/competition-task.routes.ts(237,9): TS2322 Type 'Record<string, unknown>' is not assignable to type '(Without<CompetitionTaskCreateInput, CompetitionTaskUncheckedCreateInput> & CompetitionTaskUncheckedCreateInput) | (Without<...> & CompetitionTaskCreateInput)'.
[typecheck]   src/generated/content-draft.routes.ts(166,11): TS2322 Type 'any' is not assignable to type 'never'.
[typecheck]   src/generated/content-draft.routes.ts(237,9): TS2322 Type 'Record<string, unknown>' is not assignable to type '(Without<ContentDraftCreateInput, ContentDraftUncheckedCreateInput> & ContentDraftUncheckedCreateInput) | (Without<...> & ContentDraftCreateInput)'.
[typecheck]   src/generated/contract-record.routes.ts(166,11): TS2322 Type 'any' is not assignable to type 'never'.
[typecheck]   src/generated/contract-record.routes.ts(237,9): TS2322 Type 'Record<string, unknown>' is not assignable to type '(Without<ContractRecordCreateInput, ContractRecordUncheckedCreateInput> & ContractRecordUncheckedCreateInput) | (Without<...> & ContractRecordCreateInput)'.
[typecheck]   src/generated/domain.ts(104,7): TS2353 Object literal may only specify known properties, and 'pendingDeletes' does not exist in type 'AnnotationsMap<this, never>'.
[typecheck]   src/generated/domain.ts(312,7): TS2353 Object literal may only specify known properties, and 'pendingDeletes' does not exist in type 'AnnotationsMap<this, never>'.
[typecheck]   …and 17 more
[stdout] ✓ 2 modules transformed.
[stdout] dist/index.html                     0.43 kB │ gzip:   0.30 kB
[stdout] dist/assets/index-CU8EUCaa.css     97.69 kB │ gzip:  13.80 kB
dist/assets/index-CYYeqPiN.js   2,693.09 kB │ gzip: 497.13 kB
[stdout] built in 12146ms.
[typecheck] ✗ tsc --noEmit found 27 type error(s) — these compile under Vite but will crash at runtime:
[typecheck]   src/generated/audit-entry.routes.ts(166,11): TS2322 Type 'any' is not assignable to type 'never'.
[typecheck]   src/generated/audit-entry.routes.ts(237,9): TS2322 Type 'Record<string, unknown>' is not assignable to type '(Without<AuditEntryCreateInput, AuditEntryUncheckedCreateInput> & AuditEntryUncheckedCreateInput) | (Without<...> & AuditEntryCreateInput)'.
[typecheck]   src/generated/competition-task.routes.ts(166,11): TS2322 Type 'any' is not assignable to type 'never'.
[typecheck]   src/generated/competition-task.routes.ts(237,9): TS2322 Type 'Record<string, unknown>' is not assignable to type '(Without<CompetitionTaskCreateInput, CompetitionTaskUncheckedCreateInput> & CompetitionTaskUncheckedCreateInput) | (Without<...> & CompetitionTaskCreateInput)'.
[typecheck]   src/generated/content-draft.routes.ts(166,11): TS2322 Type 'any' is not assignable to type 'never'.
[typecheck]   src/generated/content-draft.routes.ts(237,9): TS2322 Type 'Record<string, unknown>' is not assignable to type '(Without<ContentDraftCreateInput, ContentDraftUncheckedCreateInput> & ContentDraftUncheckedCreateInput) | (Without<...> & ContentDraftCreateInput)'.
[typecheck]   src/generated/contract-record.routes.ts(166,11): TS2322 Type 'any' is not assignable to type 'never'.
[typecheck]   src/generated/contract-record.routes.ts(237,9): TS2322 Type 'Record<string, unknown>' is not assignable to type '(Without<ContractRecordCreateInput, ContractRecordUncheckedCreateInput> & ContractRecordUncheckedCreateInput) | (Without<...> & ContractRecordCreateInput)'.
[typecheck]   src/generated/domain.ts(104,7): TS2353 Object literal may only specify known properties, and 'pendingDeletes' does not exist in type 'AnnotationsMap<this, never>'.
[typecheck]   src/generated/domain.ts(312,7): TS2353 Object literal may only specify known properties, and 'pendingDeletes' does not exist in type 'AnnotationsMap<this, never>'.
[typecheck]   …and 17 more
[stdout] build started...
[stdout] ✓ 1 modules transformed.
[stdout] dist/index.html                     0.43 kB │ gzip:   0.30 kB
[stdout] dist/assets/index-CU8EUCaa.css     97.69 kB │ gzip:  13.80 kB
[stdout] dist/assets/index-aS7WDw8V.js   2,693.04 kB │ gzip: 497.13 kB
[stdout] built in 12543ms.
[typecheck] ✗ tsc --noEmit found 27 type error(s) — these compile under Vite but will crash at runtime:
[typecheck]   src/generated/audit-entry.routes.ts(166,11): TS2322 Type 'any' is not assignable to type 'never'.
[typecheck]   src/generated/audit-entry.routes.ts(237,9): TS2322 Type 'Record<string, unknown>' is not assignable to type '(Without<AuditEntryCreateInput, AuditEntryUncheckedCreateInput> & AuditEntryUncheckedCreateInput) | (Without<...> & AuditEntryCreateInput)'.
[typecheck]   src/generated/competition-task.routes.ts(166,11): TS2322 Type 'any' is not assignable to type 'never'.
[typecheck]   src/generated/competition-task.routes.ts(237,9): TS2322 Type 'Record<string, unknown>' is not assignable to type '(Without<CompetitionTaskCreateInput, CompetitionTaskUncheckedCreateInput> & CompetitionTaskUncheckedCreateInput) | (Without<...> & CompetitionTaskCreateInput)'.
[typecheck]   src/generated/content-draft.routes.ts(166,11): TS2322 Type 'any' is not assignable to type 'never'.
[typecheck]   src/generated/content-draft.routes.ts(237,9): TS2322 Type 'Record<string, unknown>' is not assignable to type '(Without<ContentDraftCreateInput, ContentDraftUncheckedCreateInput> & ContentDraftUncheckedCreateInput) | (Without<...> & ContentDraftCreateInput)'.
[typecheck]   src/generated/contract-record.routes.ts(166,11): TS2322 Type 'any' is not assignable to type 'never'.
[typecheck]   src/generated/contract-record.routes.ts(237,9): TS2322 Type 'Record<string, unknown>' is not assignable to type '(Without<ContractRecordCreateInput, ContractRecordUncheckedCreateInput> & ContractRecordUncheckedCreateInput) | (Without<...> & ContractRecordCreateInput)'.
[typecheck]   src/generated/domain.ts(104,7): TS2353 Object literal may only specify known properties, and 'pendingDeletes' does not exist in type 'AnnotationsMap<this, never>'.
[typecheck]   src/generated/domain.ts(312,7): TS2353 Object literal may only specify known properties, and 'pendingDeletes' does not exist in type 'AnnotationsMap<this, never>'.
[typecheck]   …and 17 more
[stdout] build started...
[stdout] ✓ 1 modules transformed.
[stdout] dist/index.html                     0.43 kB │ gzip:   0.30 kB
dist/assets/index-CU8EUCaa.css     97.69 kB │ gzip:  13.80 kB
[stdout] dist/assets/index-CYYeqPiN.js   2,693.09 kB │ gzip: 497.13 kB
[stdout] built in 10386ms.
[typecheck] ✗ tsc --noEmit found 27 type error(s) — these compile under Vite but will crash at runtime:
[typecheck]   src/generated/audit-entry.routes.ts(166,11): TS2322 Type 'any' is not assignable to type 'never'.
[typecheck]   src/generated/audit-entry.routes.ts(237,9): TS2322 Type 'Record<string, unknown>' is not assignable to type '(Without<AuditEntryCreateInput, AuditEntryUncheckedCreateInput> & AuditEntryUncheckedCreateInput) | (Without<...> & AuditEntryCreateInput)'.
[typecheck]   src/generated/competition-task.routes.ts(166,11): TS2322 Type 'any' is not assignable to type 'never'.
[typecheck]   src/generated/competition-task.routes.ts(237,9): TS2322 Type 'Record<string, unknown>' is not assignable to type '(Without<CompetitionTaskCreateInput, CompetitionTaskUncheckedCreateInput> & CompetitionTaskUncheckedCreateInput) | (Without<...> & CompetitionTaskCreateInput)'.
[typecheck]   src/generated/content-draft.routes.ts(166,11): TS2322 Type 'any' is not assignable to type 'never'.
[typecheck]   src/generated/content-draft.routes.ts(237,9): TS2322 Type 'Record<string, unknown>' is not assignable to type '(Without<ContentDraftCreateInput, ContentDraftUncheckedCreateInput> & ContentDraftUncheckedCreateInput) | (Without<...> & ContentDraftCreateInput)'.
[typecheck]   src/generated/contract-record.routes.ts(166,11): TS2322 Type 'any' is not assignable to type 'never'.
[typecheck]   src/generated/contract-record.routes.ts(237,9): TS2322 Type 'Record<string, unknown>' is not assignable to type '(Without<ContractRecordCreateInput, ContractRecordUncheckedCreateInput> & ContractRecordUncheckedCreateInput) | (Without<...> & ContractRecordCreateInput)'.
[typecheck]   src/generated/domain.ts(104,7): TS2353 Object literal may only specify known properties, and 'pendingDeletes' does not exist in type 'AnnotationsMap<this, never>'.
[typecheck]   src/generated/domain.ts(312,7): TS2353 Object literal may only specify known properties, and 'pendingDeletes' does not exist in type 'AnnotationsMap<this, never>'.
[typecheck]   …and 17 more
[api-stdout] 🚀 Server running on http://localhost:3001
[stdout] build started...
[stdout] ✓ 1 modules transformed.
[stdout] dist/index.html                     0.43 kB │ gzip:   0.30 kB
[stdout] dist/assets/index-CU8EUCaa.css     97.69 kB │ gzip:  13.80 kB
[stdout] dist/assets/index-aS7WDw8V.js   2,693.04 kB │ gzip: 497.13 kB
[stdout] built in 15758ms.
[stdout] build started...
[stdout] ✓ 0 modules transformed.
[typecheck] ✗ tsc --noEmit found 27 type error(s) — these compile under Vite but will crash at runtime:
[typecheck]   src/generated/audit-entry.routes.ts(166,11): TS2322 Type 'any' is not assignable to type 'never'.
[typecheck]   src/generated/audit-entry.routes.ts(237,9): TS2322 Type 'Record<string, unknown>' is not assignable to type '(Without<AuditEntryCreateInput, AuditEntryUncheckedCreateInput> & AuditEntryUncheckedCreateInput) | (Without<...> & AuditEntryCreateInput)'.
[typecheck]   src/generated/competition-task.routes.ts(166,11): TS2322 Type 'any' is not assignable to type 'never'.
[typecheck]   src/generated/competition-task.routes.ts(237,9): TS2322 Type 'Record<string, unknown>' is not assignable to type '(Without<CompetitionTaskCreateInput, CompetitionTaskUncheckedCreateInput> & CompetitionTaskUncheckedCreateInput) | (Without<...> & CompetitionTaskCreateInput)'.
[typecheck]   src/generated/content-draft.routes.ts(166,11): TS2322 Type 'any' is not assignable to type 'never'.
[typecheck]   src/generated/content-draft.routes.ts(237,9): TS2322 Type 'Record<string, unknown>' is not assignable to type '(Without<ContentDraftCreateInput, ContentDraftUncheckedCreateInput> & ContentDraftUncheckedCreateInput) | (Without<...> & ContentDraftCreateInput)'.
[typecheck]   src/generated/contract-record.routes.ts(166,11): TS2322 Type 'any' is not assignable to type 'never'.
[typecheck]   src/generated/contract-record.routes.ts(237,9): TS2322 Type 'Record<string, unknown>' is not assignable to type '(Without<ContractRecordCreateInput, ContractRecordUncheckedCreateInput> & ContractRecordUncheckedCreateInput) | (Without<...> & ContractRecordCreateInput)'.
[typecheck]   src/generated/domain.ts(104,7): TS2353 Object literal may only specify known properties, and 'pendingDeletes' does not exist in type 'AnnotationsMap<this, never>'.
[typecheck]   src/generated/domain.ts(312,7): TS2353 Object literal may only specify known properties, and 'pendingDeletes' does not exist in type 'AnnotationsMap<this, never>'.
[typecheck]   …and 17 more
[stdout] dist/index.html                     0.43 kB │ gzip:   0.30 kB
dist/assets/index-CU8EUCaa.css     97.69 kB │ gzip:  13.80 kB
[stdout] dist/assets/index-CYYeqPiN.js   2,693.09 kB │ gzip: 497.13 kB
[stdout] built in 15659ms.
[typecheck] ✗ tsc --noEmit found 27 type error(s) — these compile under Vite but will crash at runtime:
[typecheck]   src/generated/audit-entry.routes.ts(166,11): TS2322 Type 'any' is not assignable to type 'never'.
[typecheck]   src/generated/audit-entry.routes.ts(237,9): TS2322 Type 'Record<string, unknown>' is not assignable to type '(Without<AuditEntryCreateInput, AuditEntryUncheckedCreateInput> & AuditEntryUncheckedCreateInput) | (Without<...> & AuditEntryCreateInput)'.
[typecheck]   src/generated/competition-task.routes.ts(166,11): TS2322 Type 'any' is not assignable to type 'never'.
[typecheck]   src/generated/competition-task.routes.ts(237,9): TS2322 Type 'Record<string, unknown>' is not assignable to type '(Without<CompetitionTaskCreateInput, CompetitionTaskUncheckedCreateInput> & CompetitionTaskUncheckedCreateInput) | (Without<...> & CompetitionTaskCreateInput)'.
[typecheck]   src/generated/content-draft.routes.ts(166,11): TS2322 Type 'any' is not assignable to type 'never'.
[typecheck]   src/generated/content-draft.routes.ts(237,9): TS2322 Type 'Record<string, unknown>' is not assignable to type '(Without<ContentDraftCreateInput, ContentDraftUncheckedCreateInput> & ContentDraftUncheckedCreateInput) | (Without<...> & ContentDraftCreateInput)'.
[typecheck]   src/generated/contract-record.routes.ts(166,11): TS2322 Type 'any' is not assignable to type 'never'.
[typecheck]   src/generated/contract-record.routes.ts(237,9): TS2322 Type 'Record<string, unknown>' is not assignable to type '(Without<ContractRecordCreateInput, ContractRecordUncheckedCreateInput> & ContractRecordUncheckedCreateInput) | (Without<...> & ContractRecordCreateInput)'.
[typecheck]   src/generated/domain.ts(104,7): TS2353 Object literal may only specify known properties, and 'pendingDeletes' does not exist in type 'AnnotationsMap<this, never>'.
[typecheck]   src/generated/domain.ts(312,7): TS2353 Object literal may only specify known properties, and 'pendingDeletes' does not exist in type 'AnnotationsMap<this, never>'.
[typecheck]   …and 17 more
[api-stdout] 🚀 Server running on http://localhost:3001
[stdout] build started...
[stdout] ✓ 1 modules transformed.
[stdout] dist/index.html                     0.43 kB │ gzip:   0.30 kB
[stdout] dist/assets/index-CU8EUCaa.css     97.69 kB │ gzip:  13.80 kB
dist/assets/index-aS7WDw8V.js   2,693.04 kB │ gzip: 497.13 kB
[stdout] built in 16782ms.
[stdout] build started...
[typecheck] ✗ tsc --noEmit found 27 type error(s) — these compile under Vite but will crash at runtime:
[typecheck]   src/generated/audit-entry.routes.ts(166,11): TS2322 Type 'any' is not assignable to type 'never'.
[typecheck]   src/generated/audit-entry.routes.ts(237,9): TS2322 Type 'Record<string, unknown>' is not assignable to type '(Without<AuditEntryCreateInput, AuditEntryUncheckedCreateInput> & AuditEntryUncheckedCreateInput) | (Without<...> & AuditEntryCreateInput)'.
[typecheck]   src/generated/competition-task.routes.ts(166,11): TS2322 Type 'any' is not assignable to type 'never'.
[typecheck]   src/generated/competition-task.routes.ts(237,9): TS2322 Type 'Record<string, unknown>' is not assignable to type '(Without<CompetitionTaskCreateInput, CompetitionTaskUncheckedCreateInput> & CompetitionTaskUncheckedCreateInput) | (Without<...> & CompetitionTaskCreateInput)'.
[typecheck]   src/generated/content-draft.routes.ts(166,11): TS2322 Type 'any' is not assignable to type 'never'.
[typecheck]   src/generated/content-draft.routes.ts(237,9): TS2322 Type 'Record<string, unknown>' is not assignable to type '(Without<ContentDraftCreateInput, ContentDraftUncheckedCreateInput> & ContentDraftUncheckedCreateInput) | (Without<...> & ContentDraftCreateInput)'.
[typecheck]   src/generated/contract-record.routes.ts(166,11): TS2322 Type 'any' is not assignable to type 'never'.
[typecheck]   src/generated/contract-record.routes.ts(237,9): TS2322 Type 'Record<string, unknown>' is not assignable to type '(Without<ContractRecordCreateInput, ContractRecordUncheckedCreateInput> & ContractRecordUncheckedCreateInput) | (Without<...> & ContractRecordCreateInput)'.
[typecheck]   src/generated/domain.ts(104,7): TS2353 Object literal may only specify known properties, and 'pendingDeletes' does not exist in type 'AnnotationsMap<this, never>'.
[typecheck]   src/generated/domain.ts(312,7): TS2353 Object literal may only specify known properties, and 'pendingDeletes' does not exist in type 'AnnotationsMap<this, never>'.
[typecheck]   …and 17 more
[stdout] ✓ 0 modules transformed.
[stdout] dist/index.html                     0.43 kB │ gzip:   0.30 kB
dist/assets/index-CU8EUCaa.css     97.69 kB │ gzip:  13.80 kB
dist/assets/index-CYYeqPiN.js   2,693.09 kB │ gzip: 497.13 kB
[stdout] built in 18438ms.
[stdout] build started...
[stdout] ✓ 0 modules transformed.
[typecheck] ✗ tsc --noEmit found 27 type error(s) — these compile under Vite but will crash at runtime:
[typecheck]   src/generated/audit-entry.routes.ts(166,11): TS2322 Type 'any' is not assignable to type 'never'.
[typecheck]   src/generated/audit-entry.routes.ts(237,9): TS2322 Type 'Record<string, unknown>' is not assignable to type '(Without<AuditEntryCreateInput, AuditEntryUncheckedCreateInput> & AuditEntryUncheckedCreateInput) | (Without<...> & AuditEntryCreateInput)'.
[typecheck]   src/generated/competition-task.routes.ts(166,11): TS2322 Type 'any' is not assignable to type 'never'.
[typecheck]   src/generated/competition-task.routes.ts(237,9): TS2322 Type 'Record<string, unknown>' is not assignable to type '(Without<CompetitionTaskCreateInput, CompetitionTaskUncheckedCreateInput> & CompetitionTaskUncheckedCreateInput) | (Without<...> & CompetitionTaskCreateInput)'.
[typecheck]   src/generated/content-draft.routes.ts(166,11): TS2322 Type 'any' is not assignable to type 'never'.
[typecheck]   src/generated/content-draft.routes.ts(237,9): TS2322 Type 'Record<string, unknown>' is not assignable to type '(Without<ContentDraftCreateInput, ContentDraftUncheckedCreateInput> & ContentDraftUncheckedCreateInput) | (Without<...> & ContentDraftCreateInput)'.
[typecheck]   src/generated/contract-record.routes.ts(166,11): TS2322 Type 'any' is not assignable to type 'never'.
[typecheck]   src/generated/contract-record.routes.ts(237,9): TS2322 Type 'Record<string, unknown>' is not assignable to type '(Without<ContractRecordCreateInput, ContractRecordUncheckedCreateInput> & ContractRecordUncheckedCreateInput) | (Without<...> & ContractRecordCreateInput)'.
[typecheck]   src/generated/domain.ts(104,7): TS2353 Object literal may only specify known properties, and 'pendingDeletes' does not exist in type 'AnnotationsMap<this, never>'.
[typecheck]   src/generated/domain.ts(312,7): TS2353 Object literal may only specify known properties, and 'pendingDeletes' does not exist in type 'AnnotationsMap<this, never>'.
[typecheck]   …and 17 more
[stdout] dist/index.html                     0.43 kB │ gzip:   0.30 kB
[stdout] dist/assets/index-CU8EUCaa.css     97.69 kB │ gzip:  13.80 kB
[stdout] dist/assets/index-aS7WDw8V.js   2,693.04 kB │ gzip: 497.13 kB
[stdout] built in 14767ms.
[typecheck] ✗ tsc --noEmit found 27 type error(s) — these compile under Vite but will crash at runtime:
[typecheck]   src/generated/audit-entry.routes.ts(166,11): TS2322 Type 'any' is not assignable to type 'never'.
[typecheck]   src/generated/audit-entry.routes.ts(237,9): TS2322 Type 'Record<string, unknown>' is not assignable to type '(Without<AuditEntryCreateInput, AuditEntryUncheckedCreateInput> & AuditEntryUncheckedCreateInput) | (Without<...> & AuditEntryCreateInput)'.
[typecheck]   src/generated/competition-task.routes.ts(166,11): TS2322 Type 'any' is not assignable to type 'never'.
[typecheck]   src/generated/competition-task.routes.ts(237,9): TS2322 Type 'Record<string, unknown>' is not assignable to type '(Without<CompetitionTaskCreateInput, CompetitionTaskUncheckedCreateInput> & CompetitionTaskUncheckedCreateInput) | (Without<...> & CompetitionTaskCreateInput)'.
[typecheck]   src/generated/content-draft.routes.ts(166,11): TS2322 Type 'any' is not assignable to type 'never'.
[typecheck]   src/generated/content-draft.routes.ts(237,9): TS2322 Type 'Record<string, unknown>' is not assignable to type '(Without<ContentDraftCreateInput, ContentDraftUncheckedCreateInput> & ContentDraftUncheckedCreateInput) | (Without<...> & ContentDraftCreateInput)'.
[typecheck]   src/generated/contract-record.routes.ts(166,11): TS2322 Type 'any' is not assignable to type 'never'.
[typecheck]   src/generated/contract-record.routes.ts(237,9): TS2322 Type 'Record<string, unknown>' is not assignable to type '(Without<ContractRecordCreateInput, ContractRecordUncheckedCreateInput> & ContractRecordUncheckedCreateInput) | (Without<...> & ContractRecordCreateInput)'.
[typecheck]   src/generated/domain.ts(104,7): TS2353 Object literal may only specify known properties, and 'pendingDeletes' does not exist in type 'AnnotationsMap<this, never>'.
[typecheck]   src/generated/domain.ts(312,7): TS2353 Object literal may only specify known properties, and 'pendingDeletes' does not exist in type 'AnnotationsMap<this, never>'.
[typecheck]   …and 17 more
[api-stdout] 🚀 Server running on http://localhost:3001
[api-stdout] 🚀 Server running on http://localhost:3001
[api-stderr] 49 | app.get('*', serveStatic({ path: './dist/index.html' }))
50 | 
51 | const port = Number(process.env.PORT) || 3001
52 | console.log(`🚀 Server running on http://localhost:${port}`)
53 | 
54 | Bun.serve({ port, fetch: app.fetch })
         ^
error: Failed to start server. Is port 3001 in use?
 syscall: "listen",
   errno: 0,
    code: "EADDRINUSE"

      at /app/workspace/server.tsx:54:5

Bun v1.3.11 (Linux x64)
[api-stdout] 🚀 Server running on http://localhost:3001
[stdout] build started...
[api-stdout] 🚀 Server running on http://localhost:3001
[api-stdout] 🚀 Server running on http://localhost:3001
[api-stderr] 49 | app.get('*', serveStatic({ path: './dist/index.html' }))
50 | 
51 | const port = Number(process.env.PORT) || 3001
52 | console.log(`🚀 Server running on http://localhost:${port}`)
53 | 
54 | Bun.serve({ port, fetch: app.fetch })
         ^
error: Failed to start server. Is port 3001 in use?
 syscall: "listen",
   errno: 0,
    code: "EADDRINUSE"

      at /app/workspace/server.tsx:54:5

Bun v1.3.11 (Linux x64)
[stdout] ✓ 2 modules transformed.
[stdout] dist/index.html                     0.43 kB │ gzip:   0.30 kB
dist/assets/index-CU8EUCaa.css     97.69 kB │ gzip:  13.80 kB
[stdout] dist/assets/index-cHqoSvBV.js   2,693.31 kB │ gzip: 497.18 kB
[api-stdout] 🚀 Server running on http://localhost:3001
[stdout] built in 14549ms.
[stdout] build started...
[api-stdout] 🚀 Server running on http://localhost:3001
[api-stdout] 🚀 Server running on http://localhost:3001
[api-stderr] 49 | app.get('*', serveStatic({ path: './dist/index.html' }))
50 | 
51 | const port = Number(process.env.PORT) || 3001
52 | console.log(`🚀 Server running on http://localhost:${port}`)
53 | 
54 | Bun.serve({ port, fetch: app.fetch })
         ^
error: Failed to start server. Is port 3001 in use?
 syscall: "listen",
   errno: 0,
    code: "EADDRINUSE"

      at /app/workspace/server.tsx:54:5
[api-stderr] Bun v1.3.11 (Linux x64)
[api-stdout] 🚀 Server running on http://localhost:3001
[api-stdout] 🚀 Server running on http://localhost:3001
[stdout] ✓ 1 modules transformed.
[api-stdout] 🚀 Server running on http://localhost:3001
[api-stderr] 49 | app.get('*', serveStatic({ path: './dist/index.html' }))
50 | 
51 | const port = Number(process.env.PORT) || 3001
52 | console.log(`🚀 Server running on http://localhost:${port}`)
53 | 
54 | Bun.serve({ port, fetch: app.fetch })
         ^
error: Failed to start server. Is port 3001 in use?
 syscall: "listen",
   errno: 0,
    code: "EADDRINUSE"

      at /app/workspace/server.tsx:54:5
[api-stderr] Bun v1.3.11 (Linux x64)
[stdout] dist/index.html                     0.43 kB │ gzip:   0.30 kB
dist/assets/index-CU8EUCaa.css     97.69 kB │ gzip:  13.80 kB
dist/assets/index-CQG-7iKq.js   2,693.31 kB │ gzip: 497.18 kB
[stdout] built in 17493ms.
[typecheck] ✗ tsc --noEmit found 27 type error(s) — these compile under Vite but will crash at runtime:
[typecheck]   src/generated/audit-entry.routes.ts(166,11): TS2322 Type 'any' is not assignable to type 'never'.
[typecheck]   src/generated/audit-entry.routes.ts(237,9): TS2322 Type 'Record<string, unknown>' is not assignable to type '(Without<AuditEntryCreateInput, AuditEntryUncheckedCreateInput> & AuditEntryUncheckedCreateInput) | (Without<...> & AuditEntryCreateInput)'.
[typecheck]   src/generated/competition-task.routes.ts(166,11): TS2322 Type 'any' is not assignable to type 'never'.
[typecheck]   src/generated/competition-task.routes.ts(237,9): TS2322 Type 'Record<string, unknown>' is not assignable to type '(Without<CompetitionTaskCreateInput, CompetitionTaskUncheckedCreateInput> & CompetitionTaskUncheckedCreateInput) | (Without<...> & CompetitionTaskCreateInput)'.
[typecheck]   src/generated/content-draft.routes.ts(166,11): TS2322 Type 'any' is not assignable to type 'never'.
[typecheck]   src/generated/content-draft.routes.ts(237,9): TS2322 Type 'Record<string, unknown>' is not assignable to type '(Without<ContentDraftCreateInput, ContentDraftUncheckedCreateInput> & ContentDraftUncheckedCreateInput) | (Without<...> & ContentDraftCreateInput)'.
[typecheck]   src/generated/contract-record.routes.ts(166,11): TS2322 Type 'any' is not assignable to type 'never'.
[typecheck]   src/generated/contract-record.routes.ts(237,9): TS2322 Type 'Record<string, unknown>' is not assignable to type '(Without<ContractRecordCreateInput, ContractRecordUncheckedCreateInput> & ContractRecordUncheckedCreateInput) | (Without<...> & ContractRecordCreateInput)'.
[typecheck]   src/generated/domain.ts(104,7): TS2353 Object literal may only specify known properties, and 'pendingDeletes' does not exist in type 'AnnotationsMap<this, never>'.
[typecheck]   src/generated/domain.ts(312,7): TS2353 Object literal may only specify known properties, and 'pendingDeletes' does not exist in type 'AnnotationsMap<this, never>'.
[typecheck]   …and 17 more
[api-stdout] 🚀 Server running on http://localhost:3001
[api-stdout] 🚀 Server running on http://localhost:3001
[api-stdout] 🚀 Server running on http://localhost:3001
[api-stderr] 49 | app.get('*', serveStatic({ path: './dist/index.html' }))
50 | 
51 | const port = Number(process.env.PORT) || 3001
52 | console.log(`🚀 Server running on http://localhost:${port}`)
53 | 
54 | Bun.serve({ port, fetch: app.fetch })
         ^
error: Failed to start server. Is port 3001 in use?
 syscall: "listen",
   errno: 0,
    code: "EADDRINUSE"

      at /app/workspace/server.tsx:54:5

Bun v1.3.11 (Linux x64)
[stdout] build started...
[api-stdout] 🚀 Server running on http://localhost:3001
[api-stdout] 🚀 Server running on http://localhost:3001
[api-stdout] 🚀 Server running on http://localhost:3001
[api-stderr] 49 | app.get('*', serveStatic({ path: './dist/index.html' }))
50 | 
51 | const port = Number(process.env.PORT) || 3001
52 | console.log(`🚀 Server running on http://localhost:${port}`)
53 | 
54 | Bun.serve({ port, fetch: app.fetch })
         ^
error: Failed to start server. Is port 3001 in use?
 syscall: "listen",
   errno: 0,
    code: "EADDRINUSE"

      at /app/workspace/server.tsx:54:5
[api-stderr] Bun v1.3.11 (Linux x64)
[typecheck] ✗ tsc --noEmit found 27 type error(s) — these compile under Vite but will crash at runtime:
[typecheck]   src/generated/audit-entry.routes.ts(166,11): TS2322 Type 'any' is not assignable to type 'never'.
[typecheck]   src/generated/audit-entry.routes.ts(237,9): TS2322 Type 'Record<string, unknown>' is not assignable to type '(Without<AuditEntryCreateInput, AuditEntryUncheckedCreateInput> & AuditEntryUncheckedCreateInput) | (Without<...> & AuditEntryCreateInput)'.
[typecheck]   src/generated/competition-task.routes.ts(166,11): TS2322 Type 'any' is not assignable to type 'never'.
[typecheck]   src/generated/competition-task.routes.ts(237,9): TS2322 Type 'Record<string, unknown>' is not assignable to type '(Without<CompetitionTaskCreateInput, CompetitionTaskUncheckedCreateInput> & CompetitionTaskUncheckedCreateInput) | (Without<...> & CompetitionTaskCreateInput)'.
[typecheck]   src/generated/content-draft.routes.ts(166,11): TS2322 Type 'any' is not assignable to type 'never'.
[typecheck]   src/generated/content-draft.routes.ts(237,9): TS2322 Type 'Record<string, unknown>' is not assignable to type '(Without<ContentDraftCreateInput, ContentDraftUncheckedCreateInput> & ContentDraftUncheckedCreateInput) | (Without<...> & ContentDraftCreateInput)'.
[typecheck]   src/generated/contract-record.routes.ts(166,11): TS2322 Type 'any' is not assignable to type 'never'.
[typecheck]   src/generated/contract-record.routes.ts(237,9): TS2322 Type 'Record<string, unknown>' is not assignable to type '(Without<ContractRecordCreateInput, ContractRecordUncheckedCreateInput> & ContractRecordUncheckedCreateInput) | (Without<...> & ContractRecordCreateInput)'.
[typecheck]   src/generated/domain.ts(104,7): TS2353 Object literal may only specify known properties, and 'pendingDeletes' does not exist in type 'AnnotationsMap<this, never>'.
[typecheck]   src/generated/domain.ts(312,7): TS2353 Object literal may only specify known properties, and 'pendingDeletes' does not exist in type 'AnnotationsMap<this, never>'.
[typecheck]   …and 17 more
[stdout] ✓ 2 modules transformed.
[api-stdout] 🚀 Server running on http://localhost:3001
[stdout] dist/index.html                     0.43 kB │ gzip:   0.30 kB
[stdout] dist/assets/index-CR2UrEFL.css     99.57 kB │ gzip:  13.98 kB
dist/assets/index-Bd18lYnU.js   2,705.40 kB │ gzip: 498.58 kB
[stdout] built in 14632ms.
[api-stdout] 🚀 Server running on http://localhost:3001
[api-stdout] 🚀 Server running on http://localhost:3001
[api-stderr] 49 | app.get('*', serveStatic({ path: './dist/index.html' }))
50 | 
51 | const port = Number(process.env.PORT) || 3001
52 | console.log(`🚀 Server running on http://localhost:${port}`)
53 | 
54 | Bun.serve({ port, fetch: app.fetch })
         ^
error: Failed to start server. Is port 3001 in use?
 syscall: "listen",
   errno: 0,
    code: "EADDRINUSE"

      at /app/workspace/server.tsx:54:5
[api-stderr] Bun v1.3.11 (Linux x64)
[api-stdout] 🚀 Server running on http://localhost:3001
[typecheck] ✗ tsc --noEmit found 27 type error(s) — these compile under Vite but will crash at runtime:
[typecheck]   src/generated/audit-entry.routes.ts(166,11): TS2322 Type 'any' is not assignable to type 'never'.
[typecheck]   src/generated/audit-entry.routes.ts(237,9): TS2322 Type 'Record<string, unknown>' is not assignable to type '(Without<AuditEntryCreateInput, AuditEntryUncheckedCreateInput> & AuditEntryUncheckedCreateInput) | (Without<...> & AuditEntryCreateInput)'.
[typecheck]   src/generated/competition-task.routes.ts(166,11): TS2322 Type 'any' is not assignable to type 'never'.
[typecheck]   src/generated/competition-task.routes.ts(237,9): TS2322 Type 'Record<string, unknown>' is not assignable to type '(Without<CompetitionTaskCreateInput, CompetitionTaskUncheckedCreateInput> & CompetitionTaskUncheckedCreateInput) | (Without<...> & CompetitionTaskCreateInput)'.
[typecheck]   src/generated/content-draft.routes.ts(166,11): TS2322 Type 'any' is not assignable to type 'never'.
[typecheck]   src/generated/content-draft.routes.ts(237,9): TS2322 Type 'Record<string, unknown>' is not assignable to type '(Without<ContentDraftCreateInput, ContentDraftUncheckedCreateInput> & ContentDraftUncheckedCreateInput) | (Without<...> & ContentDraftCreateInput)'.
[typecheck]   src/generated/contract-record.routes.ts(166,11): TS2322 Type 'any' is not assignable to type 'never'.
[typecheck]   src/generated/contract-record.routes.ts(237,9): TS2322 Type 'Record<string, unknown>' is not assignable to type '(Without<ContractRecordCreateInput, ContractRecordUncheckedCreateInput> & ContractRecordUncheckedCreateInput) | (Without<...> & ContractRecordCreateInput)'.
[typecheck]   src/generated/domain.ts(104,7): TS2353 Object literal may only specify known properties, and 'pendingDeletes' does not exist in type 'AnnotationsMap<this, never>'.
[typecheck]   src/generated/domain.ts(312,7): TS2353 Object literal may only specify known properties, and 'pendingDeletes' does not exist in type 'AnnotationsMap<this, never>'.
[typecheck]   …and 17 more
[api-stdout] 🚀 Server running on http://localhost:3001
[stdout] build started...
[stdout] ✓ 2 modules transformed.
[stdout] dist/index.html                     0.43 kB │ gzip:   0.30 kB
dist/assets/index-CR2UrEFL.css     99.57 kB │ gzip:  13.98 kB
[stdout] dist/assets/index-kNtORwFM.js   2,705.35 kB │ gzip: 498.59 kB
[stdout] built in 12632ms.
[stdout] build started...
[stdout] ✓ 1 modules transformed.
[stdout] dist/index.html                     0.43 kB │ gzip:   0.30 kB
[stdout] dist/assets/index-CR2UrEFL.css     99.57 kB │ gzip:  13.98 kB
[stdout] dist/assets/index-DNlYFo8N.js   2,705.41 kB │ gzip: 498.59 kB
[stdout] built in 13326ms.
[stdout] build started...
[typecheck] ✗ tsc --noEmit found 27 type error(s) — these compile under Vite but will crash at runtime:
[typecheck]   src/generated/audit-entry.routes.ts(166,11): TS2322 Type 'any' is not assignable to type 'never'.
[typecheck]   src/generated/audit-entry.routes.ts(237,9): TS2322 Type 'Record<string, unknown>' is not assignable to type '(Without<AuditEntryCreateInput, AuditEntryUncheckedCreateInput> & AuditEntryUncheckedCreateInput) | (Without<...> & AuditEntryCreateInput)'.
[typecheck]   src/generated/competition-task.routes.ts(166,11): TS2322 Type 'any' is not assignable to type 'never'.
[typecheck]   src/generated/competition-task.routes.ts(237,9): TS2322 Type 'Record<string, unknown>' is not assignable to type '(Without<CompetitionTaskCreateInput, CompetitionTaskUncheckedCreateInput> & CompetitionTaskUncheckedCreateInput) | (Without<...> & CompetitionTaskCreateInput)'.
[typecheck]   src/generated/content-draft.routes.ts(166,11): TS2322 Type 'any' is not assignable to type 'never'.
[typecheck]   src/generated/content-draft.routes.ts(237,9): TS2322 Type 'Record<string, unknown>' is not assignable to type '(Without<ContentDraftCreateInput, ContentDraftUncheckedCreateInput> & ContentDraftUncheckedCreateInput) | (Without<...> & ContentDraftCreateInput)'.
[typecheck]   src/generated/contract-record.routes.ts(166,11): TS2322 Type 'any' is not assignable to type 'never'.
[typecheck]   src/generated/contract-record.routes.ts(237,9): TS2322 Type 'Record<string, unknown>' is not assignable to type '(Without<ContractRecordCreateInput, ContractRecordUncheckedCreateInput> & ContractRecordUncheckedCreateInput) | (Without<...> & ContractRecordCreateInput)'.
[typecheck]   src/generated/domain.ts(104,7): TS2353 Object literal may only specify known properties, and 'pendingDeletes' does not exist in type 'AnnotationsMap<this, never>'.
[typecheck]   src/generated/domain.ts(312,7): TS2353 Object literal may only specify known properties, and 'pendingDeletes' does not exist in type 'AnnotationsMap<this, never>'.
[typecheck]   …and 17 more
[stdout] ✓ 1 modules transformed.
[typecheck] ✗ tsc --noEmit found 27 type error(s) — these compile under Vite but will crash at runtime:
[typecheck]   src/generated/audit-entry.routes.ts(166,11): TS2322 Type 'any' is not assignable to type 'never'.
[typecheck]   src/generated/audit-entry.routes.ts(237,9): TS2322 Type 'Record<string, unknown>' is not assignable to type '(Without<AuditEntryCreateInput, AuditEntryUncheckedCreateInput> & AuditEntryUncheckedCreateInput) | (Without<...> & AuditEntryCreateInput)'.
[typecheck]   src/generated/competition-task.routes.ts(166,11): TS2322 Type 'any' is not assignable to type 'never'.
[typecheck]   src/generated/competition-task.routes.ts(237,9): TS2322 Type 'Record<string, unknown>' is not assignable to type '(Without<CompetitionTaskCreateInput, CompetitionTaskUncheckedCreateInput> & CompetitionTaskUncheckedCreateInput) | (Without<...> & CompetitionTaskCreateInput)'.
[typecheck]   src/generated/content-draft.routes.ts(166,11): TS2322 Type 'any' is not assignable to type 'never'.
[typecheck]   src/generated/content-draft.routes.ts(237,9): TS2322 Type 'Record<string, unknown>' is not assignable to type '(Without<ContentDraftCreateInput, ContentDraftUncheckedCreateInput> & ContentDraftUncheckedCreateInput) | (Without<...> & ContentDraftCreateInput)'.
[typecheck]   src/generated/contract-record.routes.ts(166,11): TS2322 Type 'any' is not assignable to type 'never'.
[typecheck]   src/generated/contract-record.routes.ts(237,9): TS2322 Type 'Record<string, unknown>' is not assignable to type '(Without<ContractRecordCreateInput, ContractRecordUncheckedCreateInput> & ContractRecordUncheckedCreateInput) | (Without<...> & ContractRecordCreateInput)'.
[typecheck]   src/generated/domain.ts(104,7): TS2353 Object literal may only specify known properties, and 'pendingDeletes' does not exist in type 'AnnotationsMap<this, never>'.
[typecheck]   src/generated/domain.ts(312,7): TS2353 Object literal may only specify known properties, and 'pendingDeletes' does not exist in type 'AnnotationsMap<this, never>'.
[typecheck]   …and 17 more
[stdout] dist/index.html                     0.43 kB │ gzip:   0.30 kB
[stdout] dist/assets/index-CR2UrEFL.css     99.57 kB │ gzip:  13.98 kB
dist/assets/index-tAQqObWi.js   2,705.51 kB │ gzip: 498.63 kB
[stdout] built in 16699ms.
[stdout] build started...
[stdout] ✓ 1 modules transformed.
[typecheck] ✗ tsc --noEmit found 28 type error(s) — these compile under Vite but will crash at runtime:
[typecheck]   src/components/auri/Competition.tsx(206,8): TS2304 Cannot find name 'ComputeCostWidget'.
[typecheck]   src/generated/audit-entry.routes.ts(166,11): TS2322 Type 'any' is not assignable to type 'never'.
[typecheck]   src/generated/audit-entry.routes.ts(237,9): TS2322 Type 'Record<string, unknown>' is not assignable to type '(Without<AuditEntryCreateInput, AuditEntryUncheckedCreateInput> & AuditEntryUncheckedCreateInput) | (Without<...> & AuditEntryCreateInput)'.
[typecheck]   src/generated/competition-task.routes.ts(166,11): TS2322 Type 'any' is not assignable to type 'never'.
[typecheck]   src/generated/competition-task.routes.ts(237,9): TS2322 Type 'Record<string, unknown>' is not assignable to type '(Without<CompetitionTaskCreateInput, CompetitionTaskUncheckedCreateInput> & CompetitionTaskUncheckedCreateInput) | (Without<...> & CompetitionTaskCreateInput)'.
[typecheck]   src/generated/content-draft.routes.ts(166,11): TS2322 Type 'any' is not assignable to type 'never'.
[typecheck]   src/generated/content-draft.routes.ts(237,9): TS2322 Type 'Record<string, unknown>' is not assignable to type '(Without<ContentDraftCreateInput, ContentDraftUncheckedCreateInput> & ContentDraftUncheckedCreateInput) | (Without<...> & ContentDraftCreateInput)'.
[typecheck]   src/generated/contract-record.routes.ts(166,11): TS2322 Type 'any' is not assignable to type 'never'.
[typecheck]   src/generated/contract-record.routes.ts(237,9): TS2322 Type 'Record<string, unknown>' is not assignable to type '(Without<ContractRecordCreateInput, ContractRecordUncheckedCreateInput> & ContractRecordUncheckedCreateInput) | (Without<...> & ContractRecordCreateInput)'.
[typecheck]   src/generated/domain.ts(104,7): TS2353 Object literal may only specify known properties, and 'pendingDeletes' does not exist in type 'AnnotationsMap<this, never>'.
[typecheck]   …and 18 more
[stdout] dist/index.html                     0.43 kB │ gzip:   0.30 kB
dist/assets/index-CR2UrEFL.css     99.57 kB │ gzip:  13.98 kB
[stdout] dist/assets/index-CdQ6LJD6.js   2,705.79 kB │ gzip: 498.65 kB
[stdout] built in 16057ms.
[stdout] build started...
[stdout] ✓ 1 modules transformed.
[stdout] dist/index.html                     0.43 kB │ gzip:   0.30 kB
dist/assets/index-CR2UrEFL.css     99.57 kB │ gzip:  13.98 kB
dist/assets/index-CYeJQGhu.js   2,719.49 kB │ gzip: 499.99 kB
[stdout] built in 12590ms.
[typecheck] ✗ tsc --noEmit found 27 type error(s) — these compile under Vite but will crash at runtime:
[typecheck]   src/generated/audit-entry.routes.ts(166,11): TS2322 Type 'any' is not assignable to type 'never'.
[typecheck]   src/generated/audit-entry.routes.ts(237,9): TS2322 Type 'Record<string, unknown>' is not assignable to type '(Without<AuditEntryCreateInput, AuditEntryUncheckedCreateInput> & AuditEntryUncheckedCreateInput) | (Without<...> & AuditEntryCreateInput)'.
[typecheck]   src/generated/competition-task.routes.ts(166,11): TS2322 Type 'any' is not assignable to type 'never'.
[typecheck]   src/generated/competition-task.routes.ts(237,9): TS2322 Type 'Record<string, unknown>' is not assignable to type '(Without<CompetitionTaskCreateInput, CompetitionTaskUncheckedCreateInput> & CompetitionTaskUncheckedCreateInput) | (Without<...> & CompetitionTaskCreateInput)'.
[typecheck]   src/generated/content-draft.routes.ts(166,11): TS2322 Type 'any' is not assignable to type 'never'.
[typecheck]   src/generated/content-draft.routes.ts(237,9): TS2322 Type 'Record<string, unknown>' is not assignable to type '(Without<ContentDraftCreateInput, ContentDraftUncheckedCreateInput> & ContentDraftUncheckedCreateInput) | (Without<...> & ContentDraftCreateInput)'.
[typecheck]   src/generated/contract-record.routes.ts(166,11): TS2322 Type 'any' is not assignable to type 'never'.
[typecheck]   src/generated/contract-record.routes.ts(237,9): TS2322 Type 'Record<string, unknown>' is not assignable to type '(Without<ContractRecordCreateInput, ContractRecordUncheckedCreateInput> & ContractRecordUncheckedCreateInput) | (Without<...> & ContractRecordCreateInput)'.
[typecheck]   src/generated/domain.ts(104,7): TS2353 Object literal may only specify known properties, and 'pendingDeletes' does not exist in type 'AnnotationsMap<this, never>'.
[typecheck]   src/generated/domain.ts(312,7): TS2353 Object literal may only specify known properties, and 'pendingDeletes' does not exist in type 'AnnotationsMap<this, never>'.
[typecheck]   …and 17 more
[typecheck] ✗ tsc --noEmit found 27 type error(s) — these compile under Vite but will crash at runtime:
[typecheck]   src/generated/audit-entry.routes.ts(166,11): TS2322 Type 'any' is not assignable to type 'never'.
[typecheck]   src/generated/audit-entry.routes.ts(237,9): TS2322 Type 'Record<string, unknown>' is not assignable to type '(Without<AuditEntryCreateInput, AuditEntryUncheckedCreateInput> & AuditEntryUncheckedCreateInput) | (Without<...> & AuditEntryCreateInput)'.
[typecheck]   src/generated/competition-task.routes.ts(166,11): TS2322 Type 'any' is not assignable to type 'never'.
[typecheck]   src/generated/competition-task.routes.ts(237,9): TS2322 Type 'Record<string, unknown>' is not assignable to type '(Without<CompetitionTaskCreateInput, CompetitionTaskUncheckedCreateInput> & CompetitionTaskUncheckedCreateInput) | (Without<...> & CompetitionTaskCreateInput)'.
[typecheck]   src/generated/content-draft.routes.ts(166,11): TS2322 Type 'any' is not assignable to type 'never'.
[typecheck]   src/generated/content-draft.routes.ts(237,9): TS2322 Type 'Record<string, unknown>' is not assignable to type '(Without<ContentDraftCreateInput, ContentDraftUncheckedCreateInput> & ContentDraftUncheckedCreateInput) | (Without<...> & ContentDraftCreateInput)'.
[typecheck]   src/generated/contract-record.routes.ts(166,11): TS2322 Type 'any' is not assignable to type 'never'.
[typecheck]   src/generated/contract-record.routes.ts(237,9): TS2322 Type 'Record<string, unknown>' is not assignable to type '(Without<ContractRecordCreateInput, ContractRecordUncheckedCreateInput> & ContractRecordUncheckedCreateInput) | (Without<...> & ContractRecordCreateInput)'.
[typecheck]   src/generated/domain.ts(104,7): TS2353 Object literal may only specify known properties, and 'pendingDeletes' does not exist in type 'AnnotationsMap<this, never>'.
[typecheck]   src/generated/domain.ts(312,7): TS2353 Object literal may only specify known properties, and 'pendingDeletes' does not exist in type 'AnnotationsMap<this, never>'.
[typecheck]   …and 17 more
[stdout] build started...
[stdout] ✓ 1 modules transformed.
[stdout] dist/index.html                     0.43 kB │ gzip:   0.30 kB
[stdout] dist/assets/index-D8boatVN.css     99.67 kB │ gzip:  13.99 kB
[stdout] dist/assets/index-DO4JyCev.js   2,719.54 kB │ gzip: 500.00 kB
[stdout] built in 10978ms.
[stdout] build started...
[stdout] ✓ 0 modules transformed.
[stdout] dist/index.html                     0.43 kB │ gzip:   0.30 kB
dist/assets/index-D8boatVN.css     99.67 kB │ gzip:  13.99 kB
dist/assets/index-dDoV9mfz.js   2,719.49 kB │ gzip: 499.99 kB
[stdout] built in 14967ms.
[typecheck] ✗ tsc --noEmit found 27 type error(s) — these compile under Vite but will crash at runtime:
[typecheck]   src/generated/audit-entry.routes.ts(166,11): TS2322 Type 'any' is not assignable to type 'never'.
[typecheck]   src/generated/audit-entry.routes.ts(237,9): TS2322 Type 'Record<string, unknown>' is not assignable to type '(Without<AuditEntryCreateInput, AuditEntryUncheckedCreateInput> & AuditEntryUncheckedCreateInput) | (Without<...> & AuditEntryCreateInput)'.
[typecheck]   src/generated/competition-task.routes.ts(166,11): TS2322 Type 'any' is not assignable to type 'never'.
[typecheck]   src/generated/competition-task.routes.ts(237,9): TS2322 Type 'Record<string, unknown>' is not assignable to type '(Without<CompetitionTaskCreateInput, CompetitionTaskUncheckedCreateInput> & CompetitionTaskUncheckedCreateInput) | (Without<...> & CompetitionTaskCreateInput)'.
[typecheck]   src/generated/content-draft.routes.ts(166,11): TS2322 Type 'any' is not assignable to type 'never'.
[typecheck]   src/generated/content-draft.routes.ts(237,9): TS2322 Type 'Record<string, unknown>' is not assignable to type '(Without<ContentDraftCreateInput, ContentDraftUncheckedCreateInput> & ContentDraftUncheckedCreateInput) | (Without<...> & ContentDraftCreateInput)'.
[typecheck]   src/generated/contract-record.routes.ts(166,11): TS2322 Type 'any' is not assignable to type 'never'.
[typecheck]   src/generated/contract-record.routes.ts(237,9): TS2322 Type 'Record<string, unknown>' is not assignable to type '(Without<ContractRecordCreateInput, ContractRecordUncheckedCreateInput> & ContractRecordUncheckedCreateInput) | (Without<...> & ContractRecordCreateInput)'.
[typecheck]   src/generated/domain.ts(104,7): TS2353 Object literal may only specify known properties, and 'pendingDeletes' does not exist in type 'AnnotationsMap<this, never>'.
[typecheck]   src/generated/domain.ts(312,7): TS2353 Object literal may only specify known properties, and 'pendingDeletes' does not exist in type 'AnnotationsMap<this, never>'.
[typecheck]   …and 17 more
[typecheck] ✗ tsc --noEmit found 27 type error(s) — these compile under Vite but will crash at runtime:
[typecheck]   src/generated/audit-entry.routes.ts(166,11): TS2322 Type 'any' is not assignable to type 'never'.
[typecheck]   src/generated/audit-entry.routes.ts(237,9): TS2322 Type 'Record<string, unknown>' is not assignable to type '(Without<AuditEntryCreateInput, AuditEntryUncheckedCreateInput> & AuditEntryUncheckedCreateInput) | (Without<...> & AuditEntryCreateInput)'.
[typecheck]   src/generated/competition-task.routes.ts(166,11): TS2322 Type 'any' is not assignable to type 'never'.
[typecheck]   src/generated/competition-task.routes.ts(237,9): TS2322 Type 'Record<string, unknown>' is not assignable to type '(Without<CompetitionTaskCreateInput, CompetitionTaskUncheckedCreateInput> & CompetitionTaskUncheckedCreateInput) | (Without<...> & CompetitionTaskCreateInput)'.
[typecheck]   src/generated/content-draft.routes.ts(166,11): TS2322 Type 'any' is not assignable to type 'never'.
[typecheck]   src/generated/content-draft.routes.ts(237,9): TS2322 Type 'Record<string, unknown>' is not assignable to type '(Without<ContentDraftCreateInput, ContentDraftUncheckedCreateInput> & ContentDraftUncheckedCreateInput) | (Without<...> & ContentDraftCreateInput)'.
[typecheck]   src/generated/contract-record.routes.ts(166,11): TS2322 Type 'any' is not assignable to type 'never'.
[typecheck]   src/generated/contract-record.routes.ts(237,9): TS2322 Type 'Record<string, unknown>' is not assignable to type '(Without<ContractRecordCreateInput, ContractRecordUncheckedCreateInput> & ContractRecordUncheckedCreateInput) | (Without<...> & ContractRecordCreateInput)'.
[typecheck]   src/generated/domain.ts(104,7): TS2353 Object literal may only specify known properties, and 'pendingDeletes' does not exist in type 'AnnotationsMap<this, never>'.
[typecheck]   src/generated/domain.ts(312,7): TS2353 Object literal may only specify known properties, and 'pendingDeletes' does not exist in type 'AnnotationsMap<this, never>'.
[typecheck]   …and 17 more
[api-stdout] 🚀 Server running on http://localhost:3001
[api-stdout] 🚀 Server running on http://localhost:3001
[api-stderr] 49 | app.get('*', serveStatic({ path: './dist/index.html' }))
50 | 
51 | const port = Number(process.env.PORT) || 3001
52 | console.log(`🚀 Server running on http://localhost:${port}`)
53 | 
54 | Bun.serve({ port, fetch: app.fetch })
         ^
error: Failed to start server. Is port 3001 in use?
 syscall: "listen",
   errno: 0,
    code: "EADDRINUSE"

      at /app/workspace/server.tsx:54:5
[api-stderr] Bun v1.3.11 (Linux x64)
[api-stdout] 🚀 Server running on http://localhost:3001
[stdout] build started...
[stdout] ✓ 2 modules transformed.
[stdout] dist/index.html                     0.43 kB │ gzip:   0.30 kB
[stdout] dist/assets/index-DbbUupeV.css    102.62 kB │ gzip:  14.22 kB
[stdout] dist/assets/index-Ct7PKNsd.js   2,719.54 kB │ gzip: 500.00 kB
[stdout] built in 12061ms.
[stdout] build started...
[stdout] ✓ 1 modules transformed.
[typecheck] ✗ tsc --noEmit found 28 type error(s) — these compile under Vite but will crash at runtime:
[typecheck]   src/components/auri/Competition.tsx(161,42): TS2304 Cannot find name 'Globe'.
[typecheck]   src/generated/audit-entry.routes.ts(166,11): TS2322 Type 'any' is not assignable to type 'never'.
[typecheck]   src/generated/audit-entry.routes.ts(237,9): TS2322 Type 'Record<string, unknown>' is not assignable to type '(Without<AuditEntryCreateInput, AuditEntryUncheckedCreateInput> & AuditEntryUncheckedCreateInput) | (Without<...> & AuditEntryCreateInput)'.
[typecheck]   src/generated/competition-task.routes.ts(166,11): TS2322 Type 'any' is not assignable to type 'never'.
[typecheck]   src/generated/competition-task.routes.ts(237,9): TS2322 Type 'Record<string, unknown>' is not assignable to type '(Without<CompetitionTaskCreateInput, CompetitionTaskUncheckedCreateInput> & CompetitionTaskUncheckedCreateInput) | (Without<...> & CompetitionTaskCreateInput)'.
[typecheck]   src/generated/content-draft.routes.ts(166,11): TS2322 Type 'any' is not assignable to type 'never'.
[typecheck]   src/generated/content-draft.routes.ts(237,9): TS2322 Type 'Record<string, unknown>' is not assignable to type '(Without<ContentDraftCreateInput, ContentDraftUncheckedCreateInput> & ContentDraftUncheckedCreateInput) | (Without<...> & ContentDraftCreateInput)'.
[typecheck]   src/generated/contract-record.routes.ts(166,11): TS2322 Type 'any' is not assignable to type 'never'.
[typecheck]   src/generated/contract-record.routes.ts(237,9): TS2322 Type 'Record<string, unknown>' is not assignable to type '(Without<ContractRecordCreateInput, ContractRecordUncheckedCreateInput> & ContractRecordUncheckedCreateInput) | (Without<...> & ContractRecordCreateInput)'.
[typecheck]   src/generated/domain.ts(104,7): TS2353 Object literal may only specify known properties, and 'pendingDeletes' does not exist in type 'AnnotationsMap<this, never>'.
[typecheck]   …and 18 more
[stdout] dist/index.html                     0.43 kB │ gzip:   0.30 kB
[stdout] dist/assets/index-DbbUupeV.css    102.62 kB │ gzip:  14.22 kB
dist/assets/index-EKF89Fa0.js   2,719.54 kB │ gzip: 500.01 kB
[stdout] built in 17836ms.
[stdout] build started...
[stdout] ✓ 1 modules transformed.
[stdout] dist/index.html                     0.43 kB │ gzip:   0.30 kB
dist/assets/index-DbbUupeV.css    102.62 kB │ gzip:  14.22 kB
dist/assets/index-gtOm0eIb.js   2,720.04 kB │ gzip: 500.06 kB
[stdout] built in 13183ms.
[stdout] build started...
[typecheck] ✗ tsc --noEmit found 27 type error(s) — these compile under Vite but will crash at runtime:
[typecheck]   src/generated/audit-entry.routes.ts(166,11): TS2322 Type 'any' is not assignable to type 'never'.
[typecheck]   src/generated/audit-entry.routes.ts(237,9): TS2322 Type 'Record<string, unknown>' is not assignable to type '(Without<AuditEntryCreateInput, AuditEntryUncheckedCreateInput> & AuditEntryUncheckedCreateInput) | (Without<...> & AuditEntryCreateInput)'.
[typecheck]   src/generated/competition-task.routes.ts(166,11): TS2322 Type 'any' is not assignable to type 'never'.
[typecheck]   src/generated/competition-task.routes.ts(237,9): TS2322 Type 'Record<string, unknown>' is not assignable to type '(Without<CompetitionTaskCreateInput, CompetitionTaskUncheckedCreateInput> & CompetitionTaskUncheckedCreateInput) | (Without<...> & CompetitionTaskCreateInput)'.
[typecheck]   src/generated/content-draft.routes.ts(166,11): TS2322 Type 'any' is not assignable to type 'never'.
[typecheck]   src/generated/content-draft.routes.ts(237,9): TS2322 Type 'Record<string, unknown>' is not assignable to type '(Without<ContentDraftCreateInput, ContentDraftUncheckedCreateInput> & ContentDraftUncheckedCreateInput) | (Without<...> & ContentDraftCreateInput)'.
[typecheck]   src/generated/contract-record.routes.ts(166,11): TS2322 Type 'any' is not assignable to type 'never'.
[typecheck]   src/generated/contract-record.routes.ts(237,9): TS2322 Type 'Record<string, unknown>' is not assignable to type '(Without<ContractRecordCreateInput, ContractRecordUncheckedCreateInput> & ContractRecordUncheckedCreateInput) | (Without<...> & ContractRecordCreateInput)'.
[typecheck]   src/generated/domain.ts(104,7): TS2353 Object literal may only specify known properties, and 'pendingDeletes' does not exist in type 'AnnotationsMap<this, never>'.
[typecheck]   src/generated/domain.ts(312,7): TS2353 Object literal may only specify known properties, and 'pendingDeletes' does not exist in type 'AnnotationsMap<this, never>'.
[typecheck]   …and 17 more
[stdout] ✓ 2 modules transformed.
[stdout] dist/index.html                     0.43 kB │ gzip:   0.30 kB
dist/assets/index-DbbUupeV.css    102.62 kB │ gzip:  14.22 kB
dist/assets/index-FzE5VWm7.js   2,751.79 kB │ gzip: 503.57 kB
[typecheck] ✗ tsc --noEmit found 27 type error(s) — these compile under Vite but will crash at runtime:
[typecheck]   src/generated/audit-entry.routes.ts(166,11): TS2322 Type 'any' is not assignable to type 'never'.
[typecheck]   src/generated/audit-entry.routes.ts(237,9): TS2322 Type 'Record<string, unknown>' is not assignable to type '(Without<AuditEntryCreateInput, AuditEntryUncheckedCreateInput> & AuditEntryUncheckedCreateInput) | (Without<...> & AuditEntryCreateInput)'.
[typecheck]   src/generated/competition-task.routes.ts(166,11): TS2322 Type 'any' is not assignable to type 'never'.
[typecheck]   src/generated/competition-task.routes.ts(237,9): TS2322 Type 'Record<string, unknown>' is not assignable to type '(Without<CompetitionTaskCreateInput, CompetitionTaskUncheckedCreateInput> & CompetitionTaskUncheckedCreateInput) | (Without<...> & CompetitionTaskCreateInput)'.
[typecheck]   src/generated/content-draft.routes.ts(166,11): TS2322 Type 'any' is not assignable to type 'never'.
[typecheck]   src/generated/content-draft.routes.ts(237,9): TS2322 Type 'Record<string, unknown>' is not assignable to type '(Without<ContentDraftCreateInput, ContentDraftUncheckedCreateInput> & ContentDraftUncheckedCreateInput) | (Without<...> & ContentDraftCreateInput)'.
[typecheck]   src/generated/contract-record.routes.ts(166,11): TS2322 Type 'any' is not assignable to type 'never'.
[typecheck]   src/generated/contract-record.routes.ts(237,9): TS2322 Type 'Record<string, unknown>' is not assignable to type '(Without<ContractRecordCreateInput, ContractRecordUncheckedCreateInput> & ContractRecordUncheckedCreateInput) | (Without<...> & ContractRecordCreateInput)'.
[typecheck]   src/generated/domain.ts(104,7): TS2353 Object literal may only specify known properties, and 'pendingDeletes' does not exist in type 'AnnotationsMap<this, never>'.
[typecheck]   src/generated/domain.ts(312,7): TS2353 Object literal may only specify known properties, and 'pendingDeletes' does not exist in type 'AnnotationsMap<this, never>'.
[typecheck]   …and 17 more
[stdout] built in 17084ms.
[typecheck] ✗ tsc --noEmit found 27 type error(s) — these compile under Vite but will crash at runtime:
[typecheck]   src/generated/audit-entry.routes.ts(166,11): TS2322 Type 'any' is not assignable to type 'never'.
[typecheck]   src/generated/audit-entry.routes.ts(237,9): TS2322 Type 'Record<string, unknown>' is not assignable to type '(Without<AuditEntryCreateInput, AuditEntryUncheckedCreateInput> & AuditEntryUncheckedCreateInput) | (Without<...> & AuditEntryCreateInput)'.
[typecheck]   src/generated/competition-task.routes.ts(166,11): TS2322 Type 'any' is not assignable to type 'never'.
[typecheck]   src/generated/competition-task.routes.ts(237,9): TS2322 Type 'Record<string, unknown>' is not assignable to type '(Without<CompetitionTaskCreateInput, CompetitionTaskUncheckedCreateInput> & CompetitionTaskUncheckedCreateInput) | (Without<...> & CompetitionTaskCreateInput)'.
[typecheck]   src/generated/content-draft.routes.ts(166,11): TS2322 Type 'any' is not assignable to type 'never'.
[typecheck]   src/generated/content-draft.routes.ts(237,9): TS2322 Type 'Record<string, unknown>' is not assignable to type '(Without<ContentDraftCreateInput, ContentDraftUncheckedCreateInput> & ContentDraftUncheckedCreateInput) | (Without<...> & ContentDraftCreateInput)'.
[typecheck]   src/generated/contract-record.routes.ts(166,11): TS2322 Type 'any' is not assignable to type 'never'.
[typecheck]   src/generated/contract-record.routes.ts(237,9): TS2322 Type 'Record<string, unknown>' is not assignable to type '(Without<ContractRecordCreateInput, ContractRecordUncheckedCreateInput> & ContractRecordUncheckedCreateInput) | (Without<...> & ContractRecordCreateInput)'.
[typecheck]   src/generated/domain.ts(104,7): TS2353 Object literal may only specify known properties, and 'pendingDeletes' does not exist in type 'AnnotationsMap<this, never>'.
[typecheck]   src/generated/domain.ts(312,7): TS2353 Object literal may only specify known properties, and 'pendingDeletes' does not exist in type 'AnnotationsMap<this, never>'.
[typecheck]   …and 17 more
[stdout] build started...
[stdout] ✓ 1 modules transformed.
[stdout] dist/index.html                     0.43 kB │ gzip:   0.30 kB
[stdout] dist/assets/index-DbbUupeV.css    102.62 kB │ gzip:  14.22 kB
dist/assets/index-IhR9qBLy.js   2,751.84 kB │ gzip: 503.57 kB
[stdout] built in 12041ms.
[stdout] build started...
[typecheck] ✗ tsc --noEmit found 27 type error(s) — these compile under Vite but will crash at runtime:
[typecheck]   src/generated/audit-entry.routes.ts(166,11): TS2322 Type 'any' is not assignable to type 'never'.
[typecheck]   src/generated/audit-entry.routes.ts(237,9): TS2322 Type 'Record<string, unknown>' is not assignable to type '(Without<AuditEntryCreateInput, AuditEntryUncheckedCreateInput> & AuditEntryUncheckedCreateInput) | (Without<...> & AuditEntryCreateInput)'.
[typecheck]   src/generated/competition-task.routes.ts(166,11): TS2322 Type 'any' is not assignable to type 'never'.
[typecheck]   src/generated/competition-task.routes.ts(237,9): TS2322 Type 'Record<string, unknown>' is not assignable to type '(Without<CompetitionTaskCreateInput, CompetitionTaskUncheckedCreateInput> & CompetitionTaskUncheckedCreateInput) | (Without<...> & CompetitionTaskCreateInput)'.
[typecheck]   src/generated/content-draft.routes.ts(166,11): TS2322 Type 'any' is not assignable to type 'never'.
[typecheck]   src/generated/content-draft.routes.ts(237,9): TS2322 Type 'Record<string, unknown>' is not assignable to type '(Without<ContentDraftCreateInput, ContentDraftUncheckedCreateInput> & ContentDraftUncheckedCreateInput) | (Without<...> & ContentDraftCreateInput)'.
[typecheck]   src/generated/contract-record.routes.ts(166,11): TS2322 Type 'any' is not assignable to type 'never'.
[typecheck]   src/generated/contract-record.routes.ts(237,9): TS2322 Type 'Record<string, unknown>' is not assignable to type '(Without<ContractRecordCreateInput, ContractRecordUncheckedCreateInput> & ContractRecordUncheckedCreateInput) | (Without<...> & ContractRecordCreateInput)'.
[typecheck]   src/generated/domain.ts(104,7): TS2353 Object literal may only specify known properties, and 'pendingDeletes' does not exist in type 'AnnotationsMap<this, never>'.
[typecheck]   src/generated/domain.ts(312,7): TS2353 Object literal may only specify known properties, and 'pendingDeletes' does not exist in type 'AnnotationsMap<this, never>'.
[typecheck]   …and 17 more
[stdout] ✓ 1 modules transformed.
[stdout] dist/index.html                     0.43 kB │ gzip:   0.30 kB
dist/assets/index-DbbUupeV.css    102.62 kB │ gzip:  14.22 kB
[stdout] dist/assets/index-FzE5VWm7.js   2,751.79 kB │ gzip: 503.57 kB
[stdout] built in 12485ms.
[typecheck] ✗ tsc --noEmit found 27 type error(s) — these compile under Vite but will crash at runtime:
[typecheck]   src/generated/audit-entry.routes.ts(166,11): TS2322 Type 'any' is not assignable to type 'never'.
[typecheck]   src/generated/audit-entry.routes.ts(237,9): TS2322 Type 'Record<string, unknown>' is not assignable to type '(Without<AuditEntryCreateInput, AuditEntryUncheckedCreateInput> & AuditEntryUncheckedCreateInput) | (Without<...> & AuditEntryCreateInput)'.
[typecheck]   src/generated/competition-task.routes.ts(166,11): TS2322 Type 'any' is not assignable to type 'never'.
[typecheck]   src/generated/competition-task.routes.ts(237,9): TS2322 Type 'Record<string, unknown>' is not assignable to type '(Without<CompetitionTaskCreateInput, CompetitionTaskUncheckedCreateInput> & CompetitionTaskUncheckedCreateInput) | (Without<...> & CompetitionTaskCreateInput)'.
[typecheck]   src/generated/content-draft.routes.ts(166,11): TS2322 Type 'any' is not assignable to type 'never'.
[typecheck]   src/generated/content-draft.routes.ts(237,9): TS2322 Type 'Record<string, unknown>' is not assignable to type '(Without<ContentDraftCreateInput, ContentDraftUncheckedCreateInput> & ContentDraftUncheckedCreateInput) | (Without<...> & ContentDraftCreateInput)'.
[typecheck]   src/generated/contract-record.routes.ts(166,11): TS2322 Type 'any' is not assignable to type 'never'.
[typecheck]   src/generated/contract-record.routes.ts(237,9): TS2322 Type 'Record<string, unknown>' is not assignable to type '(Without<ContractRecordCreateInput, ContractRecordUncheckedCreateInput> & ContractRecordUncheckedCreateInput) | (Without<...> & ContractRecordCreateInput)'.
[typecheck]   src/generated/domain.ts(104,7): TS2353 Object literal may only specify known properties, and 'pendingDeletes' does not exist in type 'AnnotationsMap<this, never>'.
[typecheck]   src/generated/domain.ts(312,7): TS2353 Object literal may only specify known properties, and 'pendingDeletes' does not exist in type 'AnnotationsMap<this, never>'.
[typecheck]   …and 17 more
[stdout] build started...
[stdout] ✓ 1 modules transformed.
[stdout] dist/index.html                     0.43 kB │ gzip:   0.30 kB
[stdout] dist/assets/index-DbbUupeV.css    102.62 kB │ gzip:  14.22 kB
[stdout] dist/assets/index-IhR9qBLy.js   2,751.84 kB │ gzip: 503.57 kB
[stdout] built in 11310ms.
[typecheck] ✗ tsc --noEmit found 27 type error(s) — these compile under Vite but will crash at runtime:
[typecheck]   src/generated/audit-entry.routes.ts(166,11): TS2322 Type 'any' is not assignable to type 'never'.
[typecheck]   src/generated/audit-entry.routes.ts(237,9): TS2322 Type 'Record<string, unknown>' is not assignable to type '(Without<AuditEntryCreateInput, AuditEntryUncheckedCreateInput> & AuditEntryUncheckedCreateInput) | (Without<...> & AuditEntryCreateInput)'.
[typecheck]   src/generated/competition-task.routes.ts(166,11): TS2322 Type 'any' is not assignable to type 'never'.
[typecheck]   src/generated/competition-task.routes.ts(237,9): TS2322 Type 'Record<string, unknown>' is not assignable to type '(Without<CompetitionTaskCreateInput, CompetitionTaskUncheckedCreateInput> & CompetitionTaskUncheckedCreateInput) | (Without<...> & CompetitionTaskCreateInput)'.
[typecheck]   src/generated/content-draft.routes.ts(166,11): TS2322 Type 'any' is not assignable to type 'never'.
[typecheck]   src/generated/content-draft.routes.ts(237,9): TS2322 Type 'Record<string, unknown>' is not assignable to type '(Without<ContentDraftCreateInput, ContentDraftUncheckedCreateInput> & ContentDraftUncheckedCreateInput) | (Without<...> & ContentDraftCreateInput)'.
[typecheck]   src/generated/contract-record.routes.ts(166,11): TS2322 Type 'any' is not assignable to type 'never'.
[typecheck]   src/generated/contract-record.routes.ts(237,9): TS2322 Type 'Record<string, unknown>' is not assignable to type '(Without<ContractRecordCreateInput, ContractRecordUncheckedCreateInput> & ContractRecordUncheckedCreateInput) | (Without<...> & ContractRecordCreateInput)'.
[typecheck]   src/generated/domain.ts(104,7): TS2353 Object literal may only specify known properties, and 'pendingDeletes' does not exist in type 'AnnotationsMap<this, never>'.
[typecheck]   src/generated/domain.ts(312,7): TS2353 Object literal may only specify known properties, and 'pendingDeletes' does not exist in type 'AnnotationsMap<this, never>'.
[typecheck]   …and 17 more
[api-stdout] 🚀 Server running on http://localhost:3001
[stdout] build started...
[stdout] ✓ 1 modules transformed.
[stdout] dist/index.html                     0.43 kB │ gzip:   0.30 kB
[stdout] dist/assets/index-DbbUupeV.css    102.62 kB │ gzip:  14.22 kB
[stdout] dist/assets/index-FzE5VWm7.js   2,751.79 kB │ gzip: 503.57 kB
[stdout] built in 16991ms.
[typecheck] ✗ tsc --noEmit found 27 type error(s) — these compile under Vite but will crash at runtime:
[typecheck]   src/generated/audit-entry.routes.ts(166,11): TS2322 Type 'any' is not assignable to type 'never'.
[typecheck]   src/generated/audit-entry.routes.ts(237,9): TS2322 Type 'Record<string, unknown>' is not assignable to type '(Without<AuditEntryCreateInput, AuditEntryUncheckedCreateInput> & AuditEntryUncheckedCreateInput) | (Without<...> & AuditEntryCreateInput)'.
[typecheck]   src/generated/competition-task.routes.ts(166,11): TS2322 Type 'any' is not assignable to type 'never'.
[typecheck]   src/generated/competition-task.routes.ts(237,9): TS2322 Type 'Record<string, unknown>' is not assignable to type '(Without<CompetitionTaskCreateInput, CompetitionTaskUncheckedCreateInput> & CompetitionTaskUncheckedCreateInput) | (Without<...> & CompetitionTaskCreateInput)'.
[typecheck]   src/generated/content-draft.routes.ts(166,11): TS2322 Type 'any' is not assignable to type 'never'.
[typecheck]   src/generated/content-draft.routes.ts(237,9): TS2322 Type 'Record<string, unknown>' is not assignable to type '(Without<ContentDraftCreateInput, ContentDraftUncheckedCreateInput> & ContentDraftUncheckedCreateInput) | (Without<...> & ContentDraftCreateInput)'.
[typecheck]   src/generated/contract-record.routes.ts(166,11): TS2322 Type 'any' is not assignable to type 'never'.
[typecheck]   src/generated/contract-record.routes.ts(237,9): TS2322 Type 'Record<string, unknown>' is not assignable to type '(Without<ContractRecordCreateInput, ContractRecordUncheckedCreateInput> & ContractRecordUncheckedCreateInput) | (Without<...> & ContractRecordCreateInput)'.
[typecheck]   src/generated/domain.ts(104,7): TS2353 Object literal may only specify known properties, and 'pendingDeletes' does not exist in type 'AnnotationsMap<this, never>'.
[typecheck]   src/generated/domain.ts(312,7): TS2353 Object literal may only specify known properties, and 'pendingDeletes' does not exist in type 'AnnotationsMap<this, never>'.
[typecheck]   …and 17 more
[stdout] build started...
[stdout] ✓ 1 modules transformed.
[stdout] dist/index.html                     0.43 kB │ gzip:   0.30 kB
[stdout] dist/assets/index-DbbUupeV.css    102.62 kB │ gzip:  14.22 kB
dist/assets/index-IhR9qBLy.js   2,751.84 kB │ gzip: 503.57 kB
[stdout] built in 12975ms.
[typecheck] ✗ tsc --noEmit found 27 type error(s) — these compile under Vite but will crash at runtime:
[typecheck]   src/generated/audit-entry.routes.ts(166,11): TS2322 Type 'any' is not assignable to type 'never'.
[typecheck]   src/generated/audit-entry.routes.ts(237,9): TS2322 Type 'Record<string, unknown>' is not assignable to type '(Without<AuditEntryCreateInput, AuditEntryUncheckedCreateInput> & AuditEntryUncheckedCreateInput) | (Without<...> & AuditEntryCreateInput)'.
[typecheck]   src/generated/competition-task.routes.ts(166,11): TS2322 Type 'any' is not assignable to type 'never'.
[typecheck]   src/generated/competition-task.routes.ts(237,9): TS2322 Type 'Record<string, unknown>' is not assignable to type '(Without<CompetitionTaskCreateInput, CompetitionTaskUncheckedCreateInput> & CompetitionTaskUncheckedCreateInput) | (Without<...> & CompetitionTaskCreateInput)'.
[typecheck]   src/generated/content-draft.routes.ts(166,11): TS2322 Type 'any' is not assignable to type 'never'.
[typecheck]   src/generated/content-draft.routes.ts(237,9): TS2322 Type 'Record<string, unknown>' is not assignable to type '(Without<ContentDraftCreateInput, ContentDraftUncheckedCreateInput> & ContentDraftUncheckedCreateInput) | (Without<...> & ContentDraftCreateInput)'.
[typecheck]   src/generated/contract-record.routes.ts(166,11): TS2322 Type 'any' is not assignable to type 'never'.
[typecheck]   src/generated/contract-record.routes.ts(237,9): TS2322 Type 'Record<string, unknown>' is not assignable to type '(Without<ContractRecordCreateInput, ContractRecordUncheckedCreateInput> & ContractRecordUncheckedCreateInput) | (Without<...> & ContractRecordCreateInput)'.
[typecheck]   src/generated/domain.ts(104,7): TS2353 Object literal may only specify known properties, and 'pendingDeletes' does not exist in type 'AnnotationsMap<this, never>'.
[typecheck]   src/generated/domain.ts(312,7): TS2353 Object literal may only specify known properties, and 'pendingDeletes' does not exist in type 'AnnotationsMap<this, never>'.
[typecheck]   …and 17 more
[stdout] build started...
[stdout] ✓ 1 modules transformed.
[stdout] dist/index.html                     0.43 kB │ gzip:   0.30 kB
dist/assets/index-DbbUupeV.css    102.62 kB │ gzip:  14.22 kB
[stdout] dist/assets/index-FzE5VWm7.js   2,751.79 kB │ gzip: 503.57 kB
[stdout] built in 11329ms.
[typecheck] ✗ tsc --noEmit found 27 type error(s) — these compile under Vite but will crash at runtime:
[typecheck]   src/generated/audit-entry.routes.ts(166,11): TS2322 Type 'any' is not assignable to type 'never'.
[typecheck]   src/generated/audit-entry.routes.ts(237,9): TS2322 Type 'Record<string, unknown>' is not assignable to type '(Without<AuditEntryCreateInput, AuditEntryUncheckedCreateInput> & AuditEntryUncheckedCreateInput) | (Without<...> & AuditEntryCreateInput)'.
[typecheck]   src/generated/competition-task.routes.ts(166,11): TS2322 Type 'any' is not assignable to type 'never'.
[typecheck]   src/generated/competition-task.routes.ts(237,9): TS2322 Type 'Record<string, unknown>' is not assignable to type '(Without<CompetitionTaskCreateInput, CompetitionTaskUncheckedCreateInput> & CompetitionTaskUncheckedCreateInput) | (Without<...> & CompetitionTaskCreateInput)'.
[typecheck]   src/generated/content-draft.routes.ts(166,11): TS2322 Type 'any' is not assignable to type 'never'.
[typecheck]   src/generated/content-draft.routes.ts(237,9): TS2322 Type 'Record<string, unknown>' is not assignable to type '(Without<ContentDraftCreateInput, ContentDraftUncheckedCreateInput> & ContentDraftUncheckedCreateInput) | (Without<...> & ContentDraftCreateInput)'.
[typecheck]   src/generated/contract-record.routes.ts(166,11): TS2322 Type 'any' is not assignable to type 'never'.
[typecheck]   src/generated/contract-record.routes.ts(237,9): TS2322 Type 'Record<string, unknown>' is not assignable to type '(Without<ContractRecordCreateInput, ContractRecordUncheckedCreateInput> & ContractRecordUncheckedCreateInput) | (Without<...> & ContractRecordCreateInput)'.
[typecheck]   src/generated/domain.ts(104,7): TS2353 Object literal may only specify known properties, and 'pendingDeletes' does not exist in type 'AnnotationsMap<this, never>'.
[typecheck]   src/generated/domain.ts(312,7): TS2353 Object literal may only specify known properties, and 'pendingDeletes' does not exist in type 'AnnotationsMap<this, never>'.
[typecheck]   …and 17 more
[stdout] build started...
[stdout] ✓ 1 modules transformed.
[stdout] dist/index.html                     0.43 kB │ gzip:   0.30 kB
[stdout] dist/assets/index-DbbUupeV.css    102.62 kB │ gzip:  14.22 kB
dist/assets/index-IhR9qBLy.js   2,751.84 kB │ gzip: 503.57 kB
[stdout] built in 14161ms.
[stdout] build started...
[api-stdout] 🚀 Server running on http://localhost:3001
[api-stdout] 🚀 Server running on http://localhost:3001
[api-stderr] 49 | app.get('*', serveStatic({ path: './dist/index.html' }))
50 | 
51 | const port = Number(process.env.PORT) || 3001
52 | console.log(`🚀 Server running on http://localhost:${port}`)
53 | 
54 | Bun.serve({ port, fetch: app.fetch })
         ^
error: Failed to start server. Is port 3001 in use?
 syscall: "listen",
   errno: 0,
    code: "EADDRINUSE"

      at /app/workspace/server.tsx:54:5
[api-stderr] Bun v1.3.11 (Linux x64)
[api-stdout] 🚀 Server running on http://localhost:3001
[typecheck] ✗ tsc --noEmit found 27 type error(s) — these compile under Vite but will crash at runtime:
[typecheck]   src/generated/audit-entry.routes.ts(166,11): TS2322 Type 'any' is not assignable to type 'never'.
[typecheck]   src/generated/audit-entry.routes.ts(237,9): TS2322 Type 'Record<string, unknown>' is not assignable to type '(Without<AuditEntryCreateInput, AuditEntryUncheckedCreateInput> & AuditEntryUncheckedCreateInput) | (Without<...> & AuditEntryCreateInput)'.
[typecheck]   src/generated/competition-task.routes.ts(166,11): TS2322 Type 'any' is not assignable to type 'never'.
[typecheck]   src/generated/competition-task.routes.ts(237,9): TS2322 Type 'Record<string, unknown>' is not assignable to type '(Without<CompetitionTaskCreateInput, CompetitionTaskUncheckedCreateInput> & CompetitionTaskUncheckedCreateInput) | (Without<...> & CompetitionTaskCreateInput)'.
[typecheck]   src/generated/content-draft.routes.ts(166,11): TS2322 Type 'any' is not assignable to type 'never'.
[typecheck]   src/generated/content-draft.routes.ts(237,9): TS2322 Type 'Record<string, unknown>' is not assignable to type '(Without<ContentDraftCreateInput, ContentDraftUncheckedCreateInput> & ContentDraftUncheckedCreateInput) | (Without<...> & ContentDraftCreateInput)'.
[typecheck]   src/generated/contract-record.routes.ts(166,11): TS2322 Type 'any' is not assignable to type 'never'.
[typecheck]   src/generated/contract-record.routes.ts(237,9): TS2322 Type 'Record<string, unknown>' is not assignable to type '(Without<ContractRecordCreateInput, ContractRecordUncheckedCreateInput> & ContractRecordUncheckedCreateInput) | (Without<...> & ContractRecordCreateInput)'.
[typecheck]   src/generated/domain.ts(104,7): TS2353 Object literal may only specify known properties, and 'pendingDeletes' does not exist in type 'AnnotationsMap<this, never>'.
[typecheck]   src/generated/domain.ts(312,7): TS2353 Object literal may only specify known properties, and 'pendingDeletes' does not exist in type 'AnnotationsMap<this, never>'.
[typecheck]   …and 17 more
[stdout] ✓ 1 modules transformed.
[stdout] dist/index.html                     0.43 kB │ gzip:   0.30 kB
[stdout] dist/assets/index-DbbUupeV.css    102.62 kB │ gzip:  14.22 kB
dist/assets/index-FzE5VWm7.js   2,751.79 kB │ gzip: 503.57 kB
[stdout] built in 12937ms.
[typecheck] ✗ tsc --noEmit found 27 type error(s) — these compile under Vite but will crash at runtime:
[typecheck]   src/generated/audit-entry.routes.ts(166,11): TS2322 Type 'any' is not assignable to type 'never'.
[typecheck]   src/generated/audit-entry.routes.ts(237,9): TS2322 Type 'Record<string, unknown>' is not assignable to type '(Without<AuditEntryCreateInput, AuditEntryUncheckedCreateInput> & AuditEntryUncheckedCreateInput) | (Without<...> & AuditEntryCreateInput)'.
[typecheck]   src/generated/competition-task.routes.ts(166,11): TS2322 Type 'any' is not assignable to type 'never'.
[typecheck]   src/generated/competition-task.routes.ts(237,9): TS2322 Type 'Record<string, unknown>' is not assignable to type '(Without<CompetitionTaskCreateInput, CompetitionTaskUncheckedCreateInput> & CompetitionTaskUncheckedCreateInput) | (Without<...> & CompetitionTaskCreateInput)'.
[typecheck]   src/generated/content-draft.routes.ts(166,11): TS2322 Type 'any' is not assignable to type 'never'.
[typecheck]   src/generated/content-draft.routes.ts(237,9): TS2322 Type 'Record<string, unknown>' is not assignable to type '(Without<ContentDraftCreateInput, ContentDraftUncheckedCreateInput> & ContentDraftUncheckedCreateInput) | (Without<...> & ContentDraftCreateInput)'.
[typecheck]   src/generated/contract-record.routes.ts(166,11): TS2322 Type 'any' is not assignable to type 'never'.
[typecheck]   src/generated/contract-record.routes.ts(237,9): TS2322 Type 'Record<string, unknown>' is not assignable to type '(Without<ContractRecordCreateInput, ContractRecordUncheckedCreateInput> & ContractRecordUncheckedCreateInput) | (Without<...> & ContractRecordCreateInput)'.
[typecheck]   src/generated/domain.ts(104,7): TS2353 Object literal may only specify known properties, and 'pendingDeletes' does not exist in type 'AnnotationsMap<this, never>'.
[typecheck]   src/generated/domain.ts(312,7): TS2353 Object literal may only specify known properties, and 'pendingDeletes' does not exist in type 'AnnotationsMap<this, never>'.
[typecheck]   …and 17 more
[stdout] build started...
[stdout] ✓ 1 modules transformed.
[stdout] dist/index.html                     0.43 kB │ gzip:   0.30 kB
[stdout] dist/assets/index-DbbUupeV.css    102.62 kB │ gzip:  14.22 kB
dist/assets/index-IhR9qBLy.js   2,751.84 kB │ gzip: 503.57 kB
[stdout] built in 10321ms.
[typecheck] ✗ tsc --noEmit found 27 type error(s) — these compile under Vite but will crash at runtime:
[typecheck]   src/generated/audit-entry.routes.ts(166,11): TS2322 Type 'any' is not assignable to type 'never'.
[typecheck]   src/generated/audit-entry.routes.ts(237,9): TS2322 Type 'Record<string, unknown>' is not assignable to type '(Without<AuditEntryCreateInput, AuditEntryUncheckedCreateInput> & AuditEntryUncheckedCreateInput) | (Without<...> & AuditEntryCreateInput)'.
[typecheck]   src/generated/competition-task.routes.ts(166,11): TS2322 Type 'any' is not assignable to type 'never'.
[typecheck]   src/generated/competition-task.routes.ts(237,9): TS2322 Type 'Record<string, unknown>' is not assignable to type '(Without<CompetitionTaskCreateInput, CompetitionTaskUncheckedCreateInput> & CompetitionTaskUncheckedCreateInput) | (Without<...> & CompetitionTaskCreateInput)'.
[typecheck]   src/generated/content-draft.routes.ts(166,11): TS2322 Type 'any' is not assignable to type 'never'.
[typecheck]   src/generated/content-draft.routes.ts(237,9): TS2322 Type 'Record<string, unknown>' is not assignable to type '(Without<ContentDraftCreateInput, ContentDraftUncheckedCreateInput> & ContentDraftUncheckedCreateInput) | (Without<...> & ContentDraftCreateInput)'.
[typecheck]   src/generated/contract-record.routes.ts(166,11): TS2322 Type 'any' is not assignable to type 'never'.
[typecheck]   src/generated/contract-record.routes.ts(237,9): TS2322 Type 'Record<string, unknown>' is not assignable to type '(Without<ContractRecordCreateInput, ContractRecordUncheckedCreateInput> & ContractRecordUncheckedCreateInput) | (Without<...> & ContractRecordCreateInput)'.
[typecheck]   src/generated/domain.ts(104,7): TS2353 Object literal may only specify known properties, and 'pendingDeletes' does not exist in type 'AnnotationsMap<this, never>'.
[typecheck]   src/generated/domain.ts(312,7): TS2353 Object literal may only specify known properties, and 'pendingDeletes' does not exist in type 'AnnotationsMap<this, never>'.
[typecheck]   …and 17 more
[stdout] build started...
[api-stdout] 🚀 Server running on http://localhost:3001
[stdout] ✓ 1 modules transformed.
[api-stdout] 🚀 Server running on http://localhost:3001
[api-stderr] 49 | app.get('*', serveStatic({ path: './dist/index.html' }))
50 | 
51 | const port = Number(process.env.PORT) || 3001
52 | console.log(`🚀 Server running on http://localhost:${port}`)
53 | 
54 | Bun.serve({ port, fetch: app.fetch })
         ^
error: Failed to start server. Is port 3001 in use?
 syscall: "listen",
   errno: 0,
    code: "EADDRINUSE"

      at /app/workspace/server.tsx:54:5
[api-stderr] Bun v1.3.11 (Linux x64)
[stdout] dist/index.html                     0.43 kB │ gzip:   0.30 kB
dist/assets/index-DbbUupeV.css    102.62 kB │ gzip:  14.22 kB
dist/assets/index-FzE5VWm7.js   2,751.79 kB │ gzip: 503.57 kB
[stdout] built in 12549ms.
[stdout] build started...
[api-stdout] 🚀 Server running on http://localhost:3001
[api-stderr] 885 | 
886 | // ── Knowledge Graph ───────────────────────────────────────────────────────────
887 | // Visual, interactive knowledge graph with cross-jurisdiction transfer learning.
888 | // The differentiator that proves scale to judges.
889 | 
890 | const knowledgeGraph = buildKnowledgeGraph()
                             ^
ReferenceError: buildKnowledgeGraph is not defined
      at /app/workspace/custom-routes.ts:890:24

Bun v1.3.11 (Linux x64)
[api-stderr] 885 | 
886 | // ── Knowledge Graph ───────────────────────────────────────────────────────────
887 | // Visual, interactive knowledge graph with cross-jurisdiction transfer learning.
888 | // The differentiator that proves scale to judges.
889 | 
890 | const knowledgeGraph = buildKnowledgeGraph()
                             ^
ReferenceError: buildKnowledgeGraph is not defined
      at /app/workspace/custom-routes.ts:890:24
[api-stderr] Bun v1.3.11 (Linux x64)
[api-stderr] 885 | 
886 | // ── Knowledge Graph ───────────────────────────────────────────────────────────
887 | // Visual, interactive knowledge graph with cross-jurisdiction transfer learning.
888 | // The differentiator that proves scale to judges.
889 | 
890 | const knowledgeGraph = buildKnowledgeGraph()
                             ^
ReferenceError: buildKnowledgeGraph is not defined
      at /app/workspace/custom-routes.ts:890:24
[api-stderr] Bun v1.3.11 (Linux x64)
[api-stderr] 885 | 
886 | // ── Knowledge Graph ───────────────────────────────────────────────────────────
887 | // Visual, interactive knowledge graph with cross-jurisdiction transfer learning.
888 | // The differentiator that proves scale to judges.
889 | 
890 | const knowledgeGraph = buildKnowledgeGraph()
                             ^
ReferenceError: buildKnowledgeGraph is not defined
      at /app/workspace/custom-routes.ts:890:24

Bun v1.3.11 (Linux x64)
[stdout] ✓ 0 modules transformed.
[typecheck] ✗ tsc --noEmit found 28 type error(s) — these compile under Vite but will crash at runtime:
[typecheck]   src/generated/audit-entry.routes.ts(166,11): TS2322 Type 'any' is not assignable to type 'never'.
[typecheck]   src/generated/audit-entry.routes.ts(237,9): TS2322 Type 'Record<string, unknown>' is not assignable to type '(Without<AuditEntryCreateInput, AuditEntryUncheckedCreateInput> & AuditEntryUncheckedCreateInput) | (Without<...> & AuditEntryCreateInput)'.
[typecheck]   src/generated/competition-task.routes.ts(166,11): TS2322 Type 'any' is not assignable to type 'never'.
[typecheck]   src/generated/competition-task.routes.ts(237,9): TS2322 Type 'Record<string, unknown>' is not assignable to type '(Without<CompetitionTaskCreateInput, CompetitionTaskUncheckedCreateInput> & CompetitionTaskUncheckedCreateInput) | (Without<...> & CompetitionTaskCreateInput)'.
[typecheck]   src/generated/content-draft.routes.ts(166,11): TS2322 Type 'any' is not assignable to type 'never'.
[typecheck]   src/generated/content-draft.routes.ts(237,9): TS2322 Type 'Record<string, unknown>' is not assignable to type '(Without<ContentDraftCreateInput, ContentDraftUncheckedCreateInput> & ContentDraftUncheckedCreateInput) | (Without<...> & ContentDraftCreateInput)'.
[typecheck]   src/generated/contract-record.routes.ts(166,11): TS2322 Type 'any' is not assignable to type 'never'.
[typecheck]   src/generated/contract-record.routes.ts(237,9): TS2322 Type 'Record<string, unknown>' is not assignable to type '(Without<ContractRecordCreateInput, ContractRecordUncheckedCreateInput> & ContractRecordUncheckedCreateInput) | (Without<...> & ContractRecordCreateInput)'.
[typecheck]   src/generated/domain.ts(104,7): TS2353 Object literal may only specify known properties, and 'pendingDeletes' does not exist in type 'AnnotationsMap<this, never>'.
[typecheck]   src/generated/domain.ts(312,7): TS2353 Object literal may only specify known properties, and 'pendingDeletes' does not exist in type 'AnnotationsMap<this, never>'.
[typecheck]   …and 18 more
[stdout] dist/index.html                     0.43 kB │ gzip:   0.30 kB
[stdout] dist/assets/index-DbbUupeV.css    102.62 kB │ gzip:  14.22 kB
dist/assets/index-IhR9qBLy.js   2,751.84 kB │ gzip: 503.57 kB
[stdout] built in 17738ms.
[stdout] build started...
[api-stderr] 885 | 
886 | // ── Knowledge Graph ───────────────────────────────────────────────────────────
887 | // Visual, interactive knowledge graph with cross-jurisdiction transfer learning.
888 | // The differentiator that proves scale to judges.
889 | 
890 | const knowledgeGraph = buildKnowledgeGraph()
                             ^
ReferenceError: buildKnowledgeGraph is not defined
      at /app/workspace/custom-routes.ts:890:24
[api-stderr] Bun v1.3.11 (Linux x64)
[api-stderr] 885 | 
886 | // ── Knowledge Graph ───────────────────────────────────────────────────────────
887 | // Visual, interactive knowledge graph with cross-jurisdiction transfer learning.
888 | // The differentiator that proves scale to judges.
889 | 
890 | const knowledgeGraph = buildKnowledgeGraph()
                             ^
ReferenceError: buildKnowledgeGraph is not defined
      at /app/workspace/custom-routes.ts:890:24
[api-stderr] Bun v1.3.11 (Linux x64)
[stdout] ✓ 0 modules transformed.
[typecheck] ✗ tsc --noEmit found 28 type error(s) — these compile under Vite but will crash at runtime:
[typecheck]   src/generated/audit-entry.routes.ts(166,11): TS2322 Type 'any' is not assignable to type 'never'.
[typecheck]   src/generated/audit-entry.routes.ts(237,9): TS2322 Type 'Record<string, unknown>' is not assignable to type '(Without<AuditEntryCreateInput, AuditEntryUncheckedCreateInput> & AuditEntryUncheckedCreateInput) | (Without<...> & AuditEntryCreateInput)'.
[typecheck]   src/generated/competition-task.routes.ts(166,11): TS2322 Type 'any' is not assignable to type 'never'.
[typecheck]   src/generated/competition-task.routes.ts(237,9): TS2322 Type 'Record<string, unknown>' is not assignable to type '(Without<CompetitionTaskCreateInput, CompetitionTaskUncheckedCreateInput> & CompetitionTaskUncheckedCreateInput) | (Without<...> & CompetitionTaskCreateInput)'.
[typecheck]   src/generated/content-draft.routes.ts(166,11): TS2322 Type 'any' is not assignable to type 'never'.
[typecheck]   src/generated/content-draft.routes.ts(237,9): TS2322 Type 'Record<string, unknown>' is not assignable to type '(Without<ContentDraftCreateInput, ContentDraftUncheckedCreateInput> & ContentDraftUncheckedCreateInput) | (Without<...> & ContentDraftCreateInput)'.
[typecheck]   src/generated/contract-record.routes.ts(166,11): TS2322 Type 'any' is not assignable to type 'never'.
[typecheck]   src/generated/contract-record.routes.ts(237,9): TS2322 Type 'Record<string, unknown>' is not assignable to type '(Without<ContractRecordCreateInput, ContractRecordUncheckedCreateInput> & ContractRecordUncheckedCreateInput) | (Without<...> & ContractRecordCreateInput)'.
[typecheck]   src/generated/domain.ts(104,7): TS2353 Object literal may only specify known properties, and 'pendingDeletes' does not exist in type 'AnnotationsMap<this, never>'.
[typecheck]   src/generated/domain.ts(312,7): TS2353 Object literal may only specify known properties, and 'pendingDeletes' does not exist in type 'AnnotationsMap<this, never>'.
[typecheck]   …and 18 more
[stdout] dist/index.html                     0.43 kB │ gzip:   0.30 kB
dist/assets/index-DbbUupeV.css    102.62 kB │ gzip:  14.22 kB
[stdout] dist/assets/index-FzE5VWm7.js   2,751.79 kB │ gzip: 503.57 kB
[stdout] built in 16837ms.
[stdout] build started...
[api-stdout] 🚀 Server running on http://localhost:3001
[typecheck] ✗ tsc --noEmit found 28 type error(s) — these compile under Vite but will crash at runtime:
[typecheck]   src/generated/audit-entry.routes.ts(166,11): TS2322 Type 'any' is not assignable to type 'never'.
[typecheck]   src/generated/audit-entry.routes.ts(237,9): TS2322 Type 'Record<string, unknown>' is not assignable to type '(Without<AuditEntryCreateInput, AuditEntryUncheckedCreateInput> & AuditEntryUncheckedCreateInput) | (Without<...> & AuditEntryCreateInput)'.
[typecheck]   src/generated/competition-task.routes.ts(166,11): TS2322 Type 'any' is not assignable to type 'never'.
[typecheck]   src/generated/competition-task.routes.ts(237,9): TS2322 Type 'Record<string, unknown>' is not assignable to type '(Without<CompetitionTaskCreateInput, CompetitionTaskUncheckedCreateInput> & CompetitionTaskUncheckedCreateInput) | (Without<...> & CompetitionTaskCreateInput)'.
[typecheck]   src/generated/content-draft.routes.ts(166,11): TS2322 Type 'any' is not assignable to type 'never'.
[typecheck]   src/generated/content-draft.routes.ts(237,9): TS2322 Type 'Record<string, unknown>' is not assignable to type '(Without<ContentDraftCreateInput, ContentDraftUncheckedCreateInput> & ContentDraftUncheckedCreateInput) | (Without<...> & ContentDraftCreateInput)'.
[typecheck]   src/generated/contract-record.routes.ts(166,11): TS2322 Type 'any' is not assignable to type 'never'.
[typecheck]   src/generated/contract-record.routes.ts(237,9): TS2322 Type 'Record<string, unknown>' is not assignable to type '(Without<ContractRecordCreateInput, ContractRecordUncheckedCreateInput> & ContractRecordUncheckedCreateInput) | (Without<...> & ContractRecordCreateInput)'.
[typecheck]   src/generated/domain.ts(104,7): TS2353 Object literal may only specify known properties, and 'pendingDeletes' does not exist in type 'AnnotationsMap<this, never>'.
[typecheck]   src/generated/domain.ts(312,7): TS2353 Object literal may only specify known properties, and 'pendingDeletes' does not exist in type 'AnnotationsMap<this, never>'.
[typecheck]   …and 18 more
[stdout] ✓ 1 modules transformed.
[stdout] dist/index.html                     0.43 kB │ gzip:   0.30 kB
[stdout] dist/assets/index-DbbUupeV.css    102.62 kB │ gzip:  14.22 kB
[stdout] dist/assets/index-IhR9qBLy.js   2,751.84 kB │ gzip: 503.57 kB
[api-stdout] 🚀 Server running on http://localhost:3001
[stdout] built in 13510ms.
[stdout] build started...
[api-stdout] 🚀 Server running on http://localhost:3001
[api-stderr] 49 | app.get('*', serveStatic({ path: './dist/index.html' }))
50 | 
51 | const port = Number(process.env.PORT) || 3001
52 | console.log(`🚀 Server running on http://localhost:${port}`)
53 | 
54 | Bun.serve({ port, fetch: app.fetch })
         ^
error: Failed to start server. Is port 3001 in use?
 syscall: "listen",
   errno: 0,
    code: "EADDRINUSE"

      at /app/workspace/server.tsx:54:5
[api-stderr] Bun v1.3.11 (Linux x64)
[api-stdout] 🚀 Server running on http://localhost:3001
[typecheck] ✗ tsc --noEmit found 28 type error(s) — these compile under Vite but will crash at runtime:
[typecheck]   src/generated/audit-entry.routes.ts(166,11): TS2322 Type 'any' is not assignable to type 'never'.
[typecheck]   src/generated/audit-entry.routes.ts(237,9): TS2322 Type 'Record<string, unknown>' is not assignable to type '(Without<AuditEntryCreateInput, AuditEntryUncheckedCreateInput> & AuditEntryUncheckedCreateInput) | (Without<...> & AuditEntryCreateInput)'.
[typecheck]   src/generated/competition-task.routes.ts(166,11): TS2322 Type 'any' is not assignable to type 'never'.
[typecheck]   src/generated/competition-task.routes.ts(237,9): TS2322 Type 'Record<string, unknown>' is not assignable to type '(Without<CompetitionTaskCreateInput, CompetitionTaskUncheckedCreateInput> & CompetitionTaskUncheckedCreateInput) | (Without<...> & CompetitionTaskCreateInput)'.
[typecheck]   src/generated/content-draft.routes.ts(166,11): TS2322 Type 'any' is not assignable to type 'never'.
[typecheck]   src/generated/content-draft.routes.ts(237,9): TS2322 Type 'Record<string, unknown>' is not assignable to type '(Without<ContentDraftCreateInput, ContentDraftUncheckedCreateInput> & ContentDraftUncheckedCreateInput) | (Without<...> & ContentDraftCreateInput)'.
[typecheck]   src/generated/contract-record.routes.ts(166,11): TS2322 Type 'any' is not assignable to type 'never'.
[typecheck]   src/generated/contract-record.routes.ts(237,9): TS2322 Type 'Record<string, unknown>' is not assignable to type '(Without<ContractRecordCreateInput, ContractRecordUncheckedCreateInput> & ContractRecordUncheckedCreateInput) | (Without<...> & ContractRecordCreateInput)'.
[typecheck]   src/generated/domain.ts(104,7): TS2353 Object literal may only specify known properties, and 'pendingDeletes' does not exist in type 'AnnotationsMap<this, never>'.
[typecheck]   src/generated/domain.ts(312,7): TS2353 Object literal may only specify known properties, and 'pendingDeletes' does not exist in type 'AnnotationsMap<this, never>'.
[typecheck]   …and 18 more
[stdout] ✓ 0 modules transformed.
[stdout] dist/index.html                     0.43 kB │ gzip:   0.30 kB
[stdout] dist/assets/index-DbbUupeV.css    102.62 kB │ gzip:  14.22 kB
[stdout] dist/assets/index-FzE5VWm7.js   2,751.79 kB │ gzip: 503.57 kB
[stdout] built in 17502ms.
[typecheck] ✗ tsc --noEmit found 28 type error(s) — these compile under Vite but will crash at runtime:
[typecheck]   src/generated/audit-entry.routes.ts(166,11): TS2322 Type 'any' is not assignable to type 'never'.
[typecheck]   src/generated/audit-entry.routes.ts(237,9): TS2322 Type 'Record<string, unknown>' is not assignable to type '(Without<AuditEntryCreateInput, AuditEntryUncheckedCreateInput> & AuditEntryUncheckedCreateInput) | (Without<...> & AuditEntryCreateInput)'.
[typecheck]   src/generated/competition-task.routes.ts(166,11): TS2322 Type 'any' is not assignable to type 'never'.
[typecheck]   src/generated/competition-task.routes.ts(237,9): TS2322 Type 'Record<string, unknown>' is not assignable to type '(Without<CompetitionTaskCreateInput, CompetitionTaskUncheckedCreateInput> & CompetitionTaskUncheckedCreateInput) | (Without<...> & CompetitionTaskCreateInput)'.
[typecheck]   src/generated/content-draft.routes.ts(166,11): TS2322 Type 'any' is not assignable to type 'never'.
[typecheck]   src/generated/content-draft.routes.ts(237,9): TS2322 Type 'Record<string, unknown>' is not assignable to type '(Without<ContentDraftCreateInput, ContentDraftUncheckedCreateInput> & ContentDraftUncheckedCreateInput) | (Without<...> & ContentDraftCreateInput)'.
[typecheck]   src/generated/contract-record.routes.ts(166,11): TS2322 Type 'any' is not assignable to type 'never'.
[typecheck]   src/generated/contract-record.routes.ts(237,9): TS2322 Type 'Record<string, unknown>' is not assignable to type '(Without<ContractRecordCreateInput, ContractRecordUncheckedCreateInput> & ContractRecordUncheckedCreateInput) | (Without<...> & ContractRecordCreateInput)'.
[typecheck]   src/generated/domain.ts(104,7): TS2353 Object literal may only specify known properties, and 'pendingDeletes' does not exist in type 'AnnotationsMap<this, never>'.
[typecheck]   src/generated/domain.ts(312,7): TS2353 Object literal may only specify known properties, and 'pendingDeletes' does not exist in type 'AnnotationsMap<this, never>'.
[typecheck]   …and 18 more
[stdout] build started...
[stdout] ✓ 1 modules transformed.
[stdout] dist/index.html                     0.43 kB │ gzip:   0.30 kB
[stdout] dist/assets/index-DbbUupeV.css    102.62 kB │ gzip:  14.22 kB
[stdout] dist/assets/index-IhR9qBLy.js   2,751.84 kB │ gzip: 503.57 kB
[stdout] built in 11861ms.
[typecheck] ✗ tsc --noEmit found 28 type error(s) — these compile under Vite but will crash at runtime:
[typecheck]   src/generated/audit-entry.routes.ts(166,11): TS2322 Type 'any' is not assignable to type 'never'.
[typecheck]   src/generated/audit-entry.routes.ts(237,9): TS2322 Type 'Record<string, unknown>' is not assignable to type '(Without<AuditEntryCreateInput, AuditEntryUncheckedCreateInput> & AuditEntryUncheckedCreateInput) | (Without<...> & AuditEntryCreateInput)'.
[typecheck]   src/generated/competition-task.routes.ts(166,11): TS2322 Type 'any' is not assignable to type 'never'.
[typecheck]   src/generated/competition-task.routes.ts(237,9): TS2322 Type 'Record<string, unknown>' is not assignable to type '(Without<CompetitionTaskCreateInput, CompetitionTaskUncheckedCreateInput> & CompetitionTaskUncheckedCreateInput) | (Without<...> & CompetitionTaskCreateInput)'.
[typecheck]   src/generated/content-draft.routes.ts(166,11): TS2322 Type 'any' is not assignable to type 'never'.
[typecheck]   src/generated/content-draft.routes.ts(237,9): TS2322 Type 'Record<string, unknown>' is not assignable to type '(Without<ContentDraftCreateInput, ContentDraftUncheckedCreateInput> & ContentDraftUncheckedCreateInput) | (Without<...> & ContentDraftCreateInput)'.
[typecheck]   src/generated/contract-record.routes.ts(166,11): TS2322 Type 'any' is not assignable to type 'never'.
[typecheck]   src/generated/contract-record.routes.ts(237,9): TS2322 Type 'Record<string, unknown>' is not assignable to type '(Without<ContractRecordCreateInput, ContractRecordUncheckedCreateInput> & ContractRecordUncheckedCreateInput) | (Without<...> & ContractRecordCreateInput)'.
[typecheck]   src/generated/domain.ts(104,7): TS2353 Object literal may only specify known properties, and 'pendingDeletes' does not exist in type 'AnnotationsMap<this, never>'.
[typecheck]   src/generated/domain.ts(312,7): TS2353 Object literal may only specify known properties, and 'pendingDeletes' does not exist in type 'AnnotationsMap<this, never>'.
[typecheck]   …and 18 more
[stdout] build started...
[api-stdout] 🚀 Server running on http://localhost:3001
[api-stdout] 🚀 Server running on http://localhost:3001
[api-stderr] 49 | app.get('*', serveStatic({ path: './dist/index.html' }))
50 | 
51 | const port = Number(process.env.PORT) || 3001
52 | console.log(`🚀 Server running on http://localhost:${port}`)
53 | 
54 | Bun.serve({ port, fetch: app.fetch })
         ^
error: Failed to start server. Is port 3001 in use?
 syscall: "listen",
   errno: 0,
    code: "EADDRINUSE"

      at /app/workspace/server.tsx:54:5
[api-stderr] Bun v1.3.11 (Linux x64)
[stdout] ✓ 1 modules transformed.
[api-stdout] 🚀 Server running on http://localhost:3001
[stdout] dist/index.html                     0.43 kB │ gzip:   0.30 kB
dist/assets/index-DbbUupeV.css    102.62 kB │ gzip:  14.22 kB
[stdout] dist/assets/index-FzE5VWm7.js   2,751.79 kB │ gzip: 503.57 kB
[stdout] built in 13888ms.
[stdout] build started...
[api-stdout] 🚀 Server running on http://localhost:3001
[api-stdout] 🚀 Server running on http://localhost:3001
[api-stderr] 49 | app.get('*', serveStatic({ path: './dist/index.html' }))
50 | 
51 | const port = Number(process.env.PORT) || 3001
52 | console.log(`🚀 Server running on http://localhost:${port}`)
53 | 
54 | Bun.serve({ port, fetch: app.fetch })
         ^
error: Failed to start server. Is port 3001 in use?
 syscall: "listen",
   errno: 0,
    code: "EADDRINUSE"

      at /app/workspace/server.tsx:54:5
[api-stderr] Bun v1.3.11 (Linux x64)
[api-stdout] 🚀 Server running on http://localhost:3001
[stdout] ✓ 0 modules transformed.
[typecheck] ✗ tsc --noEmit found 32 type error(s) — these compile under Vite but will crash at runtime:
[typecheck]   src/generated/audit-entry.routes.ts(166,11): TS2322 Type 'any' is not assignable to type 'never'.
[typecheck]   src/generated/audit-entry.routes.ts(237,9): TS2322 Type 'Record<string, unknown>' is not assignable to type '(Without<AuditEntryCreateInput, AuditEntryUncheckedCreateInput> & AuditEntryUncheckedCreateInput) | (Without<...> & AuditEntryCreateInput)'.
[typecheck]   src/generated/competition-task.routes.ts(166,11): TS2322 Type 'any' is not assignable to type 'never'.
[typecheck]   src/generated/competition-task.routes.ts(237,9): TS2322 Type 'Record<string, unknown>' is not assignable to type '(Without<CompetitionTaskCreateInput, CompetitionTaskUncheckedCreateInput> & CompetitionTaskUncheckedCreateInput) | (Without<...> & CompetitionTaskCreateInput)'.
[typecheck]   src/generated/content-draft.routes.ts(166,11): TS2322 Type 'any' is not assignable to type 'never'.
[typecheck]   src/generated/content-draft.routes.ts(237,9): TS2322 Type 'Record<string, unknown>' is not assignable to type '(Without<ContentDraftCreateInput, ContentDraftUncheckedCreateInput> & ContentDraftUncheckedCreateInput) | (Without<...> & ContentDraftCreateInput)'.
[typecheck]   src/generated/contract-record.routes.ts(166,11): TS2322 Type 'any' is not assignable to type 'never'.
[typecheck]   src/generated/contract-record.routes.ts(237,9): TS2322 Type 'Record<string, unknown>' is not assignable to type '(Without<ContractRecordCreateInput, ContractRecordUncheckedCreateInput> & ContractRecordUncheckedCreateInput) | (Without<...> & ContractRecordCreateInput)'.
[typecheck]   src/generated/domain.ts(104,7): TS2353 Object literal may only specify known properties, and 'pendingDeletes' does not exist in type 'AnnotationsMap<this, never>'.
[typecheck]   src/generated/domain.ts(312,7): TS2353 Object literal may only specify known properties, and 'pendingDeletes' does not exist in type 'AnnotationsMap<this, never>'.
[typecheck]   …and 22 more
[stdout] dist/index.html                     0.43 kB │ gzip:   0.30 kB
dist/assets/index-DbbUupeV.css    102.62 kB │ gzip:  14.22 kB
dist/assets/index-IhR9qBLy.js   2,751.84 kB │ gzip: 503.57 kB
[stdout] built in 18262ms.
[stdout] build started...
[stdout] ✓ 0 modules transformed.
[stdout] dist/index.html                     0.43 kB │ gzip:   0.30 kB
[stdout] dist/assets/index-DbbUupeV.css    102.62 kB │ gzip:  14.22 kB
[stdout] dist/assets/index-FzE5VWm7.js   2,751.79 kB │ gzip: 503.57 kB
[typecheck] ✗ tsc --noEmit found 32 type error(s) — these compile under Vite but will crash at runtime:
[typecheck]   src/generated/audit-entry.routes.ts(166,11): TS2322 Type 'any' is not assignable to type 'never'.
[typecheck]   src/generated/audit-entry.routes.ts(237,9): TS2322 Type 'Record<string, unknown>' is not assignable to type '(Without<AuditEntryCreateInput, AuditEntryUncheckedCreateInput> & AuditEntryUncheckedCreateInput) | (Without<...> & AuditEntryCreateInput)'.
[typecheck]   src/generated/competition-task.routes.ts(166,11): TS2322 Type 'any' is not assignable to type 'never'.
[typecheck]   src/generated/competition-task.routes.ts(237,9): TS2322 Type 'Record<string, unknown>' is not assignable to type '(Without<CompetitionTaskCreateInput, CompetitionTaskUncheckedCreateInput> & CompetitionTaskUncheckedCreateInput) | (Without<...> & CompetitionTaskCreateInput)'.
[typecheck]   src/generated/content-draft.routes.ts(166,11): TS2322 Type 'any' is not assignable to type 'never'.
[typecheck]   src/generated/content-draft.routes.ts(237,9): TS2322 Type 'Record<string, unknown>' is not assignable to type '(Without<ContentDraftCreateInput, ContentDraftUncheckedCreateInput> & ContentDraftUncheckedCreateInput) | (Without<...> & ContentDraftCreateInput)'.
[typecheck]   src/generated/contract-record.routes.ts(166,11): TS2322 Type 'any' is not assignable to type 'never'.
[typecheck]   src/generated/contract-record.routes.ts(237,9): TS2322 Type 'Record<string, unknown>' is not assignable to type '(Without<ContractRecordCreateInput, ContractRecordUncheckedCreateInput> & ContractRecordUncheckedCreateInput) | (Without<...> & ContractRecordCreateInput)'.
[typecheck]   src/generated/domain.ts(104,7): TS2353 Object literal may only specify known properties, and 'pendingDeletes' does not exist in type 'AnnotationsMap<this, never>'.
[typecheck]   src/generated/domain.ts(312,7): TS2353 Object literal may only specify known properties, and 'pendingDeletes' does not exist in type 'AnnotationsMap<this, never>'.
[typecheck]   …and 22 more
[stdout] built in 16297ms.
[stdout] build started...
[typecheck] ✗ tsc --noEmit found 32 type error(s) — these compile under Vite but will crash at runtime:
[typecheck]   src/generated/audit-entry.routes.ts(166,11): TS2322 Type 'any' is not assignable to type 'never'.
[typecheck]   src/generated/audit-entry.routes.ts(237,9): TS2322 Type 'Record<string, unknown>' is not assignable to type '(Without<AuditEntryCreateInput, AuditEntryUncheckedCreateInput> & AuditEntryUncheckedCreateInput) | (Without<...> & AuditEntryCreateInput)'.
[typecheck]   src/generated/competition-task.routes.ts(166,11): TS2322 Type 'any' is not assignable to type 'never'.
[typecheck]   src/generated/competition-task.routes.ts(237,9): TS2322 Type 'Record<string, unknown>' is not assignable to type '(Without<CompetitionTaskCreateInput, CompetitionTaskUncheckedCreateInput> & CompetitionTaskUncheckedCreateInput) | (Without<...> & CompetitionTaskCreateInput)'.
[typecheck]   src/generated/content-draft.routes.ts(166,11): TS2322 Type 'any' is not assignable to type 'never'.
[typecheck]   src/generated/content-draft.routes.ts(237,9): TS2322 Type 'Record<string, unknown>' is not assignable to type '(Without<ContentDraftCreateInput, ContentDraftUncheckedCreateInput> & ContentDraftUncheckedCreateInput) | (Without<...> & ContentDraftCreateInput)'.
[typecheck]   src/generated/contract-record.routes.ts(166,11): TS2322 Type 'any' is not assignable to type 'never'.
[typecheck]   src/generated/contract-record.routes.ts(237,9): TS2322 Type 'Record<string, unknown>' is not assignable to type '(Without<ContractRecordCreateInput, ContractRecordUncheckedCreateInput> & ContractRecordUncheckedCreateInput) | (Without<...> & ContractRecordCreateInput)'.
[typecheck]   src/generated/domain.ts(104,7): TS2353 Object literal may only specify known properties, and 'pendingDeletes' does not exist in type 'AnnotationsMap<this, never>'.
[typecheck]   src/generated/domain.ts(312,7): TS2353 Object literal may only specify known properties, and 'pendingDeletes' does not exist in type 'AnnotationsMap<this, never>'.
[typecheck]   …and 22 more
[stdout] ✓ 1 modules transformed.
[stdout] dist/index.html                     0.43 kB │ gzip:   0.30 kB
[stdout] dist/assets/index-DbbUupeV.css    102.62 kB │ gzip:  14.22 kB
dist/assets/index-IhR9qBLy.js   2,751.84 kB │ gzip: 503.57 kB
[stdout] built in 11236ms.
[typecheck] ✗ tsc --noEmit found 32 type error(s) — these compile under Vite but will crash at runtime:
[typecheck]   src/generated/audit-entry.routes.ts(166,11): TS2322 Type 'any' is not assignable to type 'never'.
[typecheck]   src/generated/audit-entry.routes.ts(237,9): TS2322 Type 'Record<string, unknown>' is not assignable to type '(Without<AuditEntryCreateInput, AuditEntryUncheckedCreateInput> & AuditEntryUncheckedCreateInput) | (Without<...> & AuditEntryCreateInput)'.
[typecheck]   src/generated/competition-task.routes.ts(166,11): TS2322 Type 'any' is not assignable to type 'never'.
[typecheck]   src/generated/competition-task.routes.ts(237,9): TS2322 Type 'Record<string, unknown>' is not assignable to type '(Without<CompetitionTaskCreateInput, CompetitionTaskUncheckedCreateInput> & CompetitionTaskUncheckedCreateInput) | (Without<...> & CompetitionTaskCreateInput)'.
[typecheck]   src/generated/content-draft.routes.ts(166,11): TS2322 Type 'any' is not assignable to type 'never'.
[typecheck]   src/generated/content-draft.routes.ts(237,9): TS2322 Type 'Record<string, unknown>' is not assignable to type '(Without<ContentDraftCreateInput, ContentDraftUncheckedCreateInput> & ContentDraftUncheckedCreateInput) | (Without<...> & ContentDraftCreateInput)'.
[typecheck]   src/generated/contract-record.routes.ts(166,11): TS2322 Type 'any' is not assignable to type 'never'.
[typecheck]   src/generated/contract-record.routes.ts(237,9): TS2322 Type 'Record<string, unknown>' is not assignable to type '(Without<ContractRecordCreateInput, ContractRecordUncheckedCreateInput> & ContractRecordUncheckedCreateInput) | (Without<...> & ContractRecordCreateInput)'.
[typecheck]   src/generated/domain.ts(104,7): TS2353 Object literal may only specify known properties, and 'pendingDeletes' does not exist in type 'AnnotationsMap<this, never>'.
[typecheck]   src/generated/domain.ts(312,7): TS2353 Object literal may only specify known properties, and 'pendingDeletes' does not exist in type 'AnnotationsMap<this, never>'.
[typecheck]   …and 22 more
[stdout] build started...
[stdout] ✓ 1 modules transformed.
[stdout] dist/index.html                     0.43 kB │ gzip:   0.30 kB
dist/assets/index-DbbUupeV.css    102.62 kB │ gzip:  14.22 kB
dist/assets/index-FzE5VWm7.js   2,751.79 kB │ gzip: 503.57 kB
[stdout] built in 12435ms.

build started...
[stdout] ✓ 0 modules transformed.
[stdout] dist/index.html                     0.43 kB │ gzip:   0.30 kB
dist/assets/index-DbbUupeV.css    102.62 kB │ gzip:  14.22 kB
[stdout] dist/assets/index-IhR9qBLy.js   2,751.84 kB │ gzip: 503.57 kB
[stdout] built in 13222ms.
[stdout] build started...
[api-stdout] 🚀 Server running on http://localhost:3001
[api-stdout] 🚀 Server running on http://localhost:3001
[api-stderr] 49 | app.get('*', serveStatic({ path: './dist/index.html' }))
50 | 
51 | const port = Number(process.env.PORT) || 3001
52 | console.log(`🚀 Server running on http://localhost:${port}`)
53 | 
54 | Bun.serve({ port, fetch: app.fetch })
         ^
error: Failed to start server. Is port 3001 in use?
 syscall: "listen",
   errno: 0,
    code: "EADDRINUSE"

      at /app/workspace/server.tsx:54:5

Bun v1.3.11 (Linux x64)
[typecheck] ✗ tsc --noEmit found 32 type error(s) — these compile under Vite but will crash at runtime:
[typecheck]   src/generated/audit-entry.routes.ts(166,11): TS2322 Type 'any' is not assignable to type 'never'.
[typecheck]   src/generated/audit-entry.routes.ts(237,9): TS2322 Type 'Record<string, unknown>' is not assignable to type '(Without<AuditEntryCreateInput, AuditEntryUncheckedCreateInput> & AuditEntryUncheckedCreateInput) | (Without<...> & AuditEntryCreateInput)'.
[typecheck]   src/generated/competition-task.routes.ts(166,11): TS2322 Type 'any' is not assignable to type 'never'.
[typecheck]   src/generated/competition-task.routes.ts(237,9): TS2322 Type 'Record<string, unknown>' is not assignable to type '(Without<CompetitionTaskCreateInput, CompetitionTaskUncheckedCreateInput> & CompetitionTaskUncheckedCreateInput) | (Without<...> & CompetitionTaskCreateInput)'.
[typecheck]   src/generated/content-draft.routes.ts(166,11): TS2322 Type 'any' is not assignable to type 'never'.
[typecheck]   src/generated/content-draft.routes.ts(237,9): TS2322 Type 'Record<string, unknown>' is not assignable to type '(Without<ContentDraftCreateInput, ContentDraftUncheckedCreateInput> & ContentDraftUncheckedCreateInput) | (Without<...> & ContentDraftCreateInput)'.
[typecheck]   src/generated/contract-record.routes.ts(166,11): TS2322 Type 'any' is not assignable to type 'never'.
[typecheck]   src/generated/contract-record.routes.ts(237,9): TS2322 Type 'Record<string, unknown>' is not assignable to type '(Without<ContractRecordCreateInput, ContractRecordUncheckedCreateInput> & ContractRecordUncheckedCreateInput) | (Without<...> & ContractRecordCreateInput)'.
[typecheck]   src/generated/domain.ts(104,7): TS2353 Object literal may only specify known properties, and 'pendingDeletes' does not exist in type 'AnnotationsMap<this, never>'.
[typecheck]   src/generated/domain.ts(312,7): TS2353 Object literal may only specify known properties, and 'pendingDeletes' does not exist in type 'AnnotationsMap<this, never>'.
[typecheck]   …and 22 more
[api-stdout] 🚀 Server running on http://localhost:3001
[api-stdout] 🚀 Server running on http://localhost:3001
[api-stdout] 🚀 Server running on http://localhost:3001
[api-stderr] 49 | app.get('*', serveStatic({ path: './dist/index.html' }))
50 | 
51 | const port = Number(process.env.PORT) || 3001
52 | console.log(`🚀 Server running on http://localhost:${port}`)
53 | 
54 | Bun.serve({ port, fetch: app.fetch })
         ^
error: Failed to start server. Is port 3001 in use?
 syscall: "listen",
   errno: 0,
    code: "EADDRINUSE"

      at /app/workspace/server.tsx:54:5

Bun v1.3.11 (Linux x64)
[api-stdout] 🚀 Server running on http://localhost:3001
[stdout] ✓ 1 modules transformed.
[stdout] dist/index.html                     0.43 kB │ gzip:   0.30 kB
dist/assets/index-DbbUupeV.css    102.62 kB │ gzip:  14.22 kB
dist/assets/index-FzE5VWm7.js   2,751.79 kB │ gzip: 503.57 kB
[stdout] built in 20376ms.
[stdout] build started...
[typecheck] ✗ tsc --noEmit found 32 type error(s) — these compile under Vite but will crash at runtime:
[typecheck]   src/generated/audit-entry.routes.ts(166,11): TS2322 Type 'any' is not assignable to type 'never'.
[typecheck]   src/generated/audit-entry.routes.ts(237,9): TS2322 Type 'Record<string, unknown>' is not assignable to type '(Without<AuditEntryCreateInput, AuditEntryUncheckedCreateInput> & AuditEntryUncheckedCreateInput) | (Without<...> & AuditEntryCreateInput)'.
[typecheck]   src/generated/competition-task.routes.ts(166,11): TS2322 Type 'any' is not assignable to type 'never'.
[typecheck]   src/generated/competition-task.routes.ts(237,9): TS2322 Type 'Record<string, unknown>' is not assignable to type '(Without<CompetitionTaskCreateInput, CompetitionTaskUncheckedCreateInput> & CompetitionTaskUncheckedCreateInput) | (Without<...> & CompetitionTaskCreateInput)'.
[typecheck]   src/generated/content-draft.routes.ts(166,11): TS2322 Type 'any' is not assignable to type 'never'.
[typecheck]   src/generated/content-draft.routes.ts(237,9): TS2322 Type 'Record<string, unknown>' is not assignable to type '(Without<ContentDraftCreateInput, ContentDraftUncheckedCreateInput> & ContentDraftUncheckedCreateInput) | (Without<...> & ContentDraftCreateInput)'.
[typecheck]   src/generated/contract-record.routes.ts(166,11): TS2322 Type 'any' is not assignable to type 'never'.
[typecheck]   src/generated/contract-record.routes.ts(237,9): TS2322 Type 'Record<string, unknown>' is not assignable to type '(Without<ContractRecordCreateInput, ContractRecordUncheckedCreateInput> & ContractRecordUncheckedCreateInput) | (Without<...> & ContractRecordCreateInput)'.
[typecheck]   src/generated/domain.ts(104,7): TS2353 Object literal may only specify known properties, and 'pendingDeletes' does not exist in type 'AnnotationsMap<this, never>'.
[typecheck]   src/generated/domain.ts(312,7): TS2353 Object literal may only specify known properties, and 'pendingDeletes' does not exist in type 'AnnotationsMap<this, never>'.
[typecheck]   …and 22 more
[stdout] ✓ 0 modules transformed.
[typecheck] ✗ tsc --noEmit found 32 type error(s) — these compile under Vite but will crash at runtime:
[typecheck]   src/generated/audit-entry.routes.ts(166,11): TS2322 Type 'any' is not assignable to type 'never'.
[typecheck]   src/generated/audit-entry.routes.ts(237,9): TS2322 Type 'Record<string, unknown>' is not assignable to type '(Without<AuditEntryCreateInput, AuditEntryUncheckedCreateInput> & AuditEntryUncheckedCreateInput) | (Without<...> & AuditEntryCreateInput)'.
[typecheck]   src/generated/competition-task.routes.ts(166,11): TS2322 Type 'any' is not assignable to type 'never'.
[typecheck]   src/generated/competition-task.routes.ts(237,9): TS2322 Type 'Record<string, unknown>' is not assignable to type '(Without<CompetitionTaskCreateInput, CompetitionTaskUncheckedCreateInput> & CompetitionTaskUncheckedCreateInput) | (Without<...> & CompetitionTaskCreateInput)'.
[typecheck]   src/generated/content-draft.routes.ts(166,11): TS2322 Type 'any' is not assignable to type 'never'.
[typecheck]   src/generated/content-draft.routes.ts(237,9): TS2322 Type 'Record<string, unknown>' is not assignable to type '(Without<ContentDraftCreateInput, ContentDraftUncheckedCreateInput> & ContentDraftUncheckedCreateInput) | (Without<...> & ContentDraftCreateInput)'.
[typecheck]   src/generated/contract-record.routes.ts(166,11): TS2322 Type 'any' is not assignable to type 'never'.
[typecheck]   src/generated/contract-record.routes.ts(237,9): TS2322 Type 'Record<string, unknown>' is not assignable to type '(Without<ContractRecordCreateInput, ContractRecordUncheckedCreateInput> & ContractRecordUncheckedCreateInput) | (Without<...> & ContractRecordCreateInput)'.
[typecheck]   src/generated/domain.ts(104,7): TS2353 Object literal may only specify known properties, and 'pendingDeletes' does not exist in type 'AnnotationsMap<this, never>'.
[typecheck]   src/generated/domain.ts(312,7): TS2353 Object literal may only specify known properties, and 'pendingDeletes' does not exist in type 'AnnotationsMap<this, never>'.
[typecheck]   …and 22 more
[stdout] dist/index.html                     0.43 kB │ gzip:   0.30 kB
dist/assets/index-DbbUupeV.css    102.62 kB │ gzip:  14.22 kB
dist/assets/index-IhR9qBLy.js   2,751.84 kB │ gzip: 503.57 kB
[stdout] built in 16649ms.
[stdout] build started...
[stdout] ✓ 0 modules transformed.
[stdout] dist/index.html                     0.43 kB │ gzip:   0.30 kB
dist/assets/index-DbbUupeV.css    102.62 kB │ gzip:  14.22 kB
dist/assets/index-FzE5VWm7.js   2,751.79 kB │ gzip: 503.57 kB
[stdout] built in 12797ms.
[typecheck] ✗ tsc --noEmit found 32 type error(s) — these compile under Vite but will crash at runtime:
[typecheck]   src/generated/audit-entry.routes.ts(166,11): TS2322 Type 'any' is not assignable to type 'never'.
[typecheck]   src/generated/audit-entry.routes.ts(237,9): TS2322 Type 'Record<string, unknown>' is not assignable to type '(Without<AuditEntryCreateInput, AuditEntryUncheckedCreateInput> & AuditEntryUncheckedCreateInput) | (Without<...> & AuditEntryCreateInput)'.
[typecheck]   src/generated/competition-task.routes.ts(166,11): TS2322 Type 'any' is not assignable to type 'never'.
[typecheck]   src/generated/competition-task.routes.ts(237,9): TS2322 Type 'Record<string, unknown>' is not assignable to type '(Without<CompetitionTaskCreateInput, CompetitionTaskUncheckedCreateInput> & CompetitionTaskUncheckedCreateInput) | (Without<...> & CompetitionTaskCreateInput)'.
[typecheck]   src/generated/content-draft.routes.ts(166,11): TS2322 Type 'any' is not assignable to type 'never'.
[typecheck]   src/generated/content-draft.routes.ts(237,9): TS2322 Type 'Record<string, unknown>' is not assignable to type '(Without<ContentDraftCreateInput, ContentDraftUncheckedCreateInput> & ContentDraftUncheckedCreateInput) | (Without<...> & ContentDraftCreateInput)'.
[typecheck]   src/generated/contract-record.routes.ts(166,11): TS2322 Type 'any' is not assignable to type 'never'.
[typecheck]   src/generated/contract-record.routes.ts(237,9): TS2322 Type 'Record<string, unknown>' is not assignable to type '(Without<ContractRecordCreateInput, ContractRecordUncheckedCreateInput> & ContractRecordUncheckedCreateInput) | (Without<...> & ContractRecordCreateInput)'.
[typecheck]   src/generated/domain.ts(104,7): TS2353 Object literal may only specify known properties, and 'pendingDeletes' does not exist in type 'AnnotationsMap<this, never>'.
[typecheck]   src/generated/domain.ts(312,7): TS2353 Object literal may only specify known properties, and 'pendingDeletes' does not exist in type 'AnnotationsMap<this, never>'.
[typecheck]   …and 22 more
[typecheck] ✗ tsc --noEmit found 32 type error(s) — these compile under Vite but will crash at runtime:
[typecheck]   src/generated/audit-entry.routes.ts(166,11): TS2322 Type 'any' is not assignable to type 'never'.
[typecheck]   src/generated/audit-entry.routes.ts(237,9): TS2322 Type 'Record<string, unknown>' is not assignable to type '(Without<AuditEntryCreateInput, AuditEntryUncheckedCreateInput> & AuditEntryUncheckedCreateInput) | (Without<...> & AuditEntryCreateInput)'.
[typecheck]   src/generated/competition-task.routes.ts(166,11): TS2322 Type 'any' is not assignable to type 'never'.
[typecheck]   src/generated/competition-task.routes.ts(237,9): TS2322 Type 'Record<string, unknown>' is not assignable to type '(Without<CompetitionTaskCreateInput, CompetitionTaskUncheckedCreateInput> & CompetitionTaskUncheckedCreateInput) | (Without<...> & CompetitionTaskCreateInput)'.
[typecheck]   src/generated/content-draft.routes.ts(166,11): TS2322 Type 'any' is not assignable to type 'never'.
[typecheck]   src/generated/content-draft.routes.ts(237,9): TS2322 Type 'Record<string, unknown>' is not assignable to type '(Without<ContentDraftCreateInput, ContentDraftUncheckedCreateInput> & ContentDraftUncheckedCreateInput) | (Without<...> & ContentDraftCreateInput)'.
[typecheck]   src/generated/contract-record.routes.ts(166,11): TS2322 Type 'any' is not assignable to type 'never'.
[typecheck]   src/generated/contract-record.routes.ts(237,9): TS2322 Type 'Record<string, unknown>' is not assignable to type '(Without<ContractRecordCreateInput, ContractRecordUncheckedCreateInput> & ContractRecordUncheckedCreateInput) | (Without<...> & ContractRecordCreateInput)'.
[typecheck]   src/generated/domain.ts(104,7): TS2353 Object literal may only specify known properties, and 'pendingDeletes' does not exist in type 'AnnotationsMap<this, never>'.
[typecheck]   src/generated/domain.ts(312,7): TS2353 Object literal may only specify known properties, and 'pendingDeletes' does not exist in type 'AnnotationsMap<this, never>'.
[typecheck]   …and 22 more
[stdout] build started...
[stdout] ✓ 1 modules transformed.
[stdout] dist/index.html                     0.43 kB │ gzip:   0.30 kB
dist/assets/index-DbbUupeV.css    102.62 kB │ gzip:  14.22 kB
dist/assets/index-IhR9qBLy.js   2,751.84 kB │ gzip: 503.57 kB
[stdout] built in 10075ms.
[stdout] build started...
[api-stdout] 🚀 Server running on http://localhost:3001
[api-stdout] 🚀 Server running on http://localhost:3001
[api-stderr] 49 | app.get('*', serveStatic({ path: './dist/index.html' }))
50 | 
51 | const port = Number(process.env.PORT) || 3001
52 | console.log(`🚀 Server running on http://localhost:${port}`)
53 | 
54 | Bun.serve({ port, fetch: app.fetch })
         ^
error: Failed to start server. Is port 3001 in use?
 syscall: "listen",
   errno: 0,
    code: "EADDRINUSE"

      at /app/workspace/server.tsx:54:5

Bun v1.3.11 (Linux x64)
[api-stdout] 🚀 Server running on http://localhost:3001
[stdout] ✓ 1 modules transformed.
[api-stdout] 🚀 Server running on http://localhost:3001
[api-stdout] 🚀 Server running on http://localhost:3001
[api-stderr] 49 | app.get('*', serveStatic({ path: './dist/index.html' }))
50 | 
51 | const port = Number(process.env.PORT) || 3001
52 | console.log(`🚀 Server running on http://localhost:${port}`)
53 | 
54 | Bun.serve({ port, fetch: app.fetch })
         ^
error: Failed to start server. Is port 3001 in use?
 syscall: "listen",
   errno: 0,
    code: "EADDRINUSE"

      at /app/workspace/server.tsx:54:5

Bun v1.3.11 (Linux x64)
[typecheck] ✗ tsc --noEmit found 32 type error(s) — these compile under Vite but will crash at runtime:
[typecheck]   src/generated/audit-entry.routes.ts(166,11): TS2322 Type 'any' is not assignable to type 'never'.
[typecheck]   src/generated/audit-entry.routes.ts(237,9): TS2322 Type 'Record<string, unknown>' is not assignable to type '(Without<AuditEntryCreateInput, AuditEntryUncheckedCreateInput> & AuditEntryUncheckedCreateInput) | (Without<...> & AuditEntryCreateInput)'.
[typecheck]   src/generated/competition-task.routes.ts(166,11): TS2322 Type 'any' is not assignable to type 'never'.
[typecheck]   src/generated/competition-task.routes.ts(237,9): TS2322 Type 'Record<string, unknown>' is not assignable to type '(Without<CompetitionTaskCreateInput, CompetitionTaskUncheckedCreateInput> & CompetitionTaskUncheckedCreateInput) | (Without<...> & CompetitionTaskCreateInput)'.
[typecheck]   src/generated/content-draft.routes.ts(166,11): TS2322 Type 'any' is not assignable to type 'never'.
[typecheck]   src/generated/content-draft.routes.ts(237,9): TS2322 Type 'Record<string, unknown>' is not assignable to type '(Without<ContentDraftCreateInput, ContentDraftUncheckedCreateInput> & ContentDraftUncheckedCreateInput) | (Without<...> & ContentDraftCreateInput)'.
[typecheck]   src/generated/contract-record.routes.ts(166,11): TS2322 Type 'any' is not assignable to type 'never'.
[typecheck]   src/generated/contract-record.routes.ts(237,9): TS2322 Type 'Record<string, unknown>' is not assignable to type '(Without<ContractRecordCreateInput, ContractRecordUncheckedCreateInput> & ContractRecordUncheckedCreateInput) | (Without<...> & ContractRecordCreateInput)'.
[typecheck]   src/generated/domain.ts(104,7): TS2353 Object literal may only specify known properties, and 'pendingDeletes' does not exist in type 'AnnotationsMap<this, never>'.
[typecheck]   src/generated/domain.ts(312,7): TS2353 Object literal may only specify known properties, and 'pendingDeletes' does not exist in type 'AnnotationsMap<this, never>'.
[typecheck]   …and 22 more
[api-stdout] 🚀 Server running on http://localhost:3001
[stdout] dist/index.html                     0.43 kB │ gzip:   0.30 kB
dist/assets/index-DbbUupeV.css    102.62 kB │ gzip:  14.22 kB
dist/assets/index-FzE5VWm7.js   2,751.79 kB │ gzip: 503.57 kB
[stdout] built in 19430ms.
[stdout] build started...
[stdout] ✓ 0 modules transformed.
[stdout] dist/index.html                     0.43 kB │ gzip:   0.30 kB
[stdout] dist/assets/index-DbbUupeV.css    102.62 kB │ gzip:  14.22 kB
dist/assets/index-IhR9qBLy.js   2,751.84 kB │ gzip: 503.57 kB
[typecheck] ✗ tsc --noEmit found 32 type error(s) — these compile under Vite but will crash at runtime:
[typecheck]   src/generated/audit-entry.routes.ts(166,11): TS2322 Type 'any' is not assignable to type 'never'.
[typecheck]   src/generated/audit-entry.routes.ts(237,9): TS2322 Type 'Record<string, unknown>' is not assignable to type '(Without<AuditEntryCreateInput, AuditEntryUncheckedCreateInput> & AuditEntryUncheckedCreateInput) | (Without<...> & AuditEntryCreateInput)'.
[typecheck]   src/generated/competition-task.routes.ts(166,11): TS2322 Type 'any' is not assignable to type 'never'.
[typecheck]   src/generated/competition-task.routes.ts(237,9): TS2322 Type 'Record<string, unknown>' is not assignable to type '(Without<CompetitionTaskCreateInput, CompetitionTaskUncheckedCreateInput> & CompetitionTaskUncheckedCreateInput) | (Without<...> & CompetitionTaskCreateInput)'.
[typecheck]   src/generated/content-draft.routes.ts(166,11): TS2322 Type 'any' is not assignable to type 'never'.
[typecheck]   src/generated/content-draft.routes.ts(237,9): TS2322 Type 'Record<string, unknown>' is not assignable to type '(Without<ContentDraftCreateInput, ContentDraftUncheckedCreateInput> & ContentDraftUncheckedCreateInput) | (Without<...> & ContentDraftCreateInput)'.
[typecheck]   src/generated/contract-record.routes.ts(166,11): TS2322 Type 'any' is not assignable to type 'never'.
[typecheck]   src/generated/contract-record.routes.ts(237,9): TS2322 Type 'Record<string, unknown>' is not assignable to type '(Without<ContractRecordCreateInput, ContractRecordUncheckedCreateInput> & ContractRecordUncheckedCreateInput) | (Without<...> & ContractRecordCreateInput)'.
[typecheck]   src/generated/domain.ts(104,7): TS2353 Object literal may only specify known properties, and 'pendingDeletes' does not exist in type 'AnnotationsMap<this, never>'.
[typecheck]   src/generated/domain.ts(312,7): TS2353 Object literal may only specify known properties, and 'pendingDeletes' does not exist in type 'AnnotationsMap<this, never>'.
[typecheck]   …and 22 more
[stdout] built in 15874ms.
[stdout] build started...
[typecheck] ✗ tsc --noEmit found 32 type error(s) — these compile under Vite but will crash at runtime:
[typecheck]   src/generated/audit-entry.routes.ts(166,11): TS2322 Type 'any' is not assignable to type 'never'.
[typecheck]   src/generated/audit-entry.routes.ts(237,9): TS2322 Type 'Record<string, unknown>' is not assignable to type '(Without<AuditEntryCreateInput, AuditEntryUncheckedCreateInput> & AuditEntryUncheckedCreateInput) | (Without<...> & AuditEntryCreateInput)'.
[typecheck]   src/generated/competition-task.routes.ts(166,11): TS2322 Type 'any' is not assignable to type 'never'.
[typecheck]   src/generated/competition-task.routes.ts(237,9): TS2322 Type 'Record<string, unknown>' is not assignable to type '(Without<CompetitionTaskCreateInput, CompetitionTaskUncheckedCreateInput> & CompetitionTaskUncheckedCreateInput) | (Without<...> & CompetitionTaskCreateInput)'.
[typecheck]   src/generated/content-draft.routes.ts(166,11): TS2322 Type 'any' is not assignable to type 'never'.
[typecheck]   src/generated/content-draft.routes.ts(237,9): TS2322 Type 'Record<string, unknown>' is not assignable to type '(Without<ContentDraftCreateInput, ContentDraftUncheckedCreateInput> & ContentDraftUncheckedCreateInput) | (Without<...> & ContentDraftCreateInput)'.
[typecheck]   src/generated/contract-record.routes.ts(166,11): TS2322 Type 'any' is not assignable to type 'never'.
[typecheck]   src/generated/contract-record.routes.ts(237,9): TS2322 Type 'Record<string, unknown>' is not assignable to type '(Without<ContractRecordCreateInput, ContractRecordUncheckedCreateInput> & ContractRecordUncheckedCreateInput) | (Without<...> & ContractRecordCreateInput)'.
[typecheck]   src/generated/domain.ts(104,7): TS2353 Object literal may only specify known properties, and 'pendingDeletes' does not exist in type 'AnnotationsMap<this, never>'.
[typecheck]   src/generated/domain.ts(312,7): TS2353 Object literal may only specify known properties, and 'pendingDeletes' does not exist in type 'AnnotationsMap<this, never>'.
[typecheck]   …and 22 more
[stdout] ✓ 1 modules transformed.
[stdout] dist/index.html                     0.43 kB │ gzip:   0.30 kB
[stdout] dist/assets/index-DbbUupeV.css    102.62 kB │ gzip:  14.22 kB
[stdout] dist/assets/index-FzE5VWm7.js   2,751.79 kB │ gzip: 503.57 kB
[stdout] built in 12707ms.
[typecheck] ✗ tsc --noEmit found 32 type error(s) — these compile under Vite but will crash at runtime:
[typecheck]   src/generated/audit-entry.routes.ts(166,11): TS2322 Type 'any' is not assignable to type 'never'.
[typecheck]   src/generated/audit-entry.routes.ts(237,9): TS2322 Type 'Record<string, unknown>' is not assignable to type '(Without<AuditEntryCreateInput, AuditEntryUncheckedCreateInput> & AuditEntryUncheckedCreateInput) | (Without<...> & AuditEntryCreateInput)'.
[typecheck]   src/generated/competition-task.routes.ts(166,11): TS2322 Type 'any' is not assignable to type 'never'.
[typecheck]   src/generated/competition-task.routes.ts(237,9): TS2322 Type 'Record<string, unknown>' is not assignable to type '(Without<CompetitionTaskCreateInput, CompetitionTaskUncheckedCreateInput> & CompetitionTaskUncheckedCreateInput) | (Without<...> & CompetitionTaskCreateInput)'.
[typecheck]   src/generated/content-draft.routes.ts(166,11): TS2322 Type 'any' is not assignable to type 'never'.
[typecheck]   src/generated/content-draft.routes.ts(237,9): TS2322 Type 'Record<string, unknown>' is not assignable to type '(Without<ContentDraftCreateInput, ContentDraftUncheckedCreateInput> & ContentDraftUncheckedCreateInput) | (Without<...> & ContentDraftCreateInput)'.
[typecheck]   src/generated/contract-record.routes.ts(166,11): TS2322 Type 'any' is not assignable to type 'never'.
[typecheck]   src/generated/contract-record.routes.ts(237,9): TS2322 Type 'Record<string, unknown>' is not assignable to type '(Without<ContractRecordCreateInput, ContractRecordUncheckedCreateInput> & ContractRecordUncheckedCreateInput) | (Without<...> & ContractRecordCreateInput)'.
[typecheck]   src/generated/domain.ts(104,7): TS2353 Object literal may only specify known properties, and 'pendingDeletes' does not exist in type 'AnnotationsMap<this, never>'.
[typecheck]   src/generated/domain.ts(312,7): TS2353 Object literal may only specify known properties, and 'pendingDeletes' does not exist in type 'AnnotationsMap<this, never>'.
[typecheck]   …and 22 more
[stdout] build started...
[stdout] ✓ 1 modules transformed.
[api-stdout] 🚀 Server running on http://localhost:3001
[api-stdout] 🚀 Server running on http://localhost:3001
[api-stderr] 49 | app.get('*', serveStatic({ path: './dist/index.html' }))
50 | 
51 | const port = Number(process.env.PORT) || 3001
52 | console.log(`🚀 Server running on http://localhost:${port}`)
53 | 
54 | Bun.serve({ port, fetch: app.fetch })
         ^
error: Failed to start server. Is port 3001 in use?
 syscall: "listen",
   errno: 0,
    code: "EADDRINUSE"

      at /app/workspace/server.tsx:54:5
[api-stderr] Bun v1.3.11 (Linux x64)
[api-stdout] 🚀 Server running on http://localhost:3001
[stdout] dist/index.html                     0.43 kB │ gzip:   0.30 kB
dist/assets/index-DbbUupeV.css    102.62 kB │ gzip:  14.22 kB
dist/assets/index-IhR9qBLy.js   2,751.84 kB │ gzip: 503.57 kB
[stdout] built in 14565ms.
[stdout] build started...
[api-stdout] 🚀 Server running on http://localhost:3001
[api-stdout] 🚀 Server running on http://localhost:3001
[api-stderr] 49 | app.get('*', serveStatic({ path: './dist/index.html' }))
50 | 
51 | const port = Number(process.env.PORT) || 3001
52 | console.log(`🚀 Server running on http://localhost:${port}`)
53 | 
54 | Bun.serve({ port, fetch: app.fetch })
         ^
error: Failed to start server. Is port 3001 in use?
 syscall: "listen",
   errno: 0,
    code: "EADDRINUSE"

      at /app/workspace/server.tsx:54:5

Bun v1.3.11 (Linux x64)
[api-stdout] 🚀 Server running on http://localhost:3001
[stdout] ✓ 0 modules transformed.
[stdout] dist/index.html                     0.43 kB │ gzip:   0.30 kB
dist/assets/index-DbbUupeV.css    102.62 kB │ gzip:  14.22 kB
dist/assets/index-FzE5VWm7.js   2,751.79 kB │ gzip: 503.57 kB
[stdout] built in 16129ms.
[stdout] build started...
[typecheck] ✗ tsc --noEmit found 32 type error(s) — these compile under Vite but will crash at runtime:
[typecheck]   src/generated/audit-entry.routes.ts(166,11): TS2322 Type 'any' is not assignable to type 'never'.
[typecheck]   src/generated/audit-entry.routes.ts(237,9): TS2322 Type 'Record<string, unknown>' is not assignable to type '(Without<AuditEntryCreateInput, AuditEntryUncheckedCreateInput> & AuditEntryUncheckedCreateInput) | (Without<...> & AuditEntryCreateInput)'.
[typecheck]   src/generated/competition-task.routes.ts(166,11): TS2322 Type 'any' is not assignable to type 'never'.
[typecheck]   src/generated/competition-task.routes.ts(237,9): TS2322 Type 'Record<string, unknown>' is not assignable to type '(Without<CompetitionTaskCreateInput, CompetitionTaskUncheckedCreateInput> & CompetitionTaskUncheckedCreateInput) | (Without<...> & CompetitionTaskCreateInput)'.
[typecheck]   src/generated/content-draft.routes.ts(166,11): TS2322 Type 'any' is not assignable to type 'never'.
[typecheck]   src/generated/content-draft.routes.ts(237,9): TS2322 Type 'Record<string, unknown>' is not assignable to type '(Without<ContentDraftCreateInput, ContentDraftUncheckedCreateInput> & ContentDraftUncheckedCreateInput) | (Without<...> & ContentDraftCreateInput)'.
[typecheck]   src/generated/contract-record.routes.ts(166,11): TS2322 Type 'any' is not assignable to type 'never'.
[typecheck]   src/generated/contract-record.routes.ts(237,9): TS2322 Type 'Record<string, unknown>' is not assignable to type '(Without<ContractRecordCreateInput, ContractRecordUncheckedCreateInput> & ContractRecordUncheckedCreateInput) | (Without<...> & ContractRecordCreateInput)'.
[typecheck]   src/generated/domain.ts(104,7): TS2353 Object literal may only specify known properties, and 'pendingDeletes' does not exist in type 'AnnotationsMap<this, never>'.
[typecheck]   src/generated/domain.ts(312,7): TS2353 Object literal may only specify known properties, and 'pendingDeletes' does not exist in type 'AnnotationsMap<this, never>'.
[typecheck]   …and 22 more
[stdout] ✓ 0 modules transformed.
[stdout] dist/index.html                     0.43 kB │ gzip:   0.30 kB
[stdout] dist/assets/index-DbbUupeV.css    102.62 kB │ gzip:  14.22 kB
[stdout] dist/assets/index-IhR9qBLy.js   2,751.84 kB │ gzip: 503.57 kB
[stdout] built in 17345ms.
[stdout] build started...
[typecheck] ✗ tsc --noEmit found 32 type error(s) — these compile under Vite but will crash at runtime:
[typecheck]   src/generated/audit-entry.routes.ts(166,11): TS2322 Type 'any' is not assignable to type 'never'.
[typecheck]   src/generated/audit-entry.routes.ts(237,9): TS2322 Type 'Record<string, unknown>' is not assignable to type '(Without<AuditEntryCreateInput, AuditEntryUncheckedCreateInput> & AuditEntryUncheckedCreateInput) | (Without<...> & AuditEntryCreateInput)'.
[typecheck]   src/generated/competition-task.routes.ts(166,11): TS2322 Type 'any' is not assignable to type 'never'.
[typecheck]   src/generated/competition-task.routes.ts(237,9): TS2322 Type 'Record<string, unknown>' is not assignable to type '(Without<CompetitionTaskCreateInput, CompetitionTaskUncheckedCreateInput> & CompetitionTaskUncheckedCreateInput) | (Without<...> & CompetitionTaskCreateInput)'.
[typecheck]   src/generated/content-draft.routes.ts(166,11): TS2322 Type 'any' is not assignable to type 'never'.
[typecheck]   src/generated/content-draft.routes.ts(237,9): TS2322 Type 'Record<string, unknown>' is not assignable to type '(Without<ContentDraftCreateInput, ContentDraftUncheckedCreateInput> & ContentDraftUncheckedCreateInput) | (Without<...> & ContentDraftCreateInput)'.
[typecheck]   src/generated/contract-record.routes.ts(166,11): TS2322 Type 'any' is not assignable to type 'never'.
[typecheck]   src/generated/contract-record.routes.ts(237,9): TS2322 Type 'Record<string, unknown>' is not assignable to type '(Without<ContractRecordCreateInput, ContractRecordUncheckedCreateInput> & ContractRecordUncheckedCreateInput) | (Without<...> & ContractRecordCreateInput)'.
[typecheck]   src/generated/domain.ts(104,7): TS2353 Object literal may only specify known properties, and 'pendingDeletes' does not exist in type 'AnnotationsMap<this, never>'.
[typecheck]   src/generated/domain.ts(312,7): TS2353 Object literal may only specify known properties, and 'pendingDeletes' does not exist in type 'AnnotationsMap<this, never>'.
[typecheck]   …and 22 more
[stdout] ✓ 0 modules transformed.
[stdout] dist/index.html                     0.43 kB │ gzip:   0.30 kB
dist/assets/index-DbbUupeV.css    102.62 kB │ gzip:  14.22 kB
dist/assets/index-FzE5VWm7.js   2,751.79 kB │ gzip: 503.57 kB
[stdout] built in 17809ms.
[typecheck] ✗ tsc --noEmit found 32 type error(s) — these compile under Vite but will crash at runtime:
[typecheck]   src/generated/audit-entry.routes.ts(166,11): TS2322 Type 'any' is not assignable to type 'never'.
[typecheck]   src/generated/audit-entry.routes.ts(237,9): TS2322 Type 'Record<string, unknown>' is not assignable to type '(Without<AuditEntryCreateInput, AuditEntryUncheckedCreateInput> & AuditEntryUncheckedCreateInput) | (Without<...> & AuditEntryCreateInput)'.
[typecheck]   src/generated/competition-task.routes.ts(166,11): TS2322 Type 'any' is not assignable to type 'never'.
[typecheck]   src/generated/competition-task.routes.ts(237,9): TS2322 Type 'Record<string, unknown>' is not assignable to type '(Without<CompetitionTaskCreateInput, CompetitionTaskUncheckedCreateInput> & CompetitionTaskUncheckedCreateInput) | (Without<...> & CompetitionTaskCreateInput)'.
[typecheck]   src/generated/content-draft.routes.ts(166,11): TS2322 Type 'any' is not assignable to type 'never'.
[typecheck]   src/generated/content-draft.routes.ts(237,9): TS2322 Type 'Record<string, unknown>' is not assignable to type '(Without<ContentDraftCreateInput, ContentDraftUncheckedCreateInput> & ContentDraftUncheckedCreateInput) | (Without<...> & ContentDraftCreateInput)'.
[typecheck]   src/generated/contract-record.routes.ts(166,11): TS2322 Type 'any' is not assignable to type 'never'.
[typecheck]   src/generated/contract-record.routes.ts(237,9): TS2322 Type 'Record<string, unknown>' is not assignable to type '(Without<ContractRecordCreateInput, ContractRecordUncheckedCreateInput> & ContractRecordUncheckedCreateInput) | (Without<...> & ContractRecordCreateInput)'.
[typecheck]   src/generated/domain.ts(104,7): TS2353 Object literal may only specify known properties, and 'pendingDeletes' does not exist in type 'AnnotationsMap<this, never>'.
[typecheck]   src/generated/domain.ts(312,7): TS2353 Object literal may only specify known properties, and 'pendingDeletes' does not exist in type 'AnnotationsMap<this, never>'.
[typecheck]   …and 22 more
[typecheck] ✗ tsc --noEmit found 32 type error(s) — these compile under Vite but will crash at runtime:
[typecheck]   src/generated/audit-entry.routes.ts(166,11): TS2322 Type 'any' is not assignable to type 'never'.
[typecheck]   src/generated/audit-entry.routes.ts(237,9): TS2322 Type 'Record<string, unknown>' is not assignable to type '(Without<AuditEntryCreateInput, AuditEntryUncheckedCreateInput> & AuditEntryUncheckedCreateInput) | (Without<...> & AuditEntryCreateInput)'.
[typecheck]   src/generated/competition-task.routes.ts(166,11): TS2322 Type 'any' is not assignable to type 'never'.
[typecheck]   src/generated/competition-task.routes.ts(237,9): TS2322 Type 'Record<string, unknown>' is not assignable to type '(Without<CompetitionTaskCreateInput, CompetitionTaskUncheckedCreateInput> & CompetitionTaskUncheckedCreateInput) | (Without<...> & CompetitionTaskCreateInput)'.
[typecheck]   src/generated/content-draft.routes.ts(166,11): TS2322 Type 'any' is not assignable to type 'never'.
[typecheck]   src/generated/content-draft.routes.ts(237,9): TS2322 Type 'Record<string, unknown>' is not assignable to type '(Without<ContentDraftCreateInput, ContentDraftUncheckedCreateInput> & ContentDraftUncheckedCreateInput) | (Without<...> & ContentDraftCreateInput)'.
[typecheck]   src/generated/contract-record.routes.ts(166,11): TS2322 Type 'any' is not assignable to type 'never'.
[typecheck]   src/generated/contract-record.routes.ts(237,9): TS2322 Type 'Record<string, unknown>' is not assignable to type '(Without<ContractRecordCreateInput, ContractRecordUncheckedCreateInput> & ContractRecordUncheckedCreateInput) | (Without<...> & ContractRecordCreateInput)'.
[typecheck]   src/generated/domain.ts(104,7): TS2353 Object literal may only specify known properties, and 'pendingDeletes' does not exist in type 'AnnotationsMap<this, never>'.
[typecheck]   src/generated/domain.ts(312,7): TS2353 Object literal may only specify known properties, and 'pendingDeletes' does not exist in type 'AnnotationsMap<this, never>'.
[typecheck]   …and 22 more
[stdout] build started...
[stdout] ✓ 1 modules transformed.
[api-stdout] 🚀 Server running on http://localhost:3001
[api-stdout] 🚀 Server running on http://localhost:3001
[api-stderr] 49 | app.get('*', serveStatic({ path: './dist/index.html' }))
50 | 
51 | const port = Number(process.env.PORT) || 3001
52 | console.log(`🚀 Server running on http://localhost:${port}`)
53 | 
54 | Bun.serve({ port, fetch: app.fetch })
         ^
error: Failed to start server. Is port 3001 in use?
 syscall: "listen",
   errno: 0,
    code: "EADDRINUSE"

      at /app/workspace/server.tsx:54:5
[api-stderr] Bun v1.3.11 (Linux x64)
[stdout] dist/index.html                     0.43 kB │ gzip:   0.30 kB
[stdout] dist/assets/index-DbbUupeV.css    102.62 kB │ gzip:  14.22 kB
dist/assets/index-IhR9qBLy.js   2,751.84 kB │ gzip: 503.57 kB
[stdout] built in 14056ms.
[stdout] build started...
[api-stdout] 🚀 Server running on http://localhost:3001
[api-stdout] 🚀 Server running on http://localhost:3001
[api-stdout] 🚀 Server running on http://localhost:3001
[api-stderr] 49 | app.get('*', serveStatic({ path: './dist/index.html' }))
50 | 
51 | const port = Number(process.env.PORT) || 3001
52 | console.log(`🚀 Server running on http://localhost:${port}`)
53 | 
54 | Bun.serve({ port, fetch: app.fetch })
         ^
error: Failed to start server. Is port 3001 in use?
 syscall: "listen",
   errno: 0,
    code: "EADDRINUSE"

      at /app/workspace/server.tsx:54:5
[api-stderr] Bun v1.3.11 (Linux x64)
[api-stdout] 🚀 Server running on http://localhost:3001
[stdout] ✓ 0 modules transformed.
[typecheck] ✗ tsc --noEmit found 32 type error(s) — these compile under Vite but will crash at runtime:
[typecheck]   src/generated/audit-entry.routes.ts(166,11): TS2322 Type 'any' is not assignable to type 'never'.
[typecheck]   src/generated/audit-entry.routes.ts(237,9): TS2322 Type 'Record<string, unknown>' is not assignable to type '(Without<AuditEntryCreateInput, AuditEntryUncheckedCreateInput> & AuditEntryUncheckedCreateInput) | (Without<...> & AuditEntryCreateInput)'.
[typecheck]   src/generated/competition-task.routes.ts(166,11): TS2322 Type 'any' is not assignable to type 'never'.
[typecheck]   src/generated/competition-task.routes.ts(237,9): TS2322 Type 'Record<string, unknown>' is not assignable to type '(Without<CompetitionTaskCreateInput, CompetitionTaskUncheckedCreateInput> & CompetitionTaskUncheckedCreateInput) | (Without<...> & CompetitionTaskCreateInput)'.
[typecheck]   src/generated/content-draft.routes.ts(166,11): TS2322 Type 'any' is not assignable to type 'never'.
[typecheck]   src/generated/content-draft.routes.ts(237,9): TS2322 Type 'Record<string, unknown>' is not assignable to type '(Without<ContentDraftCreateInput, ContentDraftUncheckedCreateInput> & ContentDraftUncheckedCreateInput) | (Without<...> & ContentDraftCreateInput)'.
[typecheck]   src/generated/contract-record.routes.ts(166,11): TS2322 Type 'any' is not assignable to type 'never'.
[typecheck]   src/generated/contract-record.routes.ts(237,9): TS2322 Type 'Record<string, unknown>' is not assignable to type '(Without<ContractRecordCreateInput, ContractRecordUncheckedCreateInput> & ContractRecordUncheckedCreateInput) | (Without<...> & ContractRecordCreateInput)'.
[typecheck]   src/generated/domain.ts(104,7): TS2353 Object literal may only specify known properties, and 'pendingDeletes' does not exist in type 'AnnotationsMap<this, never>'.
[typecheck]   src/generated/domain.ts(312,7): TS2353 Object literal may only specify known properties, and 'pendingDeletes' does not exist in type 'AnnotationsMap<this, never>'.
[typecheck]   …and 22 more
[stdout] dist/index.html                     0.43 kB │ gzip:   0.30 kB
[stdout] dist/assets/index-DbbUupeV.css    102.62 kB │ gzip:  14.22 kB
dist/assets/index-FzE5VWm7.js   2,751.79 kB │ gzip: 503.57 kB
[stdout] built in 18256ms.
[stdout] build started...
[stdout] ✓ 0 modules transformed.
[stdout] dist/index.html                     0.43 kB │ gzip:   0.30 kB
dist/assets/index-DbbUupeV.css    102.62 kB │ gzip:  14.22 kB
dist/assets/index-IhR9qBLy.js   2,751.84 kB │ gzip: 503.57 kB
[stdout] built in 16102ms.
[stdout] build started...
[typecheck] ✗ tsc --noEmit found 32 type error(s) — these compile under Vite but will crash at runtime:
[typecheck]   src/generated/audit-entry.routes.ts(166,11): TS2322 Type 'any' is not assignable to type 'never'.
[typecheck]   src/generated/audit-entry.routes.ts(237,9): TS2322 Type 'Record<string, unknown>' is not assignable to type '(Without<AuditEntryCreateInput, AuditEntryUncheckedCreateInput> & AuditEntryUncheckedCreateInput) | (Without<...> & AuditEntryCreateInput)'.
[typecheck]   src/generated/competition-task.routes.ts(166,11): TS2322 Type 'any' is not assignable to type 'never'.
[typecheck]   src/generated/competition-task.routes.ts(237,9): TS2322 Type 'Record<string, unknown>' is not assignable to type '(Without<CompetitionTaskCreateInput, CompetitionTaskUncheckedCreateInput> & CompetitionTaskUncheckedCreateInput) | (Without<...> & CompetitionTaskCreateInput)'.
[typecheck]   src/generated/content-draft.routes.ts(166,11): TS2322 Type 'any' is not assignable to type 'never'.
[typecheck]   src/generated/content-draft.routes.ts(237,9): TS2322 Type 'Record<string, unknown>' is not assignable to type '(Without<ContentDraftCreateInput, ContentDraftUncheckedCreateInput> & ContentDraftUncheckedCreateInput) | (Without<...> & ContentDraftCreateInput)'.
[typecheck]   src/generated/contract-record.routes.ts(166,11): TS2322 Type 'any' is not assignable to type 'never'.
[typecheck]   src/generated/contract-record.routes.ts(237,9): TS2322 Type 'Record<string, unknown>' is not assignable to type '(Without<ContractRecordCreateInput, ContractRecordUncheckedCreateInput> & ContractRecordUncheckedCreateInput) | (Without<...> & ContractRecordCreateInput)'.
[typecheck]   src/generated/domain.ts(104,7): TS2353 Object literal may only specify known properties, and 'pendingDeletes' does not exist in type 'AnnotationsMap<this, never>'.
[typecheck]   src/generated/domain.ts(312,7): TS2353 Object literal may only specify known properties, and 'pendingDeletes' does not exist in type 'AnnotationsMap<this, never>'.
[typecheck]   …and 22 more
[stdout] ✓ 1 modules transformed.
[stdout] dist/index.html                     0.43 kB │ gzip:   0.30 kB
[stdout] dist/assets/index-DbbUupeV.css    102.62 kB │ gzip:  14.22 kB
dist/assets/index-FzE5VWm7.js   2,751.79 kB │ gzip: 503.57 kB
[stdout] built in 13734ms.
[typecheck] ✗ tsc --noEmit found 32 type error(s) — these compile under Vite but will crash at runtime:
[typecheck]   src/generated/audit-entry.routes.ts(166,11): TS2322 Type 'any' is not assignable to type 'never'.
[typecheck]   src/generated/audit-entry.routes.ts(237,9): TS2322 Type 'Record<string, unknown>' is not assignable to type '(Without<AuditEntryCreateInput, AuditEntryUncheckedCreateInput> & AuditEntryUncheckedCreateInput) | (Without<...> & AuditEntryCreateInput)'.
[typecheck]   src/generated/competition-task.routes.ts(166,11): TS2322 Type 'any' is not assignable to type 'never'.
[typecheck]   src/generated/competition-task.routes.ts(237,9): TS2322 Type 'Record<string, unknown>' is not assignable to type '(Without<CompetitionTaskCreateInput, CompetitionTaskUncheckedCreateInput> & CompetitionTaskUncheckedCreateInput) | (Without<...> & CompetitionTaskCreateInput)'.
[typecheck]   src/generated/content-draft.routes.ts(166,11): TS2322 Type 'any' is not assignable to type 'never'.
[typecheck]   src/generated/content-draft.routes.ts(237,9): TS2322 Type 'Record<string, unknown>' is not assignable to type '(Without<ContentDraftCreateInput, ContentDraftUncheckedCreateInput> & ContentDraftUncheckedCreateInput) | (Without<...> & ContentDraftCreateInput)'.
[typecheck]   src/generated/contract-record.routes.ts(166,11): TS2322 Type 'any' is not assignable to type 'never'.
[typecheck]   src/generated/contract-record.routes.ts(237,9): TS2322 Type 'Record<string, unknown>' is not assignable to type '(Without<ContractRecordCreateInput, ContractRecordUncheckedCreateInput> & ContractRecordUncheckedCreateInput) | (Without<...> & ContractRecordCreateInput)'.
[typecheck]   src/generated/domain.ts(104,7): TS2353 Object literal may only specify known properties, and 'pendingDeletes' does not exist in type 'AnnotationsMap<this, never>'.
[typecheck]   src/generated/domain.ts(312,7): TS2353 Object literal may only specify known properties, and 'pendingDeletes' does not exist in type 'AnnotationsMap<this, never>'.
[typecheck]   …and 22 more
[stdout] build started...
[stdout] ✓ 1 modules transformed.
[stdout] dist/index.html                     0.43 kB │ gzip:   0.30 kB
[stdout] dist/assets/index-DbbUupeV.css    102.62 kB │ gzip:  14.22 kB
[stdout] dist/assets/index-IhR9qBLy.js   2,751.84 kB │ gzip: 503.57 kB
[typecheck] ✗ tsc --noEmit found 32 type error(s) — these compile under Vite but will crash at runtime:
[typecheck]   src/generated/audit-entry.routes.ts(166,11): TS2322 Type 'any' is not assignable to type 'never'.
[typecheck]   src/generated/audit-entry.routes.ts(237,9): TS2322 Type 'Record<string, unknown>' is not assignable to type '(Without<AuditEntryCreateInput, AuditEntryUncheckedCreateInput> & AuditEntryUncheckedCreateInput) | (Without<...> & AuditEntryCreateInput)'.
[typecheck]   src/generated/competition-task.routes.ts(166,11): TS2322 Type 'any' is not assignable to type 'never'.
[typecheck]   src/generated/competition-task.routes.ts(237,9): TS2322 Type 'Record<string, unknown>' is not assignable to type '(Without<CompetitionTaskCreateInput, CompetitionTaskUncheckedCreateInput> & CompetitionTaskUncheckedCreateInput) | (Without<...> & CompetitionTaskCreateInput)'.
[typecheck]   src/generated/content-draft.routes.ts(166,11): TS2322 Type 'any' is not assignable to type 'never'.
[typecheck]   src/generated/content-draft.routes.ts(237,9): TS2322 Type 'Record<string, unknown>' is not assignable to type '(Without<ContentDraftCreateInput, ContentDraftUncheckedCreateInput> & ContentDraftUncheckedCreateInput) | (Without<...> & ContentDraftCreateInput)'.
[typecheck]   src/generated/contract-record.routes.ts(166,11): TS2322 Type 'any' is not assignable to type 'never'.
[typecheck]   src/generated/contract-record.routes.ts(237,9): TS2322 Type 'Record<string, unknown>' is not assignable to type '(Without<ContractRecordCreateInput, ContractRecordUncheckedCreateInput> & ContractRecordUncheckedCreateInput) | (Without<...> & ContractRecordCreateInput)'.
[typecheck]   src/generated/domain.ts(104,7): TS2353 Object literal may only specify known properties, and 'pendingDeletes' does not exist in type 'AnnotationsMap<this, never>'.
[typecheck]   src/generated/domain.ts(312,7): TS2353 Object literal may only specify known properties, and 'pendingDeletes' does not exist in type 'AnnotationsMap<this, never>'.
[typecheck]   …and 22 more
[stdout] built in 13947ms.
[typecheck] ✗ tsc --noEmit found 32 type error(s) — these compile under Vite but will crash at runtime:
[typecheck]   src/generated/audit-entry.routes.ts(166,11): TS2322 Type 'any' is not assignable to type 'never'.
[typecheck]   src/generated/audit-entry.routes.ts(237,9): TS2322 Type 'Record<string, unknown>' is not assignable to type '(Without<AuditEntryCreateInput, AuditEntryUncheckedCreateInput> & AuditEntryUncheckedCreateInput) | (Without<...> & AuditEntryCreateInput)'.
[typecheck]   src/generated/competition-task.routes.ts(166,11): TS2322 Type 'any' is not assignable to type 'never'.
[typecheck]   src/generated/competition-task.routes.ts(237,9): TS2322 Type 'Record<string, unknown>' is not assignable to type '(Without<CompetitionTaskCreateInput, CompetitionTaskUncheckedCreateInput> & CompetitionTaskUncheckedCreateInput) | (Without<...> & CompetitionTaskCreateInput)'.
[typecheck]   src/generated/content-draft.routes.ts(166,11): TS2322 Type 'any' is not assignable to type 'never'.
[typecheck]   src/generated/content-draft.routes.ts(237,9): TS2322 Type 'Record<string, unknown>' is not assignable to type '(Without<ContentDraftCreateInput, ContentDraftUncheckedCreateInput> & ContentDraftUncheckedCreateInput) | (Without<...> & ContentDraftCreateInput)'.
[typecheck]   src/generated/contract-record.routes.ts(166,11): TS2322 Type 'any' is not assignable to type 'never'.
[typecheck]   src/generated/contract-record.routes.ts(237,9): TS2322 Type 'Record<string, unknown>' is not assignable to type '(Without<ContractRecordCreateInput, ContractRecordUncheckedCreateInput> & ContractRecordUncheckedCreateInput) | (Without<...> & ContractRecordCreateInput)'.
[typecheck]   src/generated/domain.ts(104,7): TS2353 Object literal may only specify known properties, and 'pendingDeletes' does not exist in type 'AnnotationsMap<this, never>'.
[typecheck]   src/generated/domain.ts(312,7): TS2353 Object literal may only specify known properties, and 'pendingDeletes' does not exist in type 'AnnotationsMap<this, never>'.
[typecheck]   …and 22 more
[stdout] build started...
[stdout] ✓ 1 modules transformed.
[stdout] dist/index.html                     0.43 kB │ gzip:   0.30 kB
[stdout] dist/assets/index-DbbUupeV.css    102.62 kB │ gzip:  14.22 kB
[stdout] dist/assets/index-FzE5VWm7.js   2,751.79 kB │ gzip: 503.57 kB
[stdout] built in 10657ms.
[typecheck] ✗ tsc --noEmit found 32 type error(s) — these compile under Vite but will crash at runtime:
[typecheck]   src/generated/audit-entry.routes.ts(166,11): TS2322 Type 'any' is not assignable to type 'never'.
[typecheck]   src/generated/audit-entry.routes.ts(237,9): TS2322 Type 'Record<string, unknown>' is not assignable to type '(Without<AuditEntryCreateInput, AuditEntryUncheckedCreateInput> & AuditEntryUncheckedCreateInput) | (Without<...> & AuditEntryCreateInput)'.
[typecheck]   src/generated/competition-task.routes.ts(166,11): TS2322 Type 'any' is not assignable to type 'never'.
[typecheck]   src/generated/competition-task.routes.ts(237,9): TS2322 Type 'Record<string, unknown>' is not assignable to type '(Without<CompetitionTaskCreateInput, CompetitionTaskUncheckedCreateInput> & CompetitionTaskUncheckedCreateInput) | (Without<...> & CompetitionTaskCreateInput)'.
[typecheck]   src/generated/content-draft.routes.ts(166,11): TS2322 Type 'any' is not assignable to type 'never'.
[typecheck]   src/generated/content-draft.routes.ts(237,9): TS2322 Type 'Record<string, unknown>' is not assignable to type '(Without<ContentDraftCreateInput, ContentDraftUncheckedCreateInput> & ContentDraftUncheckedCreateInput) | (Without<...> & ContentDraftCreateInput)'.
[typecheck]   src/generated/contract-record.routes.ts(166,11): TS2322 Type 'any' is not assignable to type 'never'.
[typecheck]   src/generated/contract-record.routes.ts(237,9): TS2322 Type 'Record<string, unknown>' is not assignable to type '(Without<ContractRecordCreateInput, ContractRecordUncheckedCreateInput> & ContractRecordUncheckedCreateInput) | (Without<...> & ContractRecordCreateInput)'.
[typecheck]   src/generated/domain.ts(104,7): TS2353 Object literal may only specify known properties, and 'pendingDeletes' does not exist in type 'AnnotationsMap<this, never>'.
[typecheck]   src/generated/domain.ts(312,7): TS2353 Object literal may only specify known properties, and 'pendingDeletes' does not exist in type 'AnnotationsMap<this, never>'.
[typecheck]   …and 22 more
[stdout] build started...
[stdout] ✓ 1 modules transformed.
[api-stdout] 🚀 Server running on http://localhost:3001
[api-stdout] 🚀 Server running on http://localhost:3001
[api-stderr] 49 | app.get('*', serveStatic({ path: './dist/index.html' }))
50 | 
51 | const port = Number(process.env.PORT) || 3001
52 | console.log(`🚀 Server running on http://localhost:${port}`)
53 | 
54 | Bun.serve({ port, fetch: app.fetch })
         ^
error: Failed to start server. Is port 3001 in use?
 syscall: "listen",
   errno: 0,
    code: "EADDRINUSE"

      at /app/workspace/server.tsx:54:5

Bun v1.3.11 (Linux x64)
[api-stdout] 🚀 Server running on http://localhost:3001
[stdout] dist/index.html                     0.43 kB │ gzip:   0.30 kB
[stdout] dist/assets/index-DbbUupeV.css    102.62 kB │ gzip:  14.22 kB
dist/assets/index-IhR9qBLy.js   2,751.84 kB │ gzip: 503.57 kB
[stdout] built in 14188ms.
[stdout] build started...
[stdout] ✓ 0 modules transformed.
[stdout] dist/index.html                     0.43 kB │ gzip:   0.30 kB
dist/assets/index-DbbUupeV.css    102.62 kB │ gzip:  14.22 kB
dist/assets/index-FzE5VWm7.js   2,751.79 kB │ gzip: 503.57 kB
[stdout] built in 13291ms.
[typecheck] ✗ tsc --noEmit found 33 type error(s) — these compile under Vite but will crash at runtime:
[typecheck]   src/data/uk-framework.ts(7,80): TS2307 Cannot find module './enrichment' or its corresponding type declarations.
[typecheck]   src/generated/audit-entry.routes.ts(166,11): TS2322 Type 'any' is not assignable to type 'never'.
[typecheck]   src/generated/audit-entry.routes.ts(237,9): TS2322 Type 'Record<string, unknown>' is not assignable to type '(Without<AuditEntryCreateInput, AuditEntryUncheckedCreateInput> & AuditEntryUncheckedCreateInput) | (Without<...> & AuditEntryCreateInput)'.
[typecheck]   src/generated/competition-task.routes.ts(166,11): TS2322 Type 'any' is not assignable to type 'never'.
[typecheck]   src/generated/competition-task.routes.ts(237,9): TS2322 Type 'Record<string, unknown>' is not assignable to type '(Without<CompetitionTaskCreateInput, CompetitionTaskUncheckedCreateInput> & CompetitionTaskUncheckedCreateInput) | (Without<...> & CompetitionTaskCreateInput)'.
[typecheck]   src/generated/content-draft.routes.ts(166,11): TS2322 Type 'any' is not assignable to type 'never'.
[typecheck]   src/generated/content-draft.routes.ts(237,9): TS2322 Type 'Record<string, unknown>' is not assignable to type '(Without<ContentDraftCreateInput, ContentDraftUncheckedCreateInput> & ContentDraftUncheckedCreateInput) | (Without<...> & ContentDraftCreateInput)'.
[typecheck]   src/generated/contract-record.routes.ts(166,11): TS2322 Type 'any' is not assignable to type 'never'.
[typecheck]   src/generated/contract-record.routes.ts(237,9): TS2322 Type 'Record<string, unknown>' is not assignable to type '(Without<ContractRecordCreateInput, ContractRecordUncheckedCreateInput> & ContractRecordUncheckedCreateInput) | (Without<...> & ContractRecordCreateInput)'.
[typecheck]   src/generated/domain.ts(104,7): TS2353 Object literal may only specify known properties, and 'pendingDeletes' does not exist in type 'AnnotationsMap<this, never>'.
[typecheck]   …and 23 more
[stdout] build started...
[api-stdout] 🚀 Server running on http://localhost:3001
[api-stdout] 🚀 Server running on http://localhost:3001
[api-stderr] 49 | app.get('*', serveStatic({ path: './dist/index.html' }))
50 | 
51 | const port = Number(process.env.PORT) || 3001
52 | console.log(`🚀 Server running on http://localhost:${port}`)
53 | 
54 | Bun.serve({ port, fetch: app.fetch })
         ^
error: Failed to start server. Is port 3001 in use?
 syscall: "listen",
   errno: 0,
    code: "EADDRINUSE"

      at /app/workspace/server.tsx:54:5
[api-stderr] Bun v1.3.11 (Linux x64)
[api-stdout] 🚀 Server running on http://localhost:3001
[stdout] ✓ 1 modules transformed.
[typecheck] ✗ tsc --noEmit found 33 type error(s) — these compile under Vite but will crash at runtime:
[typecheck]   src/data/uk-framework.ts(7,80): TS2307 Cannot find module './enrichment' or its corresponding type declarations.
[typecheck]   src/generated/audit-entry.routes.ts(166,11): TS2322 Type 'any' is not assignable to type 'never'.
[typecheck]   src/generated/audit-entry.routes.ts(237,9): TS2322 Type 'Record<string, unknown>' is not assignable to type '(Without<AuditEntryCreateInput, AuditEntryUncheckedCreateInput> & AuditEntryUncheckedCreateInput) | (Without<...> & AuditEntryCreateInput)'.
[typecheck]   src/generated/competition-task.routes.ts(166,11): TS2322 Type 'any' is not assignable to type 'never'.
[typecheck]   src/generated/competition-task.routes.ts(237,9): TS2322 Type 'Record<string, unknown>' is not assignable to type '(Without<CompetitionTaskCreateInput, CompetitionTaskUncheckedCreateInput> & CompetitionTaskUncheckedCreateInput) | (Without<...> & CompetitionTaskCreateInput)'.
[typecheck]   src/generated/content-draft.routes.ts(166,11): TS2322 Type 'any' is not assignable to type 'never'.
[typecheck]   src/generated/content-draft.routes.ts(237,9): TS2322 Type 'Record<string, unknown>' is not assignable to type '(Without<ContentDraftCreateInput, ContentDraftUncheckedCreateInput> & ContentDraftUncheckedCreateInput) | (Without<...> & ContentDraftCreateInput)'.
[typecheck]   src/generated/contract-record.routes.ts(166,11): TS2322 Type 'any' is not assignable to type 'never'.
[typecheck]   src/generated/contract-record.routes.ts(237,9): TS2322 Type 'Record<string, unknown>' is not assignable to type '(Without<ContractRecordCreateInput, ContractRecordUncheckedCreateInput> & ContractRecordUncheckedCreateInput) | (Without<...> & ContractRecordCreateInput)'.
[typecheck]   src/generated/domain.ts(104,7): TS2353 Object literal may only specify known properties, and 'pendingDeletes' does not exist in type 'AnnotationsMap<this, never>'.
[typecheck]   …and 23 more
[stdout] dist/index.html                     0.43 kB │ gzip:   0.30 kB
[stdout] dist/assets/index-DbbUupeV.css    102.62 kB │ gzip:  14.22 kB
dist/assets/index-IhR9qBLy.js   2,751.84 kB │ gzip: 503.57 kB
[stdout] built in 15440ms.
[stdout] build started...
[stdout] ✓ 0 modules transformed.
[typecheck] ✗ tsc --noEmit found 32 type error(s) — these compile under Vite but will crash at runtime:
[typecheck]   src/generated/audit-entry.routes.ts(166,11): TS2322 Type 'any' is not assignable to type 'never'.
[typecheck]   src/generated/audit-entry.routes.ts(237,9): TS2322 Type 'Record<string, unknown>' is not assignable to type '(Without<AuditEntryCreateInput, AuditEntryUncheckedCreateInput> & AuditEntryUncheckedCreateInput) | (Without<...> & AuditEntryCreateInput)'.
[typecheck]   src/generated/competition-task.routes.ts(166,11): TS2322 Type 'any' is not assignable to type 'never'.
[typecheck]   src/generated/competition-task.routes.ts(237,9): TS2322 Type 'Record<string, unknown>' is not assignable to type '(Without<CompetitionTaskCreateInput, CompetitionTaskUncheckedCreateInput> & CompetitionTaskUncheckedCreateInput) | (Without<...> & CompetitionTaskCreateInput)'.
[typecheck]   src/generated/content-draft.routes.ts(166,11): TS2322 Type 'any' is not assignable to type 'never'.
[typecheck]   src/generated/content-draft.routes.ts(237,9): TS2322 Type 'Record<string, unknown>' is not assignable to type '(Without<ContentDraftCreateInput, ContentDraftUncheckedCreateInput> & ContentDraftUncheckedCreateInput) | (Without<...> & ContentDraftCreateInput)'.
[typecheck]   src/generated/contract-record.routes.ts(166,11): TS2322 Type 'any' is not assignable to type 'never'.
[typecheck]   src/generated/contract-record.routes.ts(237,9): TS2322 Type 'Record<string, unknown>' is not assignable to type '(Without<ContractRecordCreateInput, ContractRecordUncheckedCreateInput> & ContractRecordUncheckedCreateInput) | (Without<...> & ContractRecordCreateInput)'.
[typecheck]   src/generated/domain.ts(104,7): TS2353 Object literal may only specify known properties, and 'pendingDeletes' does not exist in type 'AnnotationsMap<this, never>'.
[typecheck]   src/generated/domain.ts(312,7): TS2353 Object literal may only specify known properties, and 'pendingDeletes' does not exist in type 'AnnotationsMap<this, never>'.
[typecheck]   …and 22 more
[stdout] dist/index.html                     0.43 kB │ gzip:   0.30 kB
dist/assets/index-DbbUupeV.css    102.62 kB │ gzip:  14.22 kB
dist/assets/index-FzE5VWm7.js   2,751.79 kB │ gzip: 503.57 kB
[stdout] built in 15413ms.
[stdout] build started...
[typecheck] ✗ tsc --noEmit found 32 type error(s) — these compile under Vite but will crash at runtime:
[typecheck]   src/generated/audit-entry.routes.ts(166,11): TS2322 Type 'any' is not assignable to type 'never'.
[typecheck]   src/generated/audit-entry.routes.ts(237,9): TS2322 Type 'Record<string, unknown>' is not assignable to type '(Without<AuditEntryCreateInput, AuditEntryUncheckedCreateInput> & AuditEntryUncheckedCreateInput) | (Without<...> & AuditEntryCreateInput)'.
[typecheck]   src/generated/competition-task.routes.ts(166,11): TS2322 Type 'any' is not assignable to type 'never'.
[typecheck]   src/generated/competition-task.routes.ts(237,9): TS2322 Type 'Record<string, unknown>' is not assignable to type '(Without<CompetitionTaskCreateInput, CompetitionTaskUncheckedCreateInput> & CompetitionTaskUncheckedCreateInput) | (Without<...> & CompetitionTaskCreateInput)'.
[typecheck]   src/generated/content-draft.routes.ts(166,11): TS2322 Type 'any' is not assignable to type 'never'.
[typecheck]   src/generated/content-draft.routes.ts(237,9): TS2322 Type 'Record<string, unknown>' is not assignable to type '(Without<ContentDraftCreateInput, ContentDraftUncheckedCreateInput> & ContentDraftUncheckedCreateInput) | (Without<...> & ContentDraftCreateInput)'.
[typecheck]   src/generated/contract-record.routes.ts(166,11): TS2322 Type 'any' is not assignable to type 'never'.
[typecheck]   src/generated/contract-record.routes.ts(237,9): TS2322 Type 'Record<string, unknown>' is not assignable to type '(Without<ContractRecordCreateInput, ContractRecordUncheckedCreateInput> & ContractRecordUncheckedCreateInput) | (Without<...> & ContractRecordCreateInput)'.
[typecheck]   src/generated/domain.ts(104,7): TS2353 Object literal may only specify known properties, and 'pendingDeletes' does not exist in type 'AnnotationsMap<this, never>'.
[typecheck]   src/generated/domain.ts(312,7): TS2353 Object literal may only specify known properties, and 'pendingDeletes' does not exist in type 'AnnotationsMap<this, never>'.
[typecheck]   …and 22 more
[stdout] ✓ 4 modules transformed.
[stdout] dist/index.html                     0.43 kB │ gzip:   0.30 kB
[stdout] dist/assets/index-DbbUupeV.css    102.62 kB │ gzip:  14.22 kB
[stdout] dist/assets/index-CTaFJ3YI.js   2,751.78 kB │ gzip: 503.56 kB
[stdout] built in 11996ms.
[stdout] build started...
[stdout] ✓ 2 modules transformed.
[stdout] dist/index.html                     0.43 kB │ gzip:   0.30 kB
dist/assets/index-DbbUupeV.css    102.62 kB │ gzip:  14.22 kB
dist/assets/index-BCltnxww.js   2,751.72 kB │ gzip: 503.56 kB
[stdout] built in 13146ms.
[stdout] build started...
[typecheck] ✗ tsc --noEmit found 32 type error(s) — these compile under Vite but will crash at runtime:
[typecheck]   src/generated/audit-entry.routes.ts(166,11): TS2322 Type 'any' is not assignable to type 'never'.
[typecheck]   src/generated/audit-entry.routes.ts(237,9): TS2322 Type 'Record<string, unknown>' is not assignable to type '(Without<AuditEntryCreateInput, AuditEntryUncheckedCreateInput> & AuditEntryUncheckedCreateInput) | (Without<...> & AuditEntryCreateInput)'.
[typecheck]   src/generated/competition-task.routes.ts(166,11): TS2322 Type 'any' is not assignable to type 'never'.
[typecheck]   src/generated/competition-task.routes.ts(237,9): TS2322 Type 'Record<string, unknown>' is not assignable to type '(Without<CompetitionTaskCreateInput, CompetitionTaskUncheckedCreateInput> & CompetitionTaskUncheckedCreateInput) | (Without<...> & CompetitionTaskCreateInput)'.
[typecheck]   src/generated/content-draft.routes.ts(166,11): TS2322 Type 'any' is not assignable to type 'never'.
[typecheck]   src/generated/content-draft.routes.ts(237,9): TS2322 Type 'Record<string, unknown>' is not assignable to type '(Without<ContentDraftCreateInput, ContentDraftUncheckedCreateInput> & ContentDraftUncheckedCreateInput) | (Without<...> & ContentDraftCreateInput)'.
[typecheck]   src/generated/contract-record.routes.ts(166,11): TS2322 Type 'any' is not assignable to type 'never'.
[typecheck]   src/generated/contract-record.routes.ts(237,9): TS2322 Type 'Record<string, unknown>' is not assignable to type '(Without<ContractRecordCreateInput, ContractRecordUncheckedCreateInput> & ContractRecordUncheckedCreateInput) | (Without<...> & ContractRecordCreateInput)'.
[typecheck]   src/generated/domain.ts(104,7): TS2353 Object literal may only specify known properties, and 'pendingDeletes' does not exist in type 'AnnotationsMap<this, never>'.
[typecheck]   src/generated/domain.ts(312,7): TS2353 Object literal may only specify known properties, and 'pendingDeletes' does not exist in type 'AnnotationsMap<this, never>'.
[typecheck]   …and 22 more
[typecheck] ✗ tsc --noEmit found 32 type error(s) — these compile under Vite but will crash at runtime:
[typecheck]   src/generated/audit-entry.routes.ts(166,11): TS2322 Type 'any' is not assignable to type 'never'.
[typecheck]   src/generated/audit-entry.routes.ts(237,9): TS2322 Type 'Record<string, unknown>' is not assignable to type '(Without<AuditEntryCreateInput, AuditEntryUncheckedCreateInput> & AuditEntryUncheckedCreateInput) | (Without<...> & AuditEntryCreateInput)'.
[typecheck]   src/generated/competition-task.routes.ts(166,11): TS2322 Type 'any' is not assignable to type 'never'.
[typecheck]   src/generated/competition-task.routes.ts(237,9): TS2322 Type 'Record<string, unknown>' is not assignable to type '(Without<CompetitionTaskCreateInput, CompetitionTaskUncheckedCreateInput> & CompetitionTaskUncheckedCreateInput) | (Without<...> & CompetitionTaskCreateInput)'.
[typecheck]   src/generated/content-draft.routes.ts(166,11): TS2322 Type 'any' is not assignable to type 'never'.
[typecheck]   src/generated/content-draft.routes.ts(237,9): TS2322 Type 'Record<string, unknown>' is not assignable to type '(Without<ContentDraftCreateInput, ContentDraftUncheckedCreateInput> & ContentDraftUncheckedCreateInput) | (Without<...> & ContentDraftCreateInput)'.
[typecheck]   src/generated/contract-record.routes.ts(166,11): TS2322 Type 'any' is not assignable to type 'never'.
[typecheck]   src/generated/contract-record.routes.ts(237,9): TS2322 Type 'Record<string, unknown>' is not assignable to type '(Without<ContractRecordCreateInput, ContractRecordUncheckedCreateInput> & ContractRecordUncheckedCreateInput) | (Without<...> & ContractRecordCreateInput)'.
[typecheck]   src/generated/domain.ts(104,7): TS2353 Object literal may only specify known properties, and 'pendingDeletes' does not exist in type 'AnnotationsMap<this, never>'.
[typecheck]   src/generated/domain.ts(312,7): TS2353 Object literal may only specify known properties, and 'pendingDeletes' does not exist in type 'AnnotationsMap<this, never>'.
[typecheck]   …and 22 more
[stdout] ✓ 2 modules transformed.
[stdout] dist/index.html                     0.43 kB │ gzip:   0.30 kB
[stdout] dist/assets/index-DbbUupeV.css    102.62 kB │ gzip:  14.22 kB
[stdout] dist/assets/index-Di2YT8nj.js   2,751.74 kB │ gzip: 503.56 kB
[stdout] built in 16173ms.
[stdout] build started...
[stdout] ✓ 6 modules transformed.
[stdout] dist/index.html                     0.43 kB │ gzip:   0.30 kB
dist/assets/index-DbbUupeV.css    102.62 kB │ gzip:  14.22 kB
[stdout] dist/assets/index-DTilSAXK.js   2,751.62 kB │ gzip: 503.53 kB
[stdout] built in 15159ms.
[stdout] build started...
[typecheck] ✗ tsc --noEmit found 32 type error(s) — these compile under Vite but will crash at runtime:
[typecheck]   src/generated/audit-entry.routes.ts(166,11): TS2322 Type 'any' is not assignable to type 'never'.
[typecheck]   src/generated/audit-entry.routes.ts(237,9): TS2322 Type 'Record<string, unknown>' is not assignable to type '(Without<AuditEntryCreateInput, AuditEntryUncheckedCreateInput> & AuditEntryUncheckedCreateInput) | (Without<...> & AuditEntryCreateInput)'.
[typecheck]   src/generated/competition-task.routes.ts(166,11): TS2322 Type 'any' is not assignable to type 'never'.
[typecheck]   src/generated/competition-task.routes.ts(237,9): TS2322 Type 'Record<string, unknown>' is not assignable to type '(Without<CompetitionTaskCreateInput, CompetitionTaskUncheckedCreateInput> & CompetitionTaskUncheckedCreateInput) | (Without<...> & CompetitionTaskCreateInput)'.
[typecheck]   src/generated/content-draft.routes.ts(166,11): TS2322 Type 'any' is not assignable to type 'never'.
[typecheck]   src/generated/content-draft.routes.ts(237,9): TS2322 Type 'Record<string, unknown>' is not assignable to type '(Without<ContentDraftCreateInput, ContentDraftUncheckedCreateInput> & ContentDraftUncheckedCreateInput) | (Without<...> & ContentDraftCreateInput)'.
[typecheck]   src/generated/contract-record.routes.ts(166,11): TS2322 Type 'any' is not assignable to type 'never'.
[typecheck]   src/generated/contract-record.routes.ts(237,9): TS2322 Type 'Record<string, unknown>' is not assignable to type '(Without<ContractRecordCreateInput, ContractRecordUncheckedCreateInput> & ContractRecordUncheckedCreateInput) | (Without<...> & ContractRecordCreateInput)'.
[typecheck]   src/generated/domain.ts(104,7): TS2353 Object literal may only specify known properties, and 'pendingDeletes' does not exist in type 'AnnotationsMap<this, never>'.
[typecheck]   src/generated/domain.ts(312,7): TS2353 Object literal may only specify known properties, and 'pendingDeletes' does not exist in type 'AnnotationsMap<this, never>'.
[typecheck]   …and 22 more
[stdout] ✓ 0 modules transformed.
[stdout] dist/index.html                     0.43 kB │ gzip:   0.30 kB
dist/assets/index-DbbUupeV.css    102.62 kB │ gzip:  14.22 kB
dist/assets/index-tMw9tbxh.js   2,751.67 kB │ gzip: 503.53 kB
[stdout] built in 12471ms.
[stdout] build started...
[typecheck] ✗ tsc --noEmit found 32 type error(s) — these compile under Vite but will crash at runtime:
[typecheck]   src/generated/audit-entry.routes.ts(166,11): TS2322 Type 'any' is not assignable to type 'never'.
[typecheck]   src/generated/audit-entry.routes.ts(237,9): TS2322 Type 'Record<string, unknown>' is not assignable to type '(Without<AuditEntryCreateInput, AuditEntryUncheckedCreateInput> & AuditEntryUncheckedCreateInput) | (Without<...> & AuditEntryCreateInput)'.
[typecheck]   src/generated/competition-task.routes.ts(166,11): TS2322 Type 'any' is not assignable to type 'never'.
[typecheck]   src/generated/competition-task.routes.ts(237,9): TS2322 Type 'Record<string, unknown>' is not assignable to type '(Without<CompetitionTaskCreateInput, CompetitionTaskUncheckedCreateInput> & CompetitionTaskUncheckedCreateInput) | (Without<...> & CompetitionTaskCreateInput)'.
[typecheck]   src/generated/content-draft.routes.ts(166,11): TS2322 Type 'any' is not assignable to type 'never'.
[typecheck]   src/generated/content-draft.routes.ts(237,9): TS2322 Type 'Record<string, unknown>' is not assignable to type '(Without<ContentDraftCreateInput, ContentDraftUncheckedCreateInput> & ContentDraftUncheckedCreateInput) | (Without<...> & ContentDraftCreateInput)'.
[typecheck]   src/generated/contract-record.routes.ts(166,11): TS2322 Type 'any' is not assignable to type 'never'.
[typecheck]   src/generated/contract-record.routes.ts(237,9): TS2322 Type 'Record<string, unknown>' is not assignable to type '(Without<ContractRecordCreateInput, ContractRecordUncheckedCreateInput> & ContractRecordUncheckedCreateInput) | (Without<...> & ContractRecordCreateInput)'.
[typecheck]   src/generated/domain.ts(104,7): TS2353 Object literal may only specify known properties, and 'pendingDeletes' does not exist in type 'AnnotationsMap<this, never>'.
[typecheck]   src/generated/domain.ts(312,7): TS2353 Object literal may only specify known properties, and 'pendingDeletes' does not exist in type 'AnnotationsMap<this, never>'.
[typecheck]   …and 22 more
[stdout] ✓ 1 modules transformed.
[stdout] dist/index.html                     0.43 kB │ gzip:   0.30 kB
dist/assets/index-DbbUupeV.css    102.62 kB │ gzip:  14.22 kB
dist/assets/index-DTilSAXK.js   2,751.62 kB │ gzip: 503.53 kB
[stdout] built in 13978ms.
[typecheck] ✗ tsc --noEmit found 32 type error(s) — these compile under Vite but will crash at runtime:
[typecheck]   src/generated/audit-entry.routes.ts(166,11): TS2322 Type 'any' is not assignable to type 'never'.
[typecheck]   src/generated/audit-entry.routes.ts(237,9): TS2322 Type 'Record<string, unknown>' is not assignable to type '(Without<AuditEntryCreateInput, AuditEntryUncheckedCreateInput> & AuditEntryUncheckedCreateInput) | (Without<...> & AuditEntryCreateInput)'.
[typecheck]   src/generated/competition-task.routes.ts(166,11): TS2322 Type 'any' is not assignable to type 'never'.
[typecheck]   src/generated/competition-task.routes.ts(237,9): TS2322 Type 'Record<string, unknown>' is not assignable to type '(Without<CompetitionTaskCreateInput, CompetitionTaskUncheckedCreateInput> & CompetitionTaskUncheckedCreateInput) | (Without<...> & CompetitionTaskCreateInput)'.
[typecheck]   src/generated/content-draft.routes.ts(166,11): TS2322 Type 'any' is not assignable to type 'never'.
[typecheck]   src/generated/content-draft.routes.ts(237,9): TS2322 Type 'Record<string, unknown>' is not assignable to type '(Without<ContentDraftCreateInput, ContentDraftUncheckedCreateInput> & ContentDraftUncheckedCreateInput) | (Without<...> & ContentDraftCreateInput)'.
[typecheck]   src/generated/contract-record.routes.ts(166,11): TS2322 Type 'any' is not assignable to type 'never'.
[typecheck]   src/generated/contract-record.routes.ts(237,9): TS2322 Type 'Record<string, unknown>' is not assignable to type '(Without<ContractRecordCreateInput, ContractRecordUncheckedCreateInput> & ContractRecordUncheckedCreateInput) | (Without<...> & ContractRecordCreateInput)'.
[typecheck]   src/generated/domain.ts(104,7): TS2353 Object literal may only specify known properties, and 'pendingDeletes' does not exist in type 'AnnotationsMap<this, never>'.
[typecheck]   src/generated/domain.ts(312,7): TS2353 Object literal may only specify known properties, and 'pendingDeletes' does not exist in type 'AnnotationsMap<this, never>'.
[typecheck]   …and 22 more
[typecheck] ✗ tsc --noEmit found 32 type error(s) — these compile under Vite but will crash at runtime:
[typecheck]   src/generated/audit-entry.routes.ts(166,11): TS2322 Type 'any' is not assignable to type 'never'.
[typecheck]   src/generated/audit-entry.routes.ts(237,9): TS2322 Type 'Record<string, unknown>' is not assignable to type '(Without<AuditEntryCreateInput, AuditEntryUncheckedCreateInput> & AuditEntryUncheckedCreateInput) | (Without<...> & AuditEntryCreateInput)'.
[typecheck]   src/generated/competition-task.routes.ts(166,11): TS2322 Type 'any' is not assignable to type 'never'.
[typecheck]   src/generated/competition-task.routes.ts(237,9): TS2322 Type 'Record<string, unknown>' is not assignable to type '(Without<CompetitionTaskCreateInput, CompetitionTaskUncheckedCreateInput> & CompetitionTaskUncheckedCreateInput) | (Without<...> & CompetitionTaskCreateInput)'.
[typecheck]   src/generated/content-draft.routes.ts(166,11): TS2322 Type 'any' is not assignable to type 'never'.
[typecheck]   src/generated/content-draft.routes.ts(237,9): TS2322 Type 'Record<string, unknown>' is not assignable to type '(Without<ContentDraftCreateInput, ContentDraftUncheckedCreateInput> & ContentDraftUncheckedCreateInput) | (Without<...> & ContentDraftCreateInput)'.
[typecheck]   src/generated/contract-record.routes.ts(166,11): TS2322 Type 'any' is not assignable to type 'never'.
[typecheck]   src/generated/contract-record.routes.ts(237,9): TS2322 Type 'Record<string, unknown>' is not assignable to type '(Without<ContractRecordCreateInput, ContractRecordUncheckedCreateInput> & ContractRecordUncheckedCreateInput) | (Without<...> & ContractRecordCreateInput)'.
[typecheck]   src/generated/domain.ts(104,7): TS2353 Object literal may only specify known properties, and 'pendingDeletes' does not exist in type 'AnnotationsMap<this, never>'.
[typecheck]   src/generated/domain.ts(312,7): TS2353 Object literal may only specify known properties, and 'pendingDeletes' does not exist in type 'AnnotationsMap<this, never>'.
[typecheck]   …and 22 more
[stdout] build started...
[stdout] ✓ 1 modules transformed.
[stdout] dist/index.html                     0.43 kB │ gzip:   0.30 kB
[stdout] dist/assets/index-DbbUupeV.css    102.62 kB │ gzip:  14.22 kB
[stdout] dist/assets/index-tMw9tbxh.js   2,751.67 kB │ gzip: 503.53 kB
[stdout] built in 10980ms.
[stdout] build started...
[stdout] ✓ 0 modules transformed.
[stdout] dist/index.html                     0.43 kB │ gzip:   0.30 kB
[stdout] dist/assets/index-DbbUupeV.css    102.62 kB │ gzip:  14.22 kB
[stdout] dist/assets/index-DTilSAXK.js   2,751.62 kB │ gzip: 503.53 kB
[stdout] built in 12146ms.
[stdout] build started...
[typecheck] ✗ tsc --noEmit found 32 type error(s) — these compile under Vite but will crash at runtime:
[typecheck]   src/generated/audit-entry.routes.ts(166,11): TS2322 Type 'any' is not assignable to type 'never'.
[typecheck]   src/generated/audit-entry.routes.ts(237,9): TS2322 Type 'Record<string, unknown>' is not assignable to type '(Without<AuditEntryCreateInput, AuditEntryUncheckedCreateInput> & AuditEntryUncheckedCreateInput) | (Without<...> & AuditEntryCreateInput)'.
[typecheck]   src/generated/competition-task.routes.ts(166,11): TS2322 Type 'any' is not assignable to type 'never'.
[typecheck]   src/generated/competition-task.routes.ts(237,9): TS2322 Type 'Record<string, unknown>' is not assignable to type '(Without<CompetitionTaskCreateInput, CompetitionTaskUncheckedCreateInput> & CompetitionTaskUncheckedCreateInput) | (Without<...> & CompetitionTaskCreateInput)'.
[typecheck]   src/generated/content-draft.routes.ts(166,11): TS2322 Type 'any' is not assignable to type 'never'.
[typecheck]   src/generated/content-draft.routes.ts(237,9): TS2322 Type 'Record<string, unknown>' is not assignable to type '(Without<ContentDraftCreateInput, ContentDraftUncheckedCreateInput> & ContentDraftUncheckedCreateInput) | (Without<...> & ContentDraftCreateInput)'.
[typecheck]   src/generated/contract-record.routes.ts(166,11): TS2322 Type 'any' is not assignable to type 'never'.
[typecheck]   src/generated/contract-record.routes.ts(237,9): TS2322 Type 'Record<string, unknown>' is not assignable to type '(Without<ContractRecordCreateInput, ContractRecordUncheckedCreateInput> & ContractRecordUncheckedCreateInput) | (Without<...> & ContractRecordCreateInput)'.
[typecheck]   src/generated/domain.ts(104,7): TS2353 Object literal may only specify known properties, and 'pendingDeletes' does not exist in type 'AnnotationsMap<this, never>'.
[typecheck]   src/generated/domain.ts(312,7): TS2353 Object literal may only specify known properties, and 'pendingDeletes' does not exist in type 'AnnotationsMap<this, never>'.
[typecheck]   …and 22 more
[stdout] ✓ 0 modules transformed.
[stdout] dist/index.html                     0.43 kB │ gzip:   0.30 kB
[stdout] dist/assets/index-DbbUupeV.css    102.62 kB │ gzip:  14.22 kB
[stdout] dist/assets/index-tMw9tbxh.js   2,751.67 kB │ gzip: 503.53 kB
[stdout] built in 13896ms.
[typecheck] ✗ tsc --noEmit found 32 type error(s) — these compile under Vite but will crash at runtime:
[typecheck]   src/generated/audit-entry.routes.ts(166,11): TS2322 Type 'any' is not assignable to type 'never'.
[typecheck]   src/generated/audit-entry.routes.ts(237,9): TS2322 Type 'Record<string, unknown>' is not assignable to type '(Without<AuditEntryCreateInput, AuditEntryUncheckedCreateInput> & AuditEntryUncheckedCreateInput) | (Without<...> & AuditEntryCreateInput)'.
[typecheck]   src/generated/competition-task.routes.ts(166,11): TS2322 Type 'any' is not assignable to type 'never'.
[typecheck]   src/generated/competition-task.routes.ts(237,9): TS2322 Type 'Record<string, unknown>' is not assignable to type '(Without<CompetitionTaskCreateInput, CompetitionTaskUncheckedCreateInput> & CompetitionTaskUncheckedCreateInput) | (Without<...> & CompetitionTaskCreateInput)'.
[typecheck]   src/generated/content-draft.routes.ts(166,11): TS2322 Type 'any' is not assignable to type 'never'.
[typecheck]   src/generated/content-draft.routes.ts(237,9): TS2322 Type 'Record<string, unknown>' is not assignable to type '(Without<ContentDraftCreateInput, ContentDraftUncheckedCreateInput> & ContentDraftUncheckedCreateInput) | (Without<...> & ContentDraftCreateInput)'.
[typecheck]   src/generated/contract-record.routes.ts(166,11): TS2322 Type 'any' is not assignable to type 'never'.
[typecheck]   src/generated/contract-record.routes.ts(237,9): TS2322 Type 'Record<string, unknown>' is not assignable to type '(Without<ContractRecordCreateInput, ContractRecordUncheckedCreateInput> & ContractRecordUncheckedCreateInput) | (Without<...> & ContractRecordCreateInput)'.
[typecheck]   src/generated/domain.ts(104,7): TS2353 Object literal may only specify known properties, and 'pendingDeletes' does not exist in type 'AnnotationsMap<this, never>'.
[typecheck]   src/generated/domain.ts(312,7): TS2353 Object literal may only specify known properties, and 'pendingDeletes' does not exist in type 'AnnotationsMap<this, never>'.
[typecheck]   …and 22 more
[typecheck] ✗ tsc --noEmit found 32 type error(s) — these compile under Vite but will crash at runtime:
[typecheck]   src/generated/audit-entry.routes.ts(166,11): TS2322 Type 'any' is not assignable to type 'never'.
[typecheck]   src/generated/audit-entry.routes.ts(237,9): TS2322 Type 'Record<string, unknown>' is not assignable to type '(Without<AuditEntryCreateInput, AuditEntryUncheckedCreateInput> & AuditEntryUncheckedCreateInput) | (Without<...> & AuditEntryCreateInput)'.
[typecheck]   src/generated/competition-task.routes.ts(166,11): TS2322 Type 'any' is not assignable to type 'never'.
[typecheck]   src/generated/competition-task.routes.ts(237,9): TS2322 Type 'Record<string, unknown>' is not assignable to type '(Without<CompetitionTaskCreateInput, CompetitionTaskUncheckedCreateInput> & CompetitionTaskUncheckedCreateInput) | (Without<...> & CompetitionTaskCreateInput)'.
[typecheck]   src/generated/content-draft.routes.ts(166,11): TS2322 Type 'any' is not assignable to type 'never'.
[typecheck]   src/generated/content-draft.routes.ts(237,9): TS2322 Type 'Record<string, unknown>' is not assignable to type '(Without<ContentDraftCreateInput, ContentDraftUncheckedCreateInput> & ContentDraftUncheckedCreateInput) | (Without<...> & ContentDraftCreateInput)'.
[typecheck]   src/generated/contract-record.routes.ts(166,11): TS2322 Type 'any' is not assignable to type 'never'.
[typecheck]   src/generated/contract-record.routes.ts(237,9): TS2322 Type 'Record<string, unknown>' is not assignable to type '(Without<ContractRecordCreateInput, ContractRecordUncheckedCreateInput> & ContractRecordUncheckedCreateInput) | (Without<...> & ContractRecordCreateInput)'.
[typecheck]   src/generated/domain.ts(104,7): TS2353 Object literal may only specify known properties, and 'pendingDeletes' does not exist in type 'AnnotationsMap<this, never>'.
[typecheck]   src/generated/domain.ts(312,7): TS2353 Object literal may only specify known properties, and 'pendingDeletes' does not exist in type 'AnnotationsMap<this, never>'.
[typecheck]   …and 22 more
[stdout] build started...
[stdout] ✓ 2 modules transformed.
[stdout] dist/index.html                     0.43 kB │ gzip:   0.30 kB
[stdout] dist/assets/index-CpKACYvz.css    104.34 kB │ gzip:  14.35 kB
[stdout] dist/assets/index-4jetXmLt.js   2,751.52 kB │ gzip: 503.53 kB
[stdout] built in 13620ms.
[stdout] build started...
[stdout] ✓ 1 modules transformed.
[stdout] dist/index.html                     0.43 kB │ gzip:   0.30 kB
[stdout] dist/assets/index-CpKACYvz.css    104.34 kB │ gzip:  14.35 kB
[stdout] dist/assets/index-CvyQuptP.js   2,751.68 kB │ gzip: 503.56 kB
[stdout] built in 13254ms.
[stdout] build started...
[typecheck] ✗ tsc --noEmit found 32 type error(s) — these compile under Vite but will crash at runtime:
[typecheck]   src/generated/audit-entry.routes.ts(166,11): TS2322 Type 'any' is not assignable to type 'never'.
[typecheck]   src/generated/audit-entry.routes.ts(237,9): TS2322 Type 'Record<string, unknown>' is not assignable to type '(Without<AuditEntryCreateInput, AuditEntryUncheckedCreateInput> & AuditEntryUncheckedCreateInput) | (Without<...> & AuditEntryCreateInput)'.
[typecheck]   src/generated/competition-task.routes.ts(166,11): TS2322 Type 'any' is not assignable to type 'never'.
[typecheck]   src/generated/competition-task.routes.ts(237,9): TS2322 Type 'Record<string, unknown>' is not assignable to type '(Without<CompetitionTaskCreateInput, CompetitionTaskUncheckedCreateInput> & CompetitionTaskUncheckedCreateInput) | (Without<...> & CompetitionTaskCreateInput)'.
[typecheck]   src/generated/content-draft.routes.ts(166,11): TS2322 Type 'any' is not assignable to type 'never'.
[typecheck]   src/generated/content-draft.routes.ts(237,9): TS2322 Type 'Record<string, unknown>' is not assignable to type '(Without<ContentDraftCreateInput, ContentDraftUncheckedCreateInput> & ContentDraftUncheckedCreateInput) | (Without<...> & ContentDraftCreateInput)'.
[typecheck]   src/generated/contract-record.routes.ts(166,11): TS2322 Type 'any' is not assignable to type 'never'.
[typecheck]   src/generated/contract-record.routes.ts(237,9): TS2322 Type 'Record<string, unknown>' is not assignable to type '(Without<ContractRecordCreateInput, ContractRecordUncheckedCreateInput> & ContractRecordUncheckedCreateInput) | (Without<...> & ContractRecordCreateInput)'.
[typecheck]   src/generated/domain.ts(104,7): TS2353 Object literal may only specify known properties, and 'pendingDeletes' does not exist in type 'AnnotationsMap<this, never>'.
[typecheck]   src/generated/domain.ts(312,7): TS2353 Object literal may only specify known properties, and 'pendingDeletes' does not exist in type 'AnnotationsMap<this, never>'.
[typecheck]   …and 22 more
[stdout] ✓ 1 modules transformed.
[stdout] dist/index.html                     0.43 kB │ gzip:   0.30 kB
[stdout] dist/assets/index-CpKACYvz.css    104.34 kB │ gzip:  14.35 kB
[stdout] dist/assets/index-D81-hYp_.js   2,751.67 kB │ gzip: 503.54 kB
[stdout] built in 15397ms.
[stdout] build started...
[typecheck] ✗ tsc --noEmit found 32 type error(s) — these compile under Vite but will crash at runtime:
[typecheck]   src/generated/audit-entry.routes.ts(166,11): TS2322 Type 'any' is not assignable to type 'never'.
[typecheck]   src/generated/audit-entry.routes.ts(237,9): TS2322 Type 'Record<string, unknown>' is not assignable to type '(Without<AuditEntryCreateInput, AuditEntryUncheckedCreateInput> & AuditEntryUncheckedCreateInput) | (Without<...> & AuditEntryCreateInput)'.
[typecheck]   src/generated/competition-task.routes.ts(166,11): TS2322 Type 'any' is not assignable to type 'never'.
[typecheck]   src/generated/competition-task.routes.ts(237,9): TS2322 Type 'Record<string, unknown>' is not assignable to type '(Without<CompetitionTaskCreateInput, CompetitionTaskUncheckedCreateInput> & CompetitionTaskUncheckedCreateInput) | (Without<...> & CompetitionTaskCreateInput)'.
[typecheck]   src/generated/content-draft.routes.ts(166,11): TS2322 Type 'any' is not assignable to type 'never'.
[typecheck]   src/generated/content-draft.routes.ts(237,9): TS2322 Type 'Record<string, unknown>' is not assignable to type '(Without<ContentDraftCreateInput, ContentDraftUncheckedCreateInput> & ContentDraftUncheckedCreateInput) | (Without<...> & ContentDraftCreateInput)'.
[typecheck]   src/generated/contract-record.routes.ts(166,11): TS2322 Type 'any' is not assignable to type 'never'.
[typecheck]   src/generated/contract-record.routes.ts(237,9): TS2322 Type 'Record<string, unknown>' is not assignable to type '(Without<ContractRecordCreateInput, ContractRecordUncheckedCreateInput> & ContractRecordUncheckedCreateInput) | (Without<...> & ContractRecordCreateInput)'.
[typecheck]   src/generated/domain.ts(104,7): TS2353 Object literal may only specify known properties, and 'pendingDeletes' does not exist in type 'AnnotationsMap<this, never>'.
[typecheck]   src/generated/domain.ts(312,7): TS2353 Object literal may only specify known properties, and 'pendingDeletes' does not exist in type 'AnnotationsMap<this, never>'.
[typecheck]   …and 22 more
[stdout] ✓ 2 modules transformed.
[stdout] dist/index.html                     0.43 kB │ gzip:   0.31 kB
dist/assets/index-8Csu55ZG.css    108.74 kB │ gzip:  14.64 kB
[stdout] dist/assets/index-HAV4__eO.js   2,752.10 kB │ gzip: 503.64 kB
[stdout] built in 14483ms.
[stdout] build started...
[typecheck] ✗ tsc --noEmit found 32 type error(s) — these compile under Vite but will crash at runtime:
[typecheck]   src/generated/audit-entry.routes.ts(166,11): TS2322 Type 'any' is not assignable to type 'never'.
[typecheck]   src/generated/audit-entry.routes.ts(237,9): TS2322 Type 'Record<string, unknown>' is not assignable to type '(Without<AuditEntryCreateInput, AuditEntryUncheckedCreateInput> & AuditEntryUncheckedCreateInput) | (Without<...> & AuditEntryCreateInput)'.
[typecheck]   src/generated/competition-task.routes.ts(166,11): TS2322 Type 'any' is not assignable to type 'never'.
[typecheck]   src/generated/competition-task.routes.ts(237,9): TS2322 Type 'Record<string, unknown>' is not assignable to type '(Without<CompetitionTaskCreateInput, CompetitionTaskUncheckedCreateInput> & CompetitionTaskUncheckedCreateInput) | (Without<...> & CompetitionTaskCreateInput)'.
[typecheck]   src/generated/content-draft.routes.ts(166,11): TS2322 Type 'any' is not assignable to type 'never'.
[typecheck]   src/generated/content-draft.routes.ts(237,9): TS2322 Type 'Record<string, unknown>' is not assignable to type '(Without<ContentDraftCreateInput, ContentDraftUncheckedCreateInput> & ContentDraftUncheckedCreateInput) | (Without<...> & ContentDraftCreateInput)'.
[typecheck]   src/generated/contract-record.routes.ts(166,11): TS2322 Type 'any' is not assignable to type 'never'.
[typecheck]   src/generated/contract-record.routes.ts(237,9): TS2322 Type 'Record<string, unknown>' is not assignable to type '(Without<ContractRecordCreateInput, ContractRecordUncheckedCreateInput> & ContractRecordUncheckedCreateInput) | (Without<...> & ContractRecordCreateInput)'.
[typecheck]   src/generated/domain.ts(104,7): TS2353 Object literal may only specify known properties, and 'pendingDeletes' does not exist in type 'AnnotationsMap<this, never>'.
[typecheck]   src/generated/domain.ts(312,7): TS2353 Object literal may only specify known properties, and 'pendingDeletes' does not exist in type 'AnnotationsMap<this, never>'.
[typecheck]   …and 22 more
[stdout] ✓ 1 modules transformed.
[stdout] dist/index.html                     0.43 kB │ gzip:   0.30 kB
[stdout] dist/assets/index-8Csu55ZG.css    108.74 kB │ gzip:  14.64 kB
[stdout] dist/assets/index-v1iQNwB5.js   2,752.48 kB │ gzip: 503.69 kB
[stdout] built in 17786ms.
[stdout] build started...
[typecheck] ✗ tsc --noEmit found 32 type error(s) — these compile under Vite but will crash at runtime:
[typecheck]   src/generated/audit-entry.routes.ts(166,11): TS2322 Type 'any' is not assignable to type 'never'.
[typecheck]   src/generated/audit-entry.routes.ts(237,9): TS2322 Type 'Record<string, unknown>' is not assignable to type '(Without<AuditEntryCreateInput, AuditEntryUncheckedCreateInput> & AuditEntryUncheckedCreateInput) | (Without<...> & AuditEntryCreateInput)'.
[typecheck]   src/generated/competition-task.routes.ts(166,11): TS2322 Type 'any' is not assignable to type 'never'.
[typecheck]   src/generated/competition-task.routes.ts(237,9): TS2322 Type 'Record<string, unknown>' is not assignable to type '(Without<CompetitionTaskCreateInput, CompetitionTaskUncheckedCreateInput> & CompetitionTaskUncheckedCreateInput) | (Without<...> & CompetitionTaskCreateInput)'.
[typecheck]   src/generated/content-draft.routes.ts(166,11): TS2322 Type 'any' is not assignable to type 'never'.
[typecheck]   src/generated/content-draft.routes.ts(237,9): TS2322 Type 'Record<string, unknown>' is not assignable to type '(Without<ContentDraftCreateInput, ContentDraftUncheckedCreateInput> & ContentDraftUncheckedCreateInput) | (Without<...> & ContentDraftCreateInput)'.
[typecheck]   src/generated/contract-record.routes.ts(166,11): TS2322 Type 'any' is not assignable to type 'never'.
[typecheck]   src/generated/contract-record.routes.ts(237,9): TS2322 Type 'Record<string, unknown>' is not assignable to type '(Without<ContractRecordCreateInput, ContractRecordUncheckedCreateInput> & ContractRecordUncheckedCreateInput) | (Without<...> & ContractRecordCreateInput)'.
[typecheck]   src/generated/domain.ts(104,7): TS2353 Object literal may only specify known properties, and 'pendingDeletes' does not exist in type 'AnnotationsMap<this, never>'.
[typecheck]   src/generated/domain.ts(312,7): TS2353 Object literal may only specify known properties, and 'pendingDeletes' does not exist in type 'AnnotationsMap<this, never>'.
[typecheck]   …and 22 more
[stdout] ✓ 1 modules transformed.
[stdout] dist/index.html                     0.43 kB │ gzip:   0.30 kB
[stdout] dist/assets/index-8Csu55ZG.css    108.74 kB │ gzip:  14.64 kB
[stdout] dist/assets/index-BBeTnY_0.js   2,752.56 kB │ gzip: 503.69 kB
[stdout] built in 14055ms.
[stdout] build started...
[typecheck] ✗ tsc --noEmit found 32 type error(s) — these compile under Vite but will crash at runtime:
[typecheck]   src/generated/audit-entry.routes.ts(166,11): TS2322 Type 'any' is not assignable to type 'never'.
[typecheck]   src/generated/audit-entry.routes.ts(237,9): TS2322 Type 'Record<string, unknown>' is not assignable to type '(Without<AuditEntryCreateInput, AuditEntryUncheckedCreateInput> & AuditEntryUncheckedCreateInput) | (Without<...> & AuditEntryCreateInput)'.
[typecheck]   src/generated/competition-task.routes.ts(166,11): TS2322 Type 'any' is not assignable to type 'never'.
[typecheck]   src/generated/competition-task.routes.ts(237,9): TS2322 Type 'Record<string, unknown>' is not assignable to type '(Without<CompetitionTaskCreateInput, CompetitionTaskUncheckedCreateInput> & CompetitionTaskUncheckedCreateInput) | (Without<...> & CompetitionTaskCreateInput)'.
[typecheck]   src/generated/content-draft.routes.ts(166,11): TS2322 Type 'any' is not assignable to type 'never'.
[typecheck]   src/generated/content-draft.routes.ts(237,9): TS2322 Type 'Record<string, unknown>' is not assignable to type '(Without<ContentDraftCreateInput, ContentDraftUncheckedCreateInput> & ContentDraftUncheckedCreateInput) | (Without<...> & ContentDraftCreateInput)'.
[typecheck]   src/generated/contract-record.routes.ts(166,11): TS2322 Type 'any' is not assignable to type 'never'.
[typecheck]   src/generated/contract-record.routes.ts(237,9): TS2322 Type 'Record<string, unknown>' is not assignable to type '(Without<ContractRecordCreateInput, ContractRecordUncheckedCreateInput> & ContractRecordUncheckedCreateInput) | (Without<...> & ContractRecordCreateInput)'.
[typecheck]   src/generated/domain.ts(104,7): TS2353 Object literal may only specify known properties, and 'pendingDeletes' does not exist in type 'AnnotationsMap<this, never>'.
[typecheck]   src/generated/domain.ts(312,7): TS2353 Object literal may only specify known properties, and 'pendingDeletes' does not exist in type 'AnnotationsMap<this, never>'.
[typecheck]   …and 22 more
[stdout] ✓ 1 modules transformed.
[stdout] dist/index.html                     0.43 kB │ gzip:   0.30 kB
dist/assets/index-8Csu55ZG.css    108.74 kB │ gzip:  14.64 kB
dist/assets/index-BhYREUyX.js   2,753.67 kB │ gzip: 503.88 kB
[stdout] built in 16306ms.
[typecheck] ✗ tsc --noEmit found 32 type error(s) — these compile under Vite but will crash at runtime:
[typecheck]   src/generated/audit-entry.routes.ts(166,11): TS2322 Type 'any' is not assignable to type 'never'.
[typecheck]   src/generated/audit-entry.routes.ts(237,9): TS2322 Type 'Record<string, unknown>' is not assignable to type '(Without<AuditEntryCreateInput, AuditEntryUncheckedCreateInput> & AuditEntryUncheckedCreateInput) | (Without<...> & AuditEntryCreateInput)'.
[typecheck]   src/generated/competition-task.routes.ts(166,11): TS2322 Type 'any' is not assignable to type 'never'.
[typecheck]   src/generated/competition-task.routes.ts(237,9): TS2322 Type 'Record<string, unknown>' is not assignable to type '(Without<CompetitionTaskCreateInput, CompetitionTaskUncheckedCreateInput> & CompetitionTaskUncheckedCreateInput) | (Without<...> & CompetitionTaskCreateInput)'.
[typecheck]   src/generated/content-draft.routes.ts(166,11): TS2322 Type 'any' is not assignable to type 'never'.
[typecheck]   src/generated/content-draft.routes.ts(237,9): TS2322 Type 'Record<string, unknown>' is not assignable to type '(Without<ContentDraftCreateInput, ContentDraftUncheckedCreateInput> & ContentDraftUncheckedCreateInput) | (Without<...> & ContentDraftCreateInput)'.
[typecheck]   src/generated/contract-record.routes.ts(166,11): TS2322 Type 'any' is not assignable to type 'never'.
[typecheck]   src/generated/contract-record.routes.ts(237,9): TS2322 Type 'Record<string, unknown>' is not assignable to type '(Without<ContractRecordCreateInput, ContractRecordUncheckedCreateInput> & ContractRecordUncheckedCreateInput) | (Without<...> & ContractRecordCreateInput)'.
[typecheck]   src/generated/domain.ts(104,7): TS2353 Object literal may only specify known properties, and 'pendingDeletes' does not exist in type 'AnnotationsMap<this, never>'.
[typecheck]   src/generated/domain.ts(312,7): TS2353 Object literal may only specify known properties, and 'pendingDeletes' does not exist in type 'AnnotationsMap<this, never>'.
[typecheck]   …and 22 more
[typecheck] ✗ tsc --noEmit found 32 type error(s) — these compile under Vite but will crash at runtime:
[typecheck]   src/generated/audit-entry.routes.ts(166,11): TS2322 Type 'any' is not assignable to type 'never'.
[typecheck]   src/generated/audit-entry.routes.ts(237,9): TS2322 Type 'Record<string, unknown>' is not assignable to type '(Without<AuditEntryCreateInput, AuditEntryUncheckedCreateInput> & AuditEntryUncheckedCreateInput) | (Without<...> & AuditEntryCreateInput)'.
[typecheck]   src/generated/competition-task.routes.ts(166,11): TS2322 Type 'any' is not assignable to type 'never'.
[typecheck]   src/generated/competition-task.routes.ts(237,9): TS2322 Type 'Record<string, unknown>' is not assignable to type '(Without<CompetitionTaskCreateInput, CompetitionTaskUncheckedCreateInput> & CompetitionTaskUncheckedCreateInput) | (Without<...> & CompetitionTaskCreateInput)'.
[typecheck]   src/generated/content-draft.routes.ts(166,11): TS2322 Type 'any' is not assignable to type 'never'.
[typecheck]   src/generated/content-draft.routes.ts(237,9): TS2322 Type 'Record<string, unknown>' is not assignable to type '(Without<ContentDraftCreateInput, ContentDraftUncheckedCreateInput> & ContentDraftUncheckedCreateInput) | (Without<...> & ContentDraftCreateInput)'.
[typecheck]   src/generated/contract-record.routes.ts(166,11): TS2322 Type 'any' is not assignable to type 'never'.
[typecheck]   src/generated/contract-record.routes.ts(237,9): TS2322 Type 'Record<string, unknown>' is not assignable to type '(Without<ContractRecordCreateInput, ContractRecordUncheckedCreateInput> & ContractRecordUncheckedCreateInput) | (Without<...> & ContractRecordCreateInput)'.
[typecheck]   src/generated/domain.ts(104,7): TS2353 Object literal may only specify known properties, and 'pendingDeletes' does not exist in type 'AnnotationsMap<this, never>'.
[typecheck]   src/generated/domain.ts(312,7): TS2353 Object literal may only specify known properties, and 'pendingDeletes' does not exist in type 'AnnotationsMap<this, never>'.
[typecheck]   …and 22 more
[stdout] build started...
[stdout] ✓ 1 modules transformed.
[stdout] dist/index.html                     0.43 kB │ gzip:   0.30 kB
dist/assets/index-C-NMtCQ6.css    113.30 kB │ gzip:  15.01 kB
[stdout] dist/assets/index-Da4RaB35.js   2,753.72 kB │ gzip: 503.88 kB
[stdout] built in 10455ms.
[stdout] build started...
[stdout] ✓ 0 modules transformed.
[typecheck] ✗ tsc --noEmit found 32 type error(s) — these compile under Vite but will crash at runtime:
[typecheck]   src/generated/audit-entry.routes.ts(166,11): TS2322 Type 'any' is not assignable to type 'never'.
[typecheck]   src/generated/audit-entry.routes.ts(237,9): TS2322 Type 'Record<string, unknown>' is not assignable to type '(Without<AuditEntryCreateInput, AuditEntryUncheckedCreateInput> & AuditEntryUncheckedCreateInput) | (Without<...> & AuditEntryCreateInput)'.
[typecheck]   src/generated/competition-task.routes.ts(166,11): TS2322 Type 'any' is not assignable to type 'never'.
[typecheck]   src/generated/competition-task.routes.ts(237,9): TS2322 Type 'Record<string, unknown>' is not assignable to type '(Without<CompetitionTaskCreateInput, CompetitionTaskUncheckedCreateInput> & CompetitionTaskUncheckedCreateInput) | (Without<...> & CompetitionTaskCreateInput)'.
[typecheck]   src/generated/content-draft.routes.ts(166,11): TS2322 Type 'any' is not assignable to type 'never'.
[typecheck]   src/generated/content-draft.routes.ts(237,9): TS2322 Type 'Record<string, unknown>' is not assignable to type '(Without<ContentDraftCreateInput, ContentDraftUncheckedCreateInput> & ContentDraftUncheckedCreateInput) | (Without<...> & ContentDraftCreateInput)'.
[typecheck]   src/generated/contract-record.routes.ts(166,11): TS2322 Type 'any' is not assignable to type 'never'.
[typecheck]   src/generated/contract-record.routes.ts(237,9): TS2322 Type 'Record<string, unknown>' is not assignable to type '(Without<ContractRecordCreateInput, ContractRecordUncheckedCreateInput> & ContractRecordUncheckedCreateInput) | (Without<...> & ContractRecordCreateInput)'.
[typecheck]   src/generated/domain.ts(104,7): TS2353 Object literal may only specify known properties, and 'pendingDeletes' does not exist in type 'AnnotationsMap<this, never>'.
[typecheck]   src/generated/domain.ts(312,7): TS2353 Object literal may only specify known properties, and 'pendingDeletes' does not exist in type 'AnnotationsMap<this, never>'.
[typecheck]   …and 22 more
[stdout] dist/index.html                     0.43 kB │ gzip:   0.30 kB
[stdout] dist/assets/index-C-NMtCQ6.css    113.30 kB │ gzip:  15.01 kB
dist/assets/index-flq4yMUj.js   2,753.67 kB │ gzip: 503.88 kB
[stdout] built in 15161ms.
[typecheck] ✗ tsc --noEmit found 32 type error(s) — these compile under Vite but will crash at runtime:
[typecheck]   src/generated/audit-entry.routes.ts(166,11): TS2322 Type 'any' is not assignable to type 'never'.
[typecheck]   src/generated/audit-entry.routes.ts(237,9): TS2322 Type 'Record<string, unknown>' is not assignable to type '(Without<AuditEntryCreateInput, AuditEntryUncheckedCreateInput> & AuditEntryUncheckedCreateInput) | (Without<...> & AuditEntryCreateInput)'.
[typecheck]   src/generated/competition-task.routes.ts(166,11): TS2322 Type 'any' is not assignable to type 'never'.
[typecheck]   src/generated/competition-task.routes.ts(237,9): TS2322 Type 'Record<string, unknown>' is not assignable to type '(Without<CompetitionTaskCreateInput, CompetitionTaskUncheckedCreateInput> & CompetitionTaskUncheckedCreateInput) | (Without<...> & CompetitionTaskCreateInput)'.
[typecheck]   src/generated/content-draft.routes.ts(166,11): TS2322 Type 'any' is not assignable to type 'never'.
[typecheck]   src/generated/content-draft.routes.ts(237,9): TS2322 Type 'Record<string, unknown>' is not assignable to type '(Without<ContentDraftCreateInput, ContentDraftUncheckedCreateInput> & ContentDraftUncheckedCreateInput) | (Without<...> & ContentDraftCreateInput)'.
[typecheck]   src/generated/contract-record.routes.ts(166,11): TS2322 Type 'any' is not assignable to type 'never'.
[typecheck]   src/generated/contract-record.routes.ts(237,9): TS2322 Type 'Record<string, unknown>' is not assignable to type '(Without<ContractRecordCreateInput, ContractRecordUncheckedCreateInput> & ContractRecordUncheckedCreateInput) | (Without<...> & ContractRecordCreateInput)'.
[typecheck]   src/generated/domain.ts(104,7): TS2353 Object literal may only specify known properties, and 'pendingDeletes' does not exist in type 'AnnotationsMap<this, never>'.
[typecheck]   src/generated/domain.ts(312,7): TS2353 Object literal may only specify known properties, and 'pendingDeletes' does not exist in type 'AnnotationsMap<this, never>'.
[typecheck]   …and 22 more
[stdout] build started...
[stdout] ✓ 1 modules transformed.
[stdout] dist/index.html                     0.43 kB │ gzip:   0.30 kB
dist/assets/index-C-NMtCQ6.css    113.30 kB │ gzip:  15.01 kB
dist/assets/index-Da4RaB35.js   2,753.72 kB │ gzip: 503.88 kB
[stdout] built in 12944ms.
[stdout] build started...
[typecheck] ✗ tsc --noEmit found 32 type error(s) — these compile under Vite but will crash at runtime:
[typecheck]   src/generated/audit-entry.routes.ts(166,11): TS2322 Type 'any' is not assignable to type 'never'.
[typecheck]   src/generated/audit-entry.routes.ts(237,9): TS2322 Type 'Record<string, unknown>' is not assignable to type '(Without<AuditEntryCreateInput, AuditEntryUncheckedCreateInput> & AuditEntryUncheckedCreateInput) | (Without<...> & AuditEntryCreateInput)'.
[typecheck]   src/generated/competition-task.routes.ts(166,11): TS2322 Type 'any' is not assignable to type 'never'.
[typecheck]   src/generated/competition-task.routes.ts(237,9): TS2322 Type 'Record<string, unknown>' is not assignable to type '(Without<CompetitionTaskCreateInput, CompetitionTaskUncheckedCreateInput> & CompetitionTaskUncheckedCreateInput) | (Without<...> & CompetitionTaskCreateInput)'.
[typecheck]   src/generated/content-draft.routes.ts(166,11): TS2322 Type 'any' is not assignable to type 'never'.
[typecheck]   src/generated/content-draft.routes.ts(237,9): TS2322 Type 'Record<string, unknown>' is not assignable to type '(Without<ContentDraftCreateInput, ContentDraftUncheckedCreateInput> & ContentDraftUncheckedCreateInput) | (Without<...> & ContentDraftCreateInput)'.
[typecheck]   src/generated/contract-record.routes.ts(166,11): TS2322 Type 'any' is not assignable to type 'never'.
[typecheck]   src/generated/contract-record.routes.ts(237,9): TS2322 Type 'Record<string, unknown>' is not assignable to type '(Without<ContractRecordCreateInput, ContractRecordUncheckedCreateInput> & ContractRecordUncheckedCreateInput) | (Without<...> & ContractRecordCreateInput)'.
[typecheck]   src/generated/domain.ts(104,7): TS2353 Object literal may only specify known properties, and 'pendingDeletes' does not exist in type 'AnnotationsMap<this, never>'.
[typecheck]   src/generated/domain.ts(312,7): TS2353 Object literal may only specify known properties, and 'pendingDeletes' does not exist in type 'AnnotationsMap<this, never>'.
[typecheck]   …and 22 more
[api-stdout] 🚀 Server running on http://localhost:3001
[api-stdout] 🚀 Server running on http://localhost:3001
[api-stderr] 49 | app.get('*', serveStatic({ path: './dist/index.html' }))
50 | 
51 | const port = Number(process.env.PORT) || 3001
52 | console.log(`🚀 Server running on http://localhost:${port}`)
53 | 
54 | Bun.serve({ port, fetch: app.fetch })
         ^
error: Failed to start server. Is port 3001 in use?
 syscall: "listen",
   errno: 0,
    code: "EADDRINUSE"

      at /app/workspace/server.tsx:54:5

Bun v1.3.11 (Linux x64)
[stdout] ✓ 1 modules transformed.
[stdout] dist/index.html                     0.43 kB │ gzip:   0.30 kB
dist/assets/index-C-NMtCQ6.css    113.30 kB │ gzip:  15.01 kB
dist/assets/index-CrRxpE6M.js   2,753.68 kB │ gzip: 503.87 kB
[api-stdout] 🚀 Server running on http://localhost:3001
[stdout] built in 18738ms.
[stdout] build started...
[stdout] ✓ 1 modules transformed.
[typecheck] ✗ tsc --noEmit found 32 type error(s) — these compile under Vite but will crash at runtime:
[typecheck]   src/generated/audit-entry.routes.ts(166,11): TS2322 Type 'any' is not assignable to type 'never'.
[typecheck]   src/generated/audit-entry.routes.ts(237,9): TS2322 Type 'Record<string, unknown>' is not assignable to type '(Without<AuditEntryCreateInput, AuditEntryUncheckedCreateInput> & AuditEntryUncheckedCreateInput) | (Without<...> & AuditEntryCreateInput)'.
[typecheck]   src/generated/competition-task.routes.ts(166,11): TS2322 Type 'any' is not assignable to type 'never'.
[typecheck]   src/generated/competition-task.routes.ts(237,9): TS2322 Type 'Record<string, unknown>' is not assignable to type '(Without<CompetitionTaskCreateInput, CompetitionTaskUncheckedCreateInput> & CompetitionTaskUncheckedCreateInput) | (Without<...> & CompetitionTaskCreateInput)'.
[typecheck]   src/generated/content-draft.routes.ts(166,11): TS2322 Type 'any' is not assignable to type 'never'.
[typecheck]   src/generated/content-draft.routes.ts(237,9): TS2322 Type 'Record<string, unknown>' is not assignable to type '(Without<ContentDraftCreateInput, ContentDraftUncheckedCreateInput> & ContentDraftUncheckedCreateInput) | (Without<...> & ContentDraftCreateInput)'.
[typecheck]   src/generated/contract-record.routes.ts(166,11): TS2322 Type 'any' is not assignable to type 'never'.
[typecheck]   src/generated/contract-record.routes.ts(237,9): TS2322 Type 'Record<string, unknown>' is not assignable to type '(Without<ContractRecordCreateInput, ContractRecordUncheckedCreateInput> & ContractRecordUncheckedCreateInput) | (Without<...> & ContractRecordCreateInput)'.
[typecheck]   src/generated/domain.ts(104,7): TS2353 Object literal may only specify known properties, and 'pendingDeletes' does not exist in type 'AnnotationsMap<this, never>'.
[typecheck]   src/generated/domain.ts(312,7): TS2353 Object literal may only specify known properties, and 'pendingDeletes' does not exist in type 'AnnotationsMap<this, never>'.
[typecheck]   …and 22 more
[stdout] dist/index.html                     0.43 kB │ gzip:   0.30 kB
dist/assets/index-C-NMtCQ6.css    113.30 kB │ gzip:  15.01 kB
dist/assets/index-B6M_Fbnb.js   2,753.74 kB │ gzip: 503.86 kB
[stdout] built in 16191ms.
[stdout] build started...
[stdout] ✓ 0 modules transformed.
[stdout] dist/index.html                     0.43 kB │ gzip:   0.30 kB
dist/assets/index-C-NMtCQ6.css    113.30 kB │ gzip:  15.01 kB
dist/assets/index-DimHwRET.js   2,753.69 kB │ gzip: 503.86 kB
[stdout] built in 11657ms.
[typecheck] ✗ tsc --noEmit found 32 type error(s) — these compile under Vite but will crash at runtime:
[typecheck]   src/generated/audit-entry.routes.ts(166,11): TS2322 Type 'any' is not assignable to type 'never'.
[typecheck]   src/generated/audit-entry.routes.ts(237,9): TS2322 Type 'Record<string, unknown>' is not assignable to type '(Without<AuditEntryCreateInput, AuditEntryUncheckedCreateInput> & AuditEntryUncheckedCreateInput) | (Without<...> & AuditEntryCreateInput)'.
[typecheck]   src/generated/competition-task.routes.ts(166,11): TS2322 Type 'any' is not assignable to type 'never'.
[typecheck]   src/generated/competition-task.routes.ts(237,9): TS2322 Type 'Record<string, unknown>' is not assignable to type '(Without<CompetitionTaskCreateInput, CompetitionTaskUncheckedCreateInput> & CompetitionTaskUncheckedCreateInput) | (Without<...> & CompetitionTaskCreateInput)'.
[typecheck]   src/generated/content-draft.routes.ts(166,11): TS2322 Type 'any' is not assignable to type 'never'.
[typecheck]   src/generated/content-draft.routes.ts(237,9): TS2322 Type 'Record<string, unknown>' is not assignable to type '(Without<ContentDraftCreateInput, ContentDraftUncheckedCreateInput> & ContentDraftUncheckedCreateInput) | (Without<...> & ContentDraftCreateInput)'.
[typecheck]   src/generated/contract-record.routes.ts(166,11): TS2322 Type 'any' is not assignable to type 'never'.
[typecheck]   src/generated/contract-record.routes.ts(237,9): TS2322 Type 'Record<string, unknown>' is not assignable to type '(Without<ContractRecordCreateInput, ContractRecordUncheckedCreateInput> & ContractRecordUncheckedCreateInput) | (Without<...> & ContractRecordCreateInput)'.
[typecheck]   src/generated/domain.ts(104,7): TS2353 Object literal may only specify known properties, and 'pendingDeletes' does not exist in type 'AnnotationsMap<this, never>'.
[typecheck]   src/generated/domain.ts(312,7): TS2353 Object literal may only specify known properties, and 'pendingDeletes' does not exist in type 'AnnotationsMap<this, never>'.
[typecheck]   …and 22 more
[stdout] build started...
[stdout] ✓ 1 modules transformed.
[typecheck] ✗ tsc --noEmit found 32 type error(s) — these compile under Vite but will crash at runtime:
[typecheck]   src/generated/audit-entry.routes.ts(166,11): TS2322 Type 'any' is not assignable to type 'never'.
[typecheck]   src/generated/audit-entry.routes.ts(237,9): TS2322 Type 'Record<string, unknown>' is not assignable to type '(Without<AuditEntryCreateInput, AuditEntryUncheckedCreateInput> & AuditEntryUncheckedCreateInput) | (Without<...> & AuditEntryCreateInput)'.
[typecheck]   src/generated/competition-task.routes.ts(166,11): TS2322 Type 'any' is not assignable to type 'never'.
[typecheck]   src/generated/competition-task.routes.ts(237,9): TS2322 Type 'Record<string, unknown>' is not assignable to type '(Without<CompetitionTaskCreateInput, CompetitionTaskUncheckedCreateInput> & CompetitionTaskUncheckedCreateInput) | (Without<...> & CompetitionTaskCreateInput)'.
[typecheck]   src/generated/content-draft.routes.ts(166,11): TS2322 Type 'any' is not assignable to type 'never'.
[typecheck]   src/generated/content-draft.routes.ts(237,9): TS2322 Type 'Record<string, unknown>' is not assignable to type '(Without<ContentDraftCreateInput, ContentDraftUncheckedCreateInput> & ContentDraftUncheckedCreateInput) | (Without<...> & ContentDraftCreateInput)'.
[typecheck]   src/generated/contract-record.routes.ts(166,11): TS2322 Type 'any' is not assignable to type 'never'.
[typecheck]   src/generated/contract-record.routes.ts(237,9): TS2322 Type 'Record<string, unknown>' is not assignable to type '(Without<ContractRecordCreateInput, ContractRecordUncheckedCreateInput> & ContractRecordUncheckedCreateInput) | (Without<...> & ContractRecordCreateInput)'.
[typecheck]   src/generated/domain.ts(104,7): TS2353 Object literal may only specify known properties, and 'pendingDeletes' does not exist in type 'AnnotationsMap<this, never>'.
[typecheck]   src/generated/domain.ts(312,7): TS2353 Object literal may only specify known properties, and 'pendingDeletes' does not exist in type 'AnnotationsMap<this, never>'.
[typecheck]   …and 22 more
[stdout] dist/index.html                     0.43 kB │ gzip:   0.30 kB
[stdout] dist/assets/index-C-NMtCQ6.css    113.30 kB │ gzip:  15.01 kB
[stdout] dist/assets/index-B6M_Fbnb.js   2,753.74 kB │ gzip: 503.86 kB
[stdout] built in 14666ms.
[typecheck] ✗ tsc --noEmit found 32 type error(s) — these compile under Vite but will crash at runtime:
[typecheck]   src/generated/audit-entry.routes.ts(166,11): TS2322 Type 'any' is not assignable to type 'never'.
[typecheck]   src/generated/audit-entry.routes.ts(237,9): TS2322 Type 'Record<string, unknown>' is not assignable to type '(Without<AuditEntryCreateInput, AuditEntryUncheckedCreateInput> & AuditEntryUncheckedCreateInput) | (Without<...> & AuditEntryCreateInput)'.
[typecheck]   src/generated/competition-task.routes.ts(166,11): TS2322 Type 'any' is not assignable to type 'never'.
[typecheck]   src/generated/competition-task.routes.ts(237,9): TS2322 Type 'Record<string, unknown>' is not assignable to type '(Without<CompetitionTaskCreateInput, CompetitionTaskUncheckedCreateInput> & CompetitionTaskUncheckedCreateInput) | (Without<...> & CompetitionTaskCreateInput)'.
[typecheck]   src/generated/content-draft.routes.ts(166,11): TS2322 Type 'any' is not assignable to type 'never'.
[typecheck]   src/generated/content-draft.routes.ts(237,9): TS2322 Type 'Record<string, unknown>' is not assignable to type '(Without<ContentDraftCreateInput, ContentDraftUncheckedCreateInput> & ContentDraftUncheckedCreateInput) | (Without<...> & ContentDraftCreateInput)'.
[typecheck]   src/generated/contract-record.routes.ts(166,11): TS2322 Type 'any' is not assignable to type 'never'.
[typecheck]   src/generated/contract-record.routes.ts(237,9): TS2322 Type 'Record<string, unknown>' is not assignable to type '(Without<ContractRecordCreateInput, ContractRecordUncheckedCreateInput> & ContractRecordUncheckedCreateInput) | (Without<...> & ContractRecordCreateInput)'.
[typecheck]   src/generated/domain.ts(104,7): TS2353 Object literal may only specify known properties, and 'pendingDeletes' does not exist in type 'AnnotationsMap<this, never>'.
[typecheck]   src/generated/domain.ts(312,7): TS2353 Object literal may only specify known properties, and 'pendingDeletes' does not exist in type 'AnnotationsMap<this, never>'.
[typecheck]   …and 22 more
[stdout] build started...
[stdout] ✓ 2 modules transformed.
[stdout] dist/index.html                     0.43 kB │ gzip:   0.30 kB
dist/assets/index-C-NMtCQ6.css    113.30 kB │ gzip:  15.01 kB
dist/assets/index-BOCExKdC.js   2,751.34 kB │ gzip: 503.36 kB
[stdout] built in 14480ms.
[stdout] build started...
[stdout] ✓ 1 modules transformed.
[stdout] dist/index.html                     0.43 kB │ gzip:   0.30 kB
dist/assets/index-C-NMtCQ6.css    113.30 kB │ gzip:  15.01 kB
dist/assets/index-xB6bI3hN.js   2,757.89 kB │ gzip: 504.26 kB
[stdout] built in 13652ms.
[stdout] build started...
[typecheck] ✗ tsc --noEmit found 36 type error(s) — these compile under Vite but will crash at runtime:
[typecheck]   src/App.tsx(19,31): TS2307 Cannot find module '@/components/auri/RightsChecker' or its corresponding type declarations.
[typecheck]   src/App.tsx(20,30): TS2307 Cannot find module '@/components/auri/LeaseScanner' or its corresponding type declarations.
[typecheck]   src/App.tsx(21,38): TS2307 Cannot find module '@/components/auri/ServiceChargeChecker' or its corresponding type declarations.
[typecheck]   src/App.tsx(22,27): TS2307 Cannot find module '@/components/auri/RTMWizard' or its corresponding type declarations.
[typecheck]   src/generated/audit-entry.routes.ts(166,11): TS2322 Type 'any' is not assignable to type 'never'.
[typecheck]   src/generated/audit-entry.routes.ts(237,9): TS2322 Type 'Record<string, unknown>' is not assignable to type '(Without<AuditEntryCreateInput, AuditEntryUncheckedCreateInput> & AuditEntryUncheckedCreateInput) | (Without<...> & AuditEntryCreateInput)'.
[typecheck]   src/generated/competition-task.routes.ts(166,11): TS2322 Type 'any' is not assignable to type 'never'.
[typecheck]   src/generated/competition-task.routes.ts(237,9): TS2322 Type 'Record<string, unknown>' is not assignable to type '(Without<CompetitionTaskCreateInput, CompetitionTaskUncheckedCreateInput> & CompetitionTaskUncheckedCreateInput) | (Without<...> & CompetitionTaskCreateInput)'.
[typecheck]   src/generated/content-draft.routes.ts(166,11): TS2322 Type 'any' is not assignable to type 'never'.
[typecheck]   src/generated/content-draft.routes.ts(237,9): TS2322 Type 'Record<string, unknown>' is not assignable to type '(Without<ContentDraftCreateInput, ContentDraftUncheckedCreateInput> & ContentDraftUncheckedCreateInput) | (Without<...> & ContentDraftCreateInput)'.
[typecheck]   …and 26 more
[stdout] ✓ 1 modules transformed.
[stderr] [vite:load-fallback] Could not load /app/workspace/src/components/auri/RightsChecker (imported by src/App.tsx): ENOENT: no such file or directory, open '/app/workspace/src/components/auri/RightsChecker'
[typecheck] ✗ tsc --noEmit found 36 type error(s) — these compile under Vite but will crash at runtime:
[typecheck]   src/App.tsx(19,31): TS2307 Cannot find module '@/components/auri/RightsChecker' or its corresponding type declarations.
[typecheck]   src/App.tsx(20,30): TS2307 Cannot find module '@/components/auri/LeaseScanner' or its corresponding type declarations.
[typecheck]   src/App.tsx(21,38): TS2307 Cannot find module '@/components/auri/ServiceChargeChecker' or its corresponding type declarations.
[typecheck]   src/App.tsx(22,27): TS2307 Cannot find module '@/components/auri/RTMWizard' or its corresponding type declarations.
[typecheck]   src/generated/audit-entry.routes.ts(166,11): TS2322 Type 'any' is not assignable to type 'never'.
[typecheck]   src/generated/audit-entry.routes.ts(237,9): TS2322 Type 'Record<string, unknown>' is not assignable to type '(Without<AuditEntryCreateInput, AuditEntryUncheckedCreateInput> & AuditEntryUncheckedCreateInput) | (Without<...> & AuditEntryCreateInput)'.
[typecheck]   src/generated/competition-task.routes.ts(166,11): TS2322 Type 'any' is not assignable to type 'never'.
[typecheck]   src/generated/competition-task.routes.ts(237,9): TS2322 Type 'Record<string, unknown>' is not assignable to type '(Without<CompetitionTaskCreateInput, CompetitionTaskUncheckedCreateInput> & CompetitionTaskUncheckedCreateInput) | (Without<...> & CompetitionTaskCreateInput)'.
[typecheck]   src/generated/content-draft.routes.ts(166,11): TS2322 Type 'any' is not assignable to type 'never'.
[typecheck]   src/generated/content-draft.routes.ts(237,9): TS2322 Type 'Record<string, unknown>' is not assignable to type '(Without<ContentDraftCreateInput, ContentDraftUncheckedCreateInput> & ContentDraftUncheckedCreateInput) | (Without<...> & ContentDraftCreateInput)'.
[typecheck]   …and 26 more
[stdout] build started...
[stdout] ✓ 6 modules transformed.
[stdout] dist/index.html                     0.43 kB │ gzip:   0.30 kB
[stdout] dist/assets/index-CcqEU_EK.css    117.07 kB │ gzip:  15.38 kB
[stdout] dist/assets/index-5eO6gLRN.js   2,844.19 kB │ gzip: 515.16 kB
[stdout] built in 11468ms.
[typecheck] ✗ tsc --noEmit found 47 type error(s) — these compile under Vite but will crash at runtime:
[typecheck]   src/components/auri/LeaseScanner.tsx(4,57): TS2305 Module '"./primitives"' has no exported member 'Badge'.
[typecheck]   src/components/auri/RTMWizard.tsx(69,39): TS2367 This comparison appears to be unintentional because the types '"propertyType" | "qualifyingTenants" | "nonResidential"' and 'Step' have no overlap.
[typecheck]   src/components/auri/RTMWizard.tsx(177,79): TS2339 Property 'title' does not exist on type 'never'.
[typecheck]   src/components/auri/RTMWizard.tsx(178,26): TS2339 Property 'desc' does not exist on type 'never'.
[typecheck]   src/components/auri/RTMWizard.tsx(178,90): TS2339 Property 'desc' does not exist on type 'never'.
[typecheck]   src/components/auri/RTMWizard.tsx(181,26): TS2339 Property 'options' does not exist on type 'never'.
[typecheck]   src/components/auri/RTMWizard.tsx(181,38): TS7006 Parameter 'opt' implicitly has an 'any' type.
[typecheck]   src/components/auri/RTMWizard.tsx(182,34): TS7053 Element implicitly has an 'any' type because expression of type 'any' can't be used to index type 'Answers'.
[typecheck]   src/components/auri/RTMWizard.tsx(182,54): TS2339 Property 'key' does not exist on type 'never'.
[typecheck]   src/components/auri/RTMWizard.tsx(185,44): TS2339 Property 'key' does not exist on type 'never'.
[typecheck]   …and 37 more
[stdout] build started...
[api-stdout] 🚀 Server running on http://localhost:3001
[stdout] ✓ 1 modules transformed.
[stdout] dist/index.html                     0.43 kB │ gzip:   0.30 kB
dist/assets/index-CcqEU_EK.css    117.07 kB │ gzip:  15.38 kB
dist/assets/index-BtH4LY1n.js   2,844.24 kB │ gzip: 515.16 kB
[stdout] built in 11695ms.
[stdout] build started...
[stdout] ✓ 0 modules transformed.
[stdout] dist/index.html                     0.43 kB │ gzip:   0.30 kB
[stdout] dist/assets/index-CcqEU_EK.css    117.07 kB │ gzip:  15.38 kB
[stdout] dist/assets/index-5eO6gLRN.js   2,844.19 kB │ gzip: 515.16 kB
[typecheck] ✗ tsc --noEmit found 71 type error(s) — these compile under Vite but will crash at runtime:
[typecheck]   src/components/auri/LeaseScanner.tsx(4,57): TS2305 Module '"./primitives"' has no exported member 'Badge'.
[typecheck]   src/components/auri/RTMWizard.tsx(69,39): TS2367 This comparison appears to be unintentional because the types '"propertyType" | "qualifyingTenants" | "nonResidential"' and 'Step' have no overlap.
[typecheck]   src/components/auri/RTMWizard.tsx(177,79): TS2339 Property 'title' does not exist on type 'never'.
[typecheck]   src/components/auri/RTMWizard.tsx(178,26): TS2339 Property 'desc' does not exist on type 'never'.
[typecheck]   src/components/auri/RTMWizard.tsx(178,90): TS2339 Property 'desc' does not exist on type 'never'.
[typecheck]   src/components/auri/RTMWizard.tsx(181,26): TS2339 Property 'options' does not exist on type 'never'.
[typecheck]   src/components/auri/RTMWizard.tsx(181,38): TS7006 Parameter 'opt' implicitly has an 'any' type.
[typecheck]   src/components/auri/RTMWizard.tsx(182,34): TS7053 Element implicitly has an 'any' type because expression of type 'any' can't be used to index type 'Answers'.
[typecheck]   src/components/auri/RTMWizard.tsx(182,54): TS2339 Property 'key' does not exist on type 'never'.
[typecheck]   src/components/auri/RTMWizard.tsx(185,44): TS2339 Property 'key' does not exist on type 'never'.
[typecheck]   …and 61 more
[stdout] built in 17678ms.
[stdout] build started...
[stdout] ✓ 1 modules transformed.
[stdout] dist/index.html                     0.43 kB │ gzip:   0.30 kB
dist/assets/index-CcqEU_EK.css    117.07 kB │ gzip:  15.38 kB
dist/assets/index-BtH4LY1n.js   2,844.24 kB │ gzip: 515.16 kB
[stdout] built in 13360ms.
[stdout] build started...
[typecheck] ✗ tsc --noEmit found 70 type error(s) — these compile under Vite but will crash at runtime:
[typecheck]   src/components/auri/RTMWizard.tsx(77,39): TS2367 This comparison appears to be unintentional because the types '"propertyType" | "qualifyingTenants" | "nonResidential"' and 'Step' have no overlap.
[typecheck]   src/components/auri/RTMWizard.tsx(185,79): TS2339 Property 'title' does not exist on type 'never'.
[typecheck]   src/components/auri/RTMWizard.tsx(186,26): TS2339 Property 'desc' does not exist on type 'never'.
[typecheck]   src/components/auri/RTMWizard.tsx(186,90): TS2339 Property 'desc' does not exist on type 'never'.
[typecheck]   src/components/auri/RTMWizard.tsx(189,26): TS2339 Property 'options' does not exist on type 'never'.
[typecheck]   src/components/auri/RTMWizard.tsx(189,38): TS7006 Parameter 'opt' implicitly has an 'any' type.
[typecheck]   src/components/auri/RTMWizard.tsx(190,34): TS7053 Element implicitly has an 'any' type because expression of type 'any' can't be used to index type 'Answers'.
[typecheck]   src/components/auri/RTMWizard.tsx(190,54): TS2339 Property 'key' does not exist on type 'never'.
[typecheck]   src/components/auri/RTMWizard.tsx(193,44): TS2339 Property 'key' does not exist on type 'never'.
[typecheck]   src/components/auri/RTMWizard.tsx(196,46): TS2345 Argument of type '"type" | "tenure" | "qualifying" | "non-residential" | "propertyType" | "qualifyingTenants" | "nonResidential"' is not assignable to parameter of type 'SetStateAction<Step>'.
[typecheck]   …and 60 more
[stdout] ✓ 2 modules transformed.
[stdout] dist/index.html                     0.43 kB │ gzip:   0.30 kB
dist/assets/index-CcqEU_EK.css    117.07 kB │ gzip:  15.38 kB
dist/assets/index-BIVOJFlJ.js   2,844.29 kB │ gzip: 515.19 kB
[stdout] built in 18938ms.
[stdout] build started...
[typecheck] ✗ tsc --noEmit found 74 type error(s) — these compile under Vite but will crash at runtime:
[typecheck]   src/components/auri/RTMWizard.tsx(185,8): TS2304 Cannot find name 'currentStep'.
[typecheck]   src/components/auri/RTMWizard.tsx(188,67): TS2304 Cannot find name 'currentStep'.
[typecheck]   src/components/auri/RTMWizard.tsx(189,14): TS2304 Cannot find name 'currentStep'.
[typecheck]   src/components/auri/RTMWizard.tsx(189,78): TS2304 Cannot find name 'currentStep'.
[typecheck]   src/components/auri/RTMWizard.tsx(192,14): TS2304 Cannot find name 'currentStep'.
[typecheck]   src/components/auri/RTMWizard.tsx(192,38): TS7006 Parameter 'opt' implicitly has an 'any' type.
[typecheck]   src/components/auri/RTMWizard.tsx(193,34): TS7053 Element implicitly has an 'any' type because expression of type 'any' can't be used to index type 'Answers'.
[typecheck]   src/components/auri/RTMWizard.tsx(193,42): TS2304 Cannot find name 'currentStep'.
[typecheck]   src/components/auri/RTMWizard.tsx(196,32): TS2304 Cannot find name 'currentStep'.
[typecheck]   src/components/auri/RTMWizard.tsx(197,35): TS2552 Cannot find name 'steps'. Did you mean 'step'?
[typecheck]   …and 64 more
[stdout] ✓ 1 modules transformed.
[stdout] dist/index.html                     0.43 kB │ gzip:   0.30 kB
dist/assets/index-CcqEU_EK.css    117.07 kB │ gzip:  15.38 kB
[stdout] dist/assets/index-DWAObgo0.js   2,844.49 kB │ gzip: 515.22 kB
[typecheck] ✗ tsc --noEmit found 59 type error(s) — these compile under Vite but will crash at runtime:
[typecheck]   src/components/auri/RightsChecker.tsx(5,25): TS2305 Module '"./primitives"' has no exported member 'CardShell'.
[typecheck]   src/components/auri/RightsChecker.tsx(5,62): TS2305 Module '"./primitives"' has no exported member 'Badge'.
[typecheck]   src/components/auri/RightsChecker.tsx(5,69): TS2724 '"./primitives"' has no exported member named 'Semantic'. Did you mean 'SEMANTIC'?
[typecheck]   src/generated/audit-entry.routes.ts(166,11): TS2322 Type 'any' is not assignable to type 'never'.
[typecheck]   src/generated/audit-entry.routes.ts(237,9): TS2322 Type 'Record<string, unknown>' is not assignable to type '(Without<AuditEntryCreateInput, AuditEntryUncheckedCreateInput> & AuditEntryUncheckedCreateInput) | (Without<...> & AuditEntryCreateInput)'.
[typecheck]   src/generated/competition-task.routes.ts(166,11): TS2322 Type 'any' is not assignable to type 'never'.
[typecheck]   src/generated/competition-task.routes.ts(237,9): TS2322 Type 'Record<string, unknown>' is not assignable to type '(Without<CompetitionTaskCreateInput, CompetitionTaskUncheckedCreateInput> & CompetitionTaskUncheckedCreateInput) | (Without<...> & CompetitionTaskCreateInput)'.
[typecheck]   src/generated/content-draft.routes.ts(166,11): TS2322 Type 'any' is not assignable to type 'never'.
[typecheck]   src/generated/content-draft.routes.ts(237,9): TS2322 Type 'Record<string, unknown>' is not assignable to type '(Without<ContentDraftCreateInput, ContentDraftUncheckedCreateInput> & ContentDraftUncheckedCreateInput) | (Without<...> & ContentDraftCreateInput)'.
[typecheck]   src/generated/contract-record.routes.ts(166,11): TS2322 Type 'any' is not assignable to type 'never'.
[typecheck]   …and 49 more
[stdout] built in 16375ms.
[typecheck] ✗ tsc --noEmit found 59 type error(s) — these compile under Vite but will crash at runtime:
[typecheck]   src/components/auri/RightsChecker.tsx(5,25): TS2305 Module '"./primitives"' has no exported member 'CardShell'.
[typecheck]   src/components/auri/RightsChecker.tsx(5,62): TS2305 Module '"./primitives"' has no exported member 'Badge'.
[typecheck]   src/components/auri/RightsChecker.tsx(5,69): TS2724 '"./primitives"' has no exported member named 'Semantic'. Did you mean 'SEMANTIC'?
[typecheck]   src/generated/audit-entry.routes.ts(166,11): TS2322 Type 'any' is not assignable to type 'never'.
[typecheck]   src/generated/audit-entry.routes.ts(237,9): TS2322 Type 'Record<string, unknown>' is not assignable to type '(Without<AuditEntryCreateInput, AuditEntryUncheckedCreateInput> & AuditEntryUncheckedCreateInput) | (Without<...> & AuditEntryCreateInput)'.
[typecheck]   src/generated/competition-task.routes.ts(166,11): TS2322 Type 'any' is not assignable to type 'never'.
[typecheck]   src/generated/competition-task.routes.ts(237,9): TS2322 Type 'Record<string, unknown>' is not assignable to type '(Without<CompetitionTaskCreateInput, CompetitionTaskUncheckedCreateInput> & CompetitionTaskUncheckedCreateInput) | (Without<...> & CompetitionTaskCreateInput)'.
[typecheck]   src/generated/content-draft.routes.ts(166,11): TS2322 Type 'any' is not assignable to type 'never'.
[typecheck]   src/generated/content-draft.routes.ts(237,9): TS2322 Type 'Record<string, unknown>' is not assignable to type '(Without<ContentDraftCreateInput, ContentDraftUncheckedCreateInput> & ContentDraftUncheckedCreateInput) | (Without<...> & ContentDraftCreateInput)'.
[typecheck]   src/generated/contract-record.routes.ts(166,11): TS2322 Type 'any' is not assignable to type 'never'.
[typecheck]   …and 49 more
[stdout] build started...
[stdout] ✓ 2 modules transformed.
[stdout] dist/index.html                     0.43 kB │ gzip:   0.30 kB
[stdout] dist/assets/index-C5YpppTj.css    120.92 kB │ gzip:  15.74 kB
dist/assets/index-B5y6RTTA.js   2,844.44 kB │ gzip: 515.21 kB
[stdout] built in 12736ms.
[stdout] build started...
[typecheck] ✗ tsc --noEmit found 56 type error(s) — these compile under Vite but will crash at runtime:
[typecheck]   src/generated/audit-entry.routes.ts(166,11): TS2322 Type 'any' is not assignable to type 'never'.
[typecheck]   src/generated/audit-entry.routes.ts(237,9): TS2322 Type 'Record<string, unknown>' is not assignable to type '(Without<AuditEntryCreateInput, AuditEntryUncheckedCreateInput> & AuditEntryUncheckedCreateInput) | (Without<...> & AuditEntryCreateInput)'.
[typecheck]   src/generated/competition-task.routes.ts(166,11): TS2322 Type 'any' is not assignable to type 'never'.
[typecheck]   src/generated/competition-task.routes.ts(237,9): TS2322 Type 'Record<string, unknown>' is not assignable to type '(Without<CompetitionTaskCreateInput, CompetitionTaskUncheckedCreateInput> & CompetitionTaskUncheckedCreateInput) | (Without<...> & CompetitionTaskCreateInput)'.
[typecheck]   src/generated/content-draft.routes.ts(166,11): TS2322 Type 'any' is not assignable to type 'never'.
[typecheck]   src/generated/content-draft.routes.ts(237,9): TS2322 Type 'Record<string, unknown>' is not assignable to type '(Without<ContentDraftCreateInput, ContentDraftUncheckedCreateInput> & ContentDraftUncheckedCreateInput) | (Without<...> & ContentDraftCreateInput)'.
[typecheck]   src/generated/contract-record.routes.ts(166,11): TS2322 Type 'any' is not assignable to type 'never'.
[typecheck]   src/generated/contract-record.routes.ts(237,9): TS2322 Type 'Record<string, unknown>' is not assignable to type '(Without<ContractRecordCreateInput, ContractRecordUncheckedCreateInput> & ContractRecordUncheckedCreateInput) | (Without<...> & ContractRecordCreateInput)'.
[typecheck]   src/generated/domain.ts(168,7): TS2353 Object literal may only specify known properties, and 'pendingDeletes' does not exist in type 'AnnotationsMap<this, never>'.
[typecheck]   src/generated/domain.ts(376,7): TS2353 Object literal may only specify known properties, and 'pendingDeletes' does not exist in type 'AnnotationsMap<this, never>'.
[typecheck]   …and 46 more
[stdout] ✓ 2 modules transformed.
[stdout] dist/index.html                     0.43 kB │ gzip:   0.30 kB
dist/assets/index-C5YpppTj.css    120.92 kB │ gzip:  15.74 kB
dist/assets/index-IeQFrmhi.js   2,844.49 kB │ gzip: 515.23 kB
[stdout] built in 15012ms.
[stdout] build started...
[stdout] ✓ 2 modules transformed.
[stdout] dist/index.html                     0.43 kB │ gzip:   0.30 kB
dist/assets/index-C5YpppTj.css    120.92 kB │ gzip:  15.74 kB
dist/assets/index-BrjWpipW.js   2,922.76 kB │ gzip: 523.58 kB
[stdout] built in 16399ms.
[typecheck] ✗ tsc --noEmit found 56 type error(s) — these compile under Vite but will crash at runtime:
[typecheck]   src/generated/audit-entry.routes.ts(166,11): TS2322 Type 'any' is not assignable to type 'never'.
[typecheck]   src/generated/audit-entry.routes.ts(237,9): TS2322 Type 'Record<string, unknown>' is not assignable to type '(Without<AuditEntryCreateInput, AuditEntryUncheckedCreateInput> & AuditEntryUncheckedCreateInput) | (Without<...> & AuditEntryCreateInput)'.
[typecheck]   src/generated/competition-task.routes.ts(166,11): TS2322 Type 'any' is not assignable to type 'never'.
[typecheck]   src/generated/competition-task.routes.ts(237,9): TS2322 Type 'Record<string, unknown>' is not assignable to type '(Without<CompetitionTaskCreateInput, CompetitionTaskUncheckedCreateInput> & CompetitionTaskUncheckedCreateInput) | (Without<...> & CompetitionTaskCreateInput)'.
[typecheck]   src/generated/content-draft.routes.ts(166,11): TS2322 Type 'any' is not assignable to type 'never'.
[typecheck]   src/generated/content-draft.routes.ts(237,9): TS2322 Type 'Record<string, unknown>' is not assignable to type '(Without<ContentDraftCreateInput, ContentDraftUncheckedCreateInput> & ContentDraftUncheckedCreateInput) | (Without<...> & ContentDraftCreateInput)'.
[typecheck]   src/generated/contract-record.routes.ts(166,11): TS2322 Type 'any' is not assignable to type 'never'.
[typecheck]   src/generated/contract-record.routes.ts(237,9): TS2322 Type 'Record<string, unknown>' is not assignable to type '(Without<ContractRecordCreateInput, ContractRecordUncheckedCreateInput> & ContractRecordUncheckedCreateInput) | (Without<...> & ContractRecordCreateInput)'.
[typecheck]   src/generated/domain.ts(168,7): TS2353 Object literal may only specify known properties, and 'pendingDeletes' does not exist in type 'AnnotationsMap<this, never>'.
[typecheck]   src/generated/domain.ts(376,7): TS2353 Object literal may only specify known properties, and 'pendingDeletes' does not exist in type 'AnnotationsMap<this, never>'.
[typecheck]   …and 46 more
[stdout] build started...
[api-stdout] 🚀 Server running on http://localhost:3001
[api-stdout] 🚀 Server running on http://localhost:3001
[api-stderr] 49 | app.get('*', serveStatic({ path: './dist/index.html' }))
50 | 
51 | const port = Number(process.env.PORT) || 3001
52 | console.log(`🚀 Server running on http://localhost:${port}`)
53 | 
54 | Bun.serve({ port, fetch: app.fetch })
         ^
error: Failed to start server. Is port 3001 in use?
 syscall: "listen",
   errno: 0,
    code: "EADDRINUSE"

      at /app/workspace/server.tsx:54:5

Bun v1.3.11 (Linux x64)
[api-stdout] 🚀 Server running on http://localhost:3001
[typecheck] ✗ tsc --noEmit found 56 type error(s) — these compile under Vite but will crash at runtime:
[typecheck]   src/generated/audit-entry.routes.ts(166,11): TS2322 Type 'any' is not assignable to type 'never'.
[typecheck]   src/generated/audit-entry.routes.ts(237,9): TS2322 Type 'Record<string, unknown>' is not assignable to type '(Without<AuditEntryCreateInput, AuditEntryUncheckedCreateInput> & AuditEntryUncheckedCreateInput) | (Without<...> & AuditEntryCreateInput)'.
[typecheck]   src/generated/competition-task.routes.ts(166,11): TS2322 Type 'any' is not assignable to type 'never'.
[typecheck]   src/generated/competition-task.routes.ts(237,9): TS2322 Type 'Record<string, unknown>' is not assignable to type '(Without<CompetitionTaskCreateInput, CompetitionTaskUncheckedCreateInput> & CompetitionTaskUncheckedCreateInput) | (Without<...> & CompetitionTaskCreateInput)'.
[typecheck]   src/generated/content-draft.routes.ts(166,11): TS2322 Type 'any' is not assignable to type 'never'.
[typecheck]   src/generated/content-draft.routes.ts(237,9): TS2322 Type 'Record<string, unknown>' is not assignable to type '(Without<ContentDraftCreateInput, ContentDraftUncheckedCreateInput> & ContentDraftUncheckedCreateInput) | (Without<...> & ContentDraftCreateInput)'.
[typecheck]   src/generated/contract-record.routes.ts(166,11): TS2322 Type 'any' is not assignable to type 'never'.
[typecheck]   src/generated/contract-record.routes.ts(237,9): TS2322 Type 'Record<string, unknown>' is not assignable to type '(Without<ContractRecordCreateInput, ContractRecordUncheckedCreateInput> & ContractRecordUncheckedCreateInput) | (Without<...> & ContractRecordCreateInput)'.
[typecheck]   src/generated/domain.ts(168,7): TS2353 Object literal may only specify known properties, and 'pendingDeletes' does not exist in type 'AnnotationsMap<this, never>'.
[typecheck]   src/generated/domain.ts(376,7): TS2353 Object literal may only specify known properties, and 'pendingDeletes' does not exist in type 'AnnotationsMap<this, never>'.
[typecheck]   …and 46 more
[stdout] ✓ 1 modules transformed.
[stdout] dist/index.html                     0.43 kB │ gzip:   0.30 kB
dist/assets/index-C5YpppTj.css    120.92 kB │ gzip:  15.74 kB
[stdout] dist/assets/index-axLmmbPS.js   2,922.81 kB │ gzip: 523.58 kB
[stdout] built in 13104ms.
[typecheck] ✗ tsc --noEmit found 56 type error(s) — these compile under Vite but will crash at runtime:
[typecheck]   src/generated/audit-entry.routes.ts(166,11): TS2322 Type 'any' is not assignable to type 'never'.
[typecheck]   src/generated/audit-entry.routes.ts(237,9): TS2322 Type 'Record<string, unknown>' is not assignable to type '(Without<AuditEntryCreateInput, AuditEntryUncheckedCreateInput> & AuditEntryUncheckedCreateInput) | (Without<...> & AuditEntryCreateInput)'.
[typecheck]   src/generated/competition-task.routes.ts(166,11): TS2322 Type 'any' is not assignable to type 'never'.
[typecheck]   src/generated/competition-task.routes.ts(237,9): TS2322 Type 'Record<string, unknown>' is not assignable to type '(Without<CompetitionTaskCreateInput, CompetitionTaskUncheckedCreateInput> & CompetitionTaskUncheckedCreateInput) | (Without<...> & CompetitionTaskCreateInput)'.
[typecheck]   src/generated/content-draft.routes.ts(166,11): TS2322 Type 'any' is not assignable to type 'never'.
[typecheck]   src/generated/content-draft.routes.ts(237,9): TS2322 Type 'Record<string, unknown>' is not assignable to type '(Without<ContentDraftCreateInput, ContentDraftUncheckedCreateInput> & ContentDraftUncheckedCreateInput) | (Without<...> & ContentDraftCreateInput)'.
[typecheck]   src/generated/contract-record.routes.ts(166,11): TS2322 Type 'any' is not assignable to type 'never'.
[typecheck]   src/generated/contract-record.routes.ts(237,9): TS2322 Type 'Record<string, unknown>' is not assignable to type '(Without<ContractRecordCreateInput, ContractRecordUncheckedCreateInput> & ContractRecordUncheckedCreateInput) | (Without<...> & ContractRecordCreateInput)'.
[typecheck]   src/generated/domain.ts(168,7): TS2353 Object literal may only specify known properties, and 'pendingDeletes' does not exist in type 'AnnotationsMap<this, never>'.
[typecheck]   src/generated/domain.ts(376,7): TS2353 Object literal may only specify known properties, and 'pendingDeletes' does not exist in type 'AnnotationsMap<this, never>'.
[typecheck]   …and 46 more
[stdout] build started...
[stdout] ✓ 1 modules transformed.
[stdout] dist/index.html                     0.43 kB │ gzip:   0.30 kB
dist/assets/index-C5YpppTj.css    120.92 kB │ gzip:  15.74 kB
dist/assets/index-BrjWpipW.js   2,922.76 kB │ gzip: 523.58 kB
[stdout] built in 12580ms.
[typecheck] ✗ tsc --noEmit found 56 type error(s) — these compile under Vite but will crash at runtime:
[typecheck]   src/generated/audit-entry.routes.ts(166,11): TS2322 Type 'any' is not assignable to type 'never'.
[typecheck]   src/generated/audit-entry.routes.ts(237,9): TS2322 Type 'Record<string, unknown>' is not assignable to type '(Without<AuditEntryCreateInput, AuditEntryUncheckedCreateInput> & AuditEntryUncheckedCreateInput) | (Without<...> & AuditEntryCreateInput)'.
[typecheck]   src/generated/competition-task.routes.ts(166,11): TS2322 Type 'any' is not assignable to type 'never'.
[typecheck]   src/generated/competition-task.routes.ts(237,9): TS2322 Type 'Record<string, unknown>' is not assignable to type '(Without<CompetitionTaskCreateInput, CompetitionTaskUncheckedCreateInput> & CompetitionTaskUncheckedCreateInput) | (Without<...> & CompetitionTaskCreateInput)'.
[typecheck]   src/generated/content-draft.routes.ts(166,11): TS2322 Type 'any' is not assignable to type 'never'.
[typecheck]   src/generated/content-draft.routes.ts(237,9): TS2322 Type 'Record<string, unknown>' is not assignable to type '(Without<ContentDraftCreateInput, ContentDraftUncheckedCreateInput> & ContentDraftUncheckedCreateInput) | (Without<...> & ContentDraftCreateInput)'.
[typecheck]   src/generated/contract-record.routes.ts(166,11): TS2322 Type 'any' is not assignable to type 'never'.
[typecheck]   src/generated/contract-record.routes.ts(237,9): TS2322 Type 'Record<string, unknown>' is not assignable to type '(Without<ContractRecordCreateInput, ContractRecordUncheckedCreateInput> & ContractRecordUncheckedCreateInput) | (Without<...> & ContractRecordCreateInput)'.
[typecheck]   src/generated/domain.ts(168,7): TS2353 Object literal may only specify known properties, and 'pendingDeletes' does not exist in type 'AnnotationsMap<this, never>'.
[typecheck]   src/generated/domain.ts(376,7): TS2353 Object literal may only specify known properties, and 'pendingDeletes' does not exist in type 'AnnotationsMap<this, never>'.
[typecheck]   …and 46 more
[stdout] build started...
[stdout] ✓ 1 modules transformed.
[stdout] dist/index.html                     0.43 kB │ gzip:   0.30 kB
[stdout] dist/assets/index-C5YpppTj.css    120.92 kB │ gzip:  15.74 kB
dist/assets/index-axLmmbPS.js   2,922.81 kB │ gzip: 523.58 kB
[stdout] built in 11557ms.
[typecheck] ✗ tsc --noEmit found 56 type error(s) — these compile under Vite but will crash at runtime:
[typecheck]   src/generated/audit-entry.routes.ts(166,11): TS2322 Type 'any' is not assignable to type 'never'.
[typecheck]   src/generated/audit-entry.routes.ts(237,9): TS2322 Type 'Record<string, unknown>' is not assignable to type '(Without<AuditEntryCreateInput, AuditEntryUncheckedCreateInput> & AuditEntryUncheckedCreateInput) | (Without<...> & AuditEntryCreateInput)'.
[typecheck]   src/generated/competition-task.routes.ts(166,11): TS2322 Type 'any' is not assignable to type 'never'.
[typecheck]   src/generated/competition-task.routes.ts(237,9): TS2322 Type 'Record<string, unknown>' is not assignable to type '(Without<CompetitionTaskCreateInput, CompetitionTaskUncheckedCreateInput> & CompetitionTaskUncheckedCreateInput) | (Without<...> & CompetitionTaskCreateInput)'.
[typecheck]   src/generated/content-draft.routes.ts(166,11): TS2322 Type 'any' is not assignable to type 'never'.
[typecheck]   src/generated/content-draft.routes.ts(237,9): TS2322 Type 'Record<string, unknown>' is not assignable to type '(Without<ContentDraftCreateInput, ContentDraftUncheckedCreateInput> & ContentDraftUncheckedCreateInput) | (Without<...> & ContentDraftCreateInput)'.
[typecheck]   src/generated/contract-record.routes.ts(166,11): TS2322 Type 'any' is not assignable to type 'never'.
[typecheck]   src/generated/contract-record.routes.ts(237,9): TS2322 Type 'Record<string, unknown>' is not assignable to type '(Without<ContractRecordCreateInput, ContractRecordUncheckedCreateInput> & ContractRecordUncheckedCreateInput) | (Without<...> & ContractRecordCreateInput)'.
[typecheck]   src/generated/domain.ts(168,7): TS2353 Object literal may only specify known properties, and 'pendingDeletes' does not exist in type 'AnnotationsMap<this, never>'.
[typecheck]   src/generated/domain.ts(376,7): TS2353 Object literal may only specify known properties, and 'pendingDeletes' does not exist in type 'AnnotationsMap<this, never>'.
[typecheck]   …and 46 more
[stdout] build started...
[stdout] ✓ 1 modules transformed.
[stdout] dist/index.html                     0.43 kB │ gzip:   0.30 kB
[stdout] dist/assets/index-C5YpppTj.css    120.92 kB │ gzip:  15.74 kB
[stdout] dist/assets/index-BrjWpipW.js   2,922.76 kB │ gzip: 523.58 kB
[stdout] built in 12059ms.
[typecheck] ✗ tsc --noEmit found 56 type error(s) — these compile under Vite but will crash at runtime:
[typecheck]   src/generated/audit-entry.routes.ts(166,11): TS2322 Type 'any' is not assignable to type 'never'.
[typecheck]   src/generated/audit-entry.routes.ts(237,9): TS2322 Type 'Record<string, unknown>' is not assignable to type '(Without<AuditEntryCreateInput, AuditEntryUncheckedCreateInput> & AuditEntryUncheckedCreateInput) | (Without<...> & AuditEntryCreateInput)'.
[typecheck]   src/generated/competition-task.routes.ts(166,11): TS2322 Type 'any' is not assignable to type 'never'.
[typecheck]   src/generated/competition-task.routes.ts(237,9): TS2322 Type 'Record<string, unknown>' is not assignable to type '(Without<CompetitionTaskCreateInput, CompetitionTaskUncheckedCreateInput> & CompetitionTaskUncheckedCreateInput) | (Without<...> & CompetitionTaskCreateInput)'.
[typecheck]   src/generated/content-draft.routes.ts(166,11): TS2322 Type 'any' is not assignable to type 'never'.
[typecheck]   src/generated/content-draft.routes.ts(237,9): TS2322 Type 'Record<string, unknown>' is not assignable to type '(Without<ContentDraftCreateInput, ContentDraftUncheckedCreateInput> & ContentDraftUncheckedCreateInput) | (Without<...> & ContentDraftCreateInput)'.
[typecheck]   src/generated/contract-record.routes.ts(166,11): TS2322 Type 'any' is not assignable to type 'never'.
[typecheck]   src/generated/contract-record.routes.ts(237,9): TS2322 Type 'Record<string, unknown>' is not assignable to type '(Without<ContractRecordCreateInput, ContractRecordUncheckedCreateInput> & ContractRecordUncheckedCreateInput) | (Without<...> & ContractRecordCreateInput)'.
[typecheck]   src/generated/domain.ts(168,7): TS2353 Object literal may only specify known properties, and 'pendingDeletes' does not exist in type 'AnnotationsMap<this, never>'.
[typecheck]   src/generated/domain.ts(376,7): TS2353 Object literal may only specify known properties, and 'pendingDeletes' does not exist in type 'AnnotationsMap<this, never>'.
[typecheck]   …and 46 more
[stdout] build started...
[stdout] ✓ 0 modules transformed.
[stdout] dist/index.html                     0.43 kB │ gzip:   0.30 kB
dist/assets/index-C5YpppTj.css    120.92 kB │ gzip:  15.74 kB
dist/assets/index-axLmmbPS.js   2,922.81 kB │ gzip: 523.58 kB
[stdout] built in 11078ms.
[stdout] build started...
[stdout] ✓ 0 modules transformed.
[stdout] dist/index.html                     0.43 kB │ gzip:   0.30 kB
[stdout] dist/assets/index-C5YpppTj.css    120.92 kB │ gzip:  15.74 kB
dist/assets/index-BrjWpipW.js   2,922.76 kB │ gzip: 523.58 kB
[stdout] built in 12178ms.
[stdout] build started...
[typecheck] ✗ tsc --noEmit found 56 type error(s) — these compile under Vite but will crash at runtime:
[typecheck]   src/generated/audit-entry.routes.ts(166,11): TS2322 Type 'any' is not assignable to type 'never'.
[typecheck]   src/generated/audit-entry.routes.ts(237,9): TS2322 Type 'Record<string, unknown>' is not assignable to type '(Without<AuditEntryCreateInput, AuditEntryUncheckedCreateInput> & AuditEntryUncheckedCreateInput) | (Without<...> & AuditEntryCreateInput)'.
[typecheck]   src/generated/competition-task.routes.ts(166,11): TS2322 Type 'any' is not assignable to type 'never'.
[typecheck]   src/generated/competition-task.routes.ts(237,9): TS2322 Type 'Record<string, unknown>' is not assignable to type '(Without<CompetitionTaskCreateInput, CompetitionTaskUncheckedCreateInput> & CompetitionTaskUncheckedCreateInput) | (Without<...> & CompetitionTaskCreateInput)'.
[typecheck]   src/generated/content-draft.routes.ts(166,11): TS2322 Type 'any' is not assignable to type 'never'.
[typecheck]   src/generated/content-draft.routes.ts(237,9): TS2322 Type 'Record<string, unknown>' is not assignable to type '(Without<ContentDraftCreateInput, ContentDraftUncheckedCreateInput> & ContentDraftUncheckedCreateInput) | (Without<...> & ContentDraftCreateInput)'.
[typecheck]   src/generated/contract-record.routes.ts(166,11): TS2322 Type 'any' is not assignable to type 'never'.
[typecheck]   src/generated/contract-record.routes.ts(237,9): TS2322 Type 'Record<string, unknown>' is not assignable to type '(Without<ContractRecordCreateInput, ContractRecordUncheckedCreateInput> & ContractRecordUncheckedCreateInput) | (Without<...> & ContractRecordCreateInput)'.
[typecheck]   src/generated/domain.ts(168,7): TS2353 Object literal may only specify known properties, and 'pendingDeletes' does not exist in type 'AnnotationsMap<this, never>'.
[typecheck]   src/generated/domain.ts(376,7): TS2353 Object literal may only specify known properties, and 'pendingDeletes' does not exist in type 'AnnotationsMap<this, never>'.
[typecheck]   …and 46 more
[stdout] ✓ 0 modules transformed.
[stdout] dist/index.html                     0.43 kB │ gzip:   0.30 kB
dist/assets/index-C5YpppTj.css    120.92 kB │ gzip:  15.74 kB
dist/assets/index-axLmmbPS.js   2,922.81 kB │ gzip: 523.58 kB
[stdout] built in 16248ms.
[stdout] build started...
[typecheck] ✗ tsc --noEmit found 56 type error(s) — these compile under Vite but will crash at runtime:
[typecheck]   src/generated/audit-entry.routes.ts(166,11): TS2322 Type 'any' is not assignable to type 'never'.
[typecheck]   src/generated/audit-entry.routes.ts(237,9): TS2322 Type 'Record<string, unknown>' is not assignable to type '(Without<AuditEntryCreateInput, AuditEntryUncheckedCreateInput> & AuditEntryUncheckedCreateInput) | (Without<...> & AuditEntryCreateInput)'.
[typecheck]   src/generated/competition-task.routes.ts(166,11): TS2322 Type 'any' is not assignable to type 'never'.
[typecheck]   src/generated/competition-task.routes.ts(237,9): TS2322 Type 'Record<string, unknown>' is not assignable to type '(Without<CompetitionTaskCreateInput, CompetitionTaskUncheckedCreateInput> & CompetitionTaskUncheckedCreateInput) | (Without<...> & CompetitionTaskCreateInput)'.
[typecheck]   src/generated/content-draft.routes.ts(166,11): TS2322 Type 'any' is not assignable to type 'never'.
[typecheck]   src/generated/content-draft.routes.ts(237,9): TS2322 Type 'Record<string, unknown>' is not assignable to type '(Without<ContentDraftCreateInput, ContentDraftUncheckedCreateInput> & ContentDraftUncheckedCreateInput) | (Without<...> & ContentDraftCreateInput)'.
[typecheck]   src/generated/contract-record.routes.ts(166,11): TS2322 Type 'any' is not assignable to type 'never'.
[typecheck]   src/generated/contract-record.routes.ts(237,9): TS2322 Type 'Record<string, unknown>' is not assignable to type '(Without<ContractRecordCreateInput, ContractRecordUncheckedCreateInput> & ContractRecordUncheckedCreateInput) | (Without<...> & ContractRecordCreateInput)'.
[typecheck]   src/generated/domain.ts(168,7): TS2353 Object literal may only specify known properties, and 'pendingDeletes' does not exist in type 'AnnotationsMap<this, never>'.
[typecheck]   src/generated/domain.ts(376,7): TS2353 Object literal may only specify known properties, and 'pendingDeletes' does not exist in type 'AnnotationsMap<this, never>'.
[typecheck]   …and 46 more
[stdout] ✓ 1 modules transformed.
[stdout] dist/index.html                     0.43 kB │ gzip:   0.30 kB
[stdout] dist/assets/index-C5YpppTj.css    120.92 kB │ gzip:  15.74 kB
[stdout] dist/assets/index-BrjWpipW.js   2,922.76 kB │ gzip: 523.58 kB
[stdout] built in 16998ms.
[typecheck] ✗ tsc --noEmit found 56 type error(s) — these compile under Vite but will crash at runtime:
[typecheck]   src/generated/audit-entry.routes.ts(166,11): TS2322 Type 'any' is not assignable to type 'never'.
[typecheck]   src/generated/audit-entry.routes.ts(237,9): TS2322 Type 'Record<string, unknown>' is not assignable to type '(Without<AuditEntryCreateInput, AuditEntryUncheckedCreateInput> & AuditEntryUncheckedCreateInput) | (Without<...> & AuditEntryCreateInput)'.
[typecheck]   src/generated/competition-task.routes.ts(166,11): TS2322 Type 'any' is not assignable to type 'never'.
[typecheck]   src/generated/competition-task.routes.ts(237,9): TS2322 Type 'Record<string, unknown>' is not assignable to type '(Without<CompetitionTaskCreateInput, CompetitionTaskUncheckedCreateInput> & CompetitionTaskUncheckedCreateInput) | (Without<...> & CompetitionTaskCreateInput)'.
[typecheck]   src/generated/content-draft.routes.ts(166,11): TS2322 Type 'any' is not assignable to type 'never'.
[typecheck]   src/generated/content-draft.routes.ts(237,9): TS2322 Type 'Record<string, unknown>' is not assignable to type '(Without<ContentDraftCreateInput, ContentDraftUncheckedCreateInput> & ContentDraftUncheckedCreateInput) | (Without<...> & ContentDraftCreateInput)'.
[typecheck]   src/generated/contract-record.routes.ts(166,11): TS2322 Type 'any' is not assignable to type 'never'.
[typecheck]   src/generated/contract-record.routes.ts(237,9): TS2322 Type 'Record<string, unknown>' is not assignable to type '(Without<ContractRecordCreateInput, ContractRecordUncheckedCreateInput> & ContractRecordUncheckedCreateInput) | (Without<...> & ContractRecordCreateInput)'.
[typecheck]   src/generated/domain.ts(168,7): TS2353 Object literal may only specify known properties, and 'pendingDeletes' does not exist in type 'AnnotationsMap<this, never>'.
[typecheck]   src/generated/domain.ts(376,7): TS2353 Object literal may only specify known properties, and 'pendingDeletes' does not exist in type 'AnnotationsMap<this, never>'.
[typecheck]   …and 46 more
[stdout] build started...
[typecheck] ✗ tsc --noEmit found 56 type error(s) — these compile under Vite but will crash at runtime:
[typecheck]   src/generated/audit-entry.routes.ts(166,11): TS2322 Type 'any' is not assignable to type 'never'.
[typecheck]   src/generated/audit-entry.routes.ts(237,9): TS2322 Type 'Record<string, unknown>' is not assignable to type '(Without<AuditEntryCreateInput, AuditEntryUncheckedCreateInput> & AuditEntryUncheckedCreateInput) | (Without<...> & AuditEntryCreateInput)'.
[typecheck]   src/generated/competition-task.routes.ts(166,11): TS2322 Type 'any' is not assignable to type 'never'.
[typecheck]   src/generated/competition-task.routes.ts(237,9): TS2322 Type 'Record<string, unknown>' is not assignable to type '(Without<CompetitionTaskCreateInput, CompetitionTaskUncheckedCreateInput> & CompetitionTaskUncheckedCreateInput) | (Without<...> & CompetitionTaskCreateInput)'.
[typecheck]   src/generated/content-draft.routes.ts(166,11): TS2322 Type 'any' is not assignable to type 'never'.
[typecheck]   src/generated/content-draft.routes.ts(237,9): TS2322 Type 'Record<string, unknown>' is not assignable to type '(Without<ContentDraftCreateInput, ContentDraftUncheckedCreateInput> & ContentDraftUncheckedCreateInput) | (Without<...> & ContentDraftCreateInput)'.
[typecheck]   src/generated/contract-record.routes.ts(166,11): TS2322 Type 'any' is not assignable to type 'never'.
[typecheck]   src/generated/contract-record.routes.ts(237,9): TS2322 Type 'Record<string, unknown>' is not assignable to type '(Without<ContractRecordCreateInput, ContractRecordUncheckedCreateInput> & ContractRecordUncheckedCreateInput) | (Without<...> & ContractRecordCreateInput)'.
[typecheck]   src/generated/domain.ts(168,7): TS2353 Object literal may only specify known properties, and 'pendingDeletes' does not exist in type 'AnnotationsMap<this, never>'.
[typecheck]   src/generated/domain.ts(376,7): TS2353 Object literal may only specify known properties, and 'pendingDeletes' does not exist in type 'AnnotationsMap<this, never>'.
[typecheck]   …and 46 more
[stdout] ✓ 1 modules transformed.
[stdout] dist/index.html                     0.43 kB │ gzip:   0.30 kB
[stdout] dist/assets/index-C5YpppTj.css    120.92 kB │ gzip:  15.74 kB
[stdout] dist/assets/index-axLmmbPS.js   2,922.81 kB │ gzip: 523.58 kB
[stdout] built in 13491ms.
[stdout] build started...
[stdout] ✓ 1 modules transformed.
[typecheck] ✗ tsc --noEmit found 56 type error(s) — these compile under Vite but will crash at runtime:
[typecheck]   src/generated/audit-entry.routes.ts(166,11): TS2322 Type 'any' is not assignable to type 'never'.
[typecheck]   src/generated/audit-entry.routes.ts(237,9): TS2322 Type 'Record<string, unknown>' is not assignable to type '(Without<AuditEntryCreateInput, AuditEntryUncheckedCreateInput> & AuditEntryUncheckedCreateInput) | (Without<...> & AuditEntryCreateInput)'.
[typecheck]   src/generated/competition-task.routes.ts(166,11): TS2322 Type 'any' is not assignable to type 'never'.
[typecheck]   src/generated/competition-task.routes.ts(237,9): TS2322 Type 'Record<string, unknown>' is not assignable to type '(Without<CompetitionTaskCreateInput, CompetitionTaskUncheckedCreateInput> & CompetitionTaskUncheckedCreateInput) | (Without<...> & CompetitionTaskCreateInput)'.
[typecheck]   src/generated/content-draft.routes.ts(166,11): TS2322 Type 'any' is not assignable to type 'never'.
[typecheck]   src/generated/content-draft.routes.ts(237,9): TS2322 Type 'Record<string, unknown>' is not assignable to type '(Without<ContentDraftCreateInput, ContentDraftUncheckedCreateInput> & ContentDraftUncheckedCreateInput) | (Without<...> & ContentDraftCreateInput)'.
[typecheck]   src/generated/contract-record.routes.ts(166,11): TS2322 Type 'any' is not assignable to type 'never'.
[typecheck]   src/generated/contract-record.routes.ts(237,9): TS2322 Type 'Record<string, unknown>' is not assignable to type '(Without<ContractRecordCreateInput, ContractRecordUncheckedCreateInput> & ContractRecordUncheckedCreateInput) | (Without<...> & ContractRecordCreateInput)'.
[typecheck]   src/generated/domain.ts(168,7): TS2353 Object literal may only specify known properties, and 'pendingDeletes' does not exist in type 'AnnotationsMap<this, never>'.
[typecheck]   src/generated/domain.ts(376,7): TS2353 Object literal may only specify known properties, and 'pendingDeletes' does not exist in type 'AnnotationsMap<this, never>'.
[typecheck]   …and 46 more
[stdout] dist/index.html                     0.43 kB │ gzip:   0.30 kB
[stdout] dist/assets/index-C5YpppTj.css    120.92 kB │ gzip:  15.74 kB
[stdout] dist/assets/index-BrjWpipW.js   2,922.76 kB │ gzip: 523.58 kB
[stdout] built in 14600ms.
[stdout] build started...
[stdout] ✓ 1 modules transformed.
[typecheck] ✗ tsc --noEmit found 56 type error(s) — these compile under Vite but will crash at runtime:
[typecheck]   src/generated/audit-entry.routes.ts(166,11): TS2322 Type 'any' is not assignable to type 'never'.
[typecheck]   src/generated/audit-entry.routes.ts(237,9): TS2322 Type 'Record<string, unknown>' is not assignable to type '(Without<AuditEntryCreateInput, AuditEntryUncheckedCreateInput> & AuditEntryUncheckedCreateInput) | (Without<...> & AuditEntryCreateInput)'.
[typecheck]   src/generated/competition-task.routes.ts(166,11): TS2322 Type 'any' is not assignable to type 'never'.
[typecheck]   src/generated/competition-task.routes.ts(237,9): TS2322 Type 'Record<string, unknown>' is not assignable to type '(Without<CompetitionTaskCreateInput, CompetitionTaskUncheckedCreateInput> & CompetitionTaskUncheckedCreateInput) | (Without<...> & CompetitionTaskCreateInput)'.
[typecheck]   src/generated/content-draft.routes.ts(166,11): TS2322 Type 'any' is not assignable to type 'never'.
[typecheck]   src/generated/content-draft.routes.ts(237,9): TS2322 Type 'Record<string, unknown>' is not assignable to type '(Without<ContentDraftCreateInput, ContentDraftUncheckedCreateInput> & ContentDraftUncheckedCreateInput) | (Without<...> & ContentDraftCreateInput)'.
[typecheck]   src/generated/contract-record.routes.ts(166,11): TS2322 Type 'any' is not assignable to type 'never'.
[typecheck]   src/generated/contract-record.routes.ts(237,9): TS2322 Type 'Record<string, unknown>' is not assignable to type '(Without<ContractRecordCreateInput, ContractRecordUncheckedCreateInput> & ContractRecordUncheckedCreateInput) | (Without<...> & ContractRecordCreateInput)'.
[typecheck]   src/generated/domain.ts(168,7): TS2353 Object literal may only specify known properties, and 'pendingDeletes' does not exist in type 'AnnotationsMap<this, never>'.
[typecheck]   src/generated/domain.ts(376,7): TS2353 Object literal may only specify known properties, and 'pendingDeletes' does not exist in type 'AnnotationsMap<this, never>'.
[typecheck]   …and 46 more
[stdout] dist/index.html                     0.43 kB │ gzip:   0.30 kB
dist/assets/index-C5YpppTj.css    120.92 kB │ gzip:  15.74 kB
[stdout] dist/assets/index-axLmmbPS.js   2,922.81 kB │ gzip: 523.58 kB
[stdout] built in 16521ms.
[stdout] build started...
[stdout] ✓ 1 modules transformed.
[typecheck] ✗ tsc --noEmit found 56 type error(s) — these compile under Vite but will crash at runtime:
[typecheck]   src/generated/audit-entry.routes.ts(166,11): TS2322 Type 'any' is not assignable to type 'never'.
[typecheck]   src/generated/audit-entry.routes.ts(237,9): TS2322 Type 'Record<string, unknown>' is not assignable to type '(Without<AuditEntryCreateInput, AuditEntryUncheckedCreateInput> & AuditEntryUncheckedCreateInput) | (Without<...> & AuditEntryCreateInput)'.
[typecheck]   src/generated/competition-task.routes.ts(166,11): TS2322 Type 'any' is not assignable to type 'never'.
[typecheck]   src/generated/competition-task.routes.ts(237,9): TS2322 Type 'Record<string, unknown>' is not assignable to type '(Without<CompetitionTaskCreateInput, CompetitionTaskUncheckedCreateInput> & CompetitionTaskUncheckedCreateInput) | (Without<...> & CompetitionTaskCreateInput)'.
[typecheck]   src/generated/content-draft.routes.ts(166,11): TS2322 Type 'any' is not assignable to type 'never'.
[typecheck]   src/generated/content-draft.routes.ts(237,9): TS2322 Type 'Record<string, unknown>' is not assignable to type '(Without<ContentDraftCreateInput, ContentDraftUncheckedCreateInput> & ContentDraftUncheckedCreateInput) | (Without<...> & ContentDraftCreateInput)'.
[typecheck]   src/generated/contract-record.routes.ts(166,11): TS2322 Type 'any' is not assignable to type 'never'.
[typecheck]   src/generated/contract-record.routes.ts(237,9): TS2322 Type 'Record<string, unknown>' is not assignable to type '(Without<ContractRecordCreateInput, ContractRecordUncheckedCreateInput> & ContractRecordUncheckedCreateInput) | (Without<...> & ContractRecordCreateInput)'.
[typecheck]   src/generated/domain.ts(168,7): TS2353 Object literal may only specify known properties, and 'pendingDeletes' does not exist in type 'AnnotationsMap<this, never>'.
[typecheck]   src/generated/domain.ts(376,7): TS2353 Object literal may only specify known properties, and 'pendingDeletes' does not exist in type 'AnnotationsMap<this, never>'.
[typecheck]   …and 46 more
[stdout] dist/index.html                     0.43 kB │ gzip:   0.30 kB
dist/assets/index-C5YpppTj.css    120.92 kB │ gzip:  15.74 kB
dist/assets/index-BrjWpipW.js   2,922.76 kB │ gzip: 523.58 kB
[stdout] built in 14861ms.
[stdout] build started...
[stdout] ✓ 0 modules transformed.
[stdout] dist/index.html                     0.43 kB │ gzip:   0.30 kB
[stdout] dist/assets/index-C5YpppTj.css    120.92 kB │ gzip:  15.74 kB
[stdout] dist/assets/index-axLmmbPS.js   2,922.81 kB │ gzip: 523.58 kB
[stdout] built in 14714ms.
[typecheck] ✗ tsc --noEmit found 56 type error(s) — these compile under Vite but will crash at runtime:
[typecheck]   src/generated/audit-entry.routes.ts(166,11): TS2322 Type 'any' is not assignable to type 'never'.
[typecheck]   src/generated/audit-entry.routes.ts(237,9): TS2322 Type 'Record<string, unknown>' is not assignable to type '(Without<AuditEntryCreateInput, AuditEntryUncheckedCreateInput> & AuditEntryUncheckedCreateInput) | (Without<...> & AuditEntryCreateInput)'.
[typecheck]   src/generated/competition-task.routes.ts(166,11): TS2322 Type 'any' is not assignable to type 'never'.
[typecheck]   src/generated/competition-task.routes.ts(237,9): TS2322 Type 'Record<string, unknown>' is not assignable to type '(Without<CompetitionTaskCreateInput, CompetitionTaskUncheckedCreateInput> & CompetitionTaskUncheckedCreateInput) | (Without<...> & CompetitionTaskCreateInput)'.
[typecheck]   src/generated/content-draft.routes.ts(166,11): TS2322 Type 'any' is not assignable to type 'never'.
[typecheck]   src/generated/content-draft.routes.ts(237,9): TS2322 Type 'Record<string, unknown>' is not assignable to type '(Without<ContentDraftCreateInput, ContentDraftUncheckedCreateInput> & ContentDraftUncheckedCreateInput) | (Without<...> & ContentDraftCreateInput)'.
[typecheck]   src/generated/contract-record.routes.ts(166,11): TS2322 Type 'any' is not assignable to type 'never'.
[typecheck]   src/generated/contract-record.routes.ts(237,9): TS2322 Type 'Record<string, unknown>' is not assignable to type '(Without<ContractRecordCreateInput, ContractRecordUncheckedCreateInput> & ContractRecordUncheckedCreateInput) | (Without<...> & ContractRecordCreateInput)'.
[typecheck]   src/generated/domain.ts(168,7): TS2353 Object literal may only specify known properties, and 'pendingDeletes' does not exist in type 'AnnotationsMap<this, never>'.
[typecheck]   src/generated/domain.ts(376,7): TS2353 Object literal may only specify known properties, and 'pendingDeletes' does not exist in type 'AnnotationsMap<this, never>'.
[typecheck]   …and 46 more
[typecheck] ✗ tsc --noEmit found 56 type error(s) — these compile under Vite but will crash at runtime:
[typecheck]   src/generated/audit-entry.routes.ts(166,11): TS2322 Type 'any' is not assignable to type 'never'.
[typecheck]   src/generated/audit-entry.routes.ts(237,9): TS2322 Type 'Record<string, unknown>' is not assignable to type '(Without<AuditEntryCreateInput, AuditEntryUncheckedCreateInput> & AuditEntryUncheckedCreateInput) | (Without<...> & AuditEntryCreateInput)'.
[typecheck]   src/generated/competition-task.routes.ts(166,11): TS2322 Type 'any' is not assignable to type 'never'.
[typecheck]   src/generated/competition-task.routes.ts(237,9): TS2322 Type 'Record<string, unknown>' is not assignable to type '(Without<CompetitionTaskCreateInput, CompetitionTaskUncheckedCreateInput> & CompetitionTaskUncheckedCreateInput) | (Without<...> & CompetitionTaskCreateInput)'.
[typecheck]   src/generated/content-draft.routes.ts(166,11): TS2322 Type 'any' is not assignable to type 'never'.
[typecheck]   src/generated/content-draft.routes.ts(237,9): TS2322 Type 'Record<string, unknown>' is not assignable to type '(Without<ContentDraftCreateInput, ContentDraftUncheckedCreateInput> & ContentDraftUncheckedCreateInput) | (Without<...> & ContentDraftCreateInput)'.
[typecheck]   src/generated/contract-record.routes.ts(166,11): TS2322 Type 'any' is not assignable to type 'never'.
[typecheck]   src/generated/contract-record.routes.ts(237,9): TS2322 Type 'Record<string, unknown>' is not assignable to type '(Without<ContractRecordCreateInput, ContractRecordUncheckedCreateInput> & ContractRecordUncheckedCreateInput) | (Without<...> & ContractRecordCreateInput)'.
[typecheck]   src/generated/domain.ts(168,7): TS2353 Object literal may only specify known properties, and 'pendingDeletes' does not exist in type 'AnnotationsMap<this, never>'.
[typecheck]   src/generated/domain.ts(376,7): TS2353 Object literal may only specify known properties, and 'pendingDeletes' does not exist in type 'AnnotationsMap<this, never>'.
[typecheck]   …and 46 more
[stdout] build started...
[stdout] ✓ 1 modules transformed.
[stdout] dist/index.html                     0.43 kB │ gzip:   0.30 kB
dist/assets/index-C5YpppTj.css    120.92 kB │ gzip:  15.74 kB
[stdout] dist/assets/index-BrjWpipW.js   2,922.76 kB │ gzip: 523.58 kB
[stdout] built in 8654ms.
[stdout] build started...
[typecheck] ✗ tsc --noEmit found 56 type error(s) — these compile under Vite but will crash at runtime:
[typecheck]   src/generated/audit-entry.routes.ts(166,11): TS2322 Type 'any' is not assignable to type 'never'.
[typecheck]   src/generated/audit-entry.routes.ts(237,9): TS2322 Type 'Record<string, unknown>' is not assignable to type '(Without<AuditEntryCreateInput, AuditEntryUncheckedCreateInput> & AuditEntryUncheckedCreateInput) | (Without<...> & AuditEntryCreateInput)'.
[typecheck]   src/generated/competition-task.routes.ts(166,11): TS2322 Type 'any' is not assignable to type 'never'.
[typecheck]   src/generated/competition-task.routes.ts(237,9): TS2322 Type 'Record<string, unknown>' is not assignable to type '(Without<CompetitionTaskCreateInput, CompetitionTaskUncheckedCreateInput> & CompetitionTaskUncheckedCreateInput) | (Without<...> & CompetitionTaskCreateInput)'.
[typecheck]   src/generated/content-draft.routes.ts(166,11): TS2322 Type 'any' is not assignable to type 'never'.
[typecheck]   src/generated/content-draft.routes.ts(237,9): TS2322 Type 'Record<string, unknown>' is not assignable to type '(Without<ContentDraftCreateInput, ContentDraftUncheckedCreateInput> & ContentDraftUncheckedCreateInput) | (Without<...> & ContentDraftCreateInput)'.
[typecheck]   src/generated/contract-record.routes.ts(166,11): TS2322 Type 'any' is not assignable to type 'never'.
[typecheck]   src/generated/contract-record.routes.ts(237,9): TS2322 Type 'Record<string, unknown>' is not assignable to type '(Without<ContractRecordCreateInput, ContractRecordUncheckedCreateInput> & ContractRecordUncheckedCreateInput) | (Without<...> & ContractRecordCreateInput)'.
[typecheck]   src/generated/domain.ts(168,7): TS2353 Object literal may only specify known properties, and 'pendingDeletes' does not exist in type 'AnnotationsMap<this, never>'.
[typecheck]   src/generated/domain.ts(376,7): TS2353 Object literal may only specify known properties, and 'pendingDeletes' does not exist in type 'AnnotationsMap<this, never>'.
[typecheck]   …and 46 more
[api-stdout] 🚀 Server running on http://localhost:3001
[stdout] ✓ 1 modules transformed.
[stdout] dist/index.html                     0.43 kB │ gzip:   0.30 kB
dist/assets/index-C5YpppTj.css    120.92 kB │ gzip:  15.74 kB
[stdout] dist/assets/index-axLmmbPS.js   2,922.81 kB │ gzip: 523.58 kB
[stdout] built in 15703ms.
[stdout] build started...
[stdout] ✓ 0 modules transformed.
[stdout] dist/index.html                     0.43 kB │ gzip:   0.30 kB
[stdout] dist/assets/index-C5YpppTj.css    120.92 kB │ gzip:  15.74 kB
[stdout] dist/assets/index-BrjWpipW.js   2,922.76 kB │ gzip: 523.58 kB
[stdout] built in 15663ms.
[typecheck] ✗ tsc --noEmit found 68 type error(s) — these compile under Vite but will crash at runtime:
[typecheck]   src/generated/audit-entry.routes.ts(166,11): TS2322 Type 'any' is not assignable to type 'never'.
[typecheck]   src/generated/audit-entry.routes.ts(237,9): TS2322 Type 'Record<string, unknown>' is not assignable to type '(Without<AuditEntryCreateInput, AuditEntryUncheckedCreateInput> & AuditEntryUncheckedCreateInput) | (Without<...> & AuditEntryCreateInput)'.
[typecheck]   src/generated/capture-session.routes.ts(166,11): TS2322 Type 'any' is not assignable to type 'never'.
[typecheck]   src/generated/capture-session.routes.ts(237,9): TS2322 Type 'Record<string, unknown>' is not assignable to type '(Without<CaptureSessionCreateInput, CaptureSessionUncheckedCreateInput> & CaptureSessionUncheckedCreateInput) | (Without<...> & CaptureSessionCreateInput)'.
[typecheck]   src/generated/competition-task.routes.ts(166,11): TS2322 Type 'any' is not assignable to type 'never'.
[typecheck]   src/generated/competition-task.routes.ts(237,9): TS2322 Type 'Record<string, unknown>' is not assignable to type '(Without<CompetitionTaskCreateInput, CompetitionTaskUncheckedCreateInput> & CompetitionTaskUncheckedCreateInput) | (Without<...> & CompetitionTaskCreateInput)'.
[typecheck]   src/generated/content-draft.routes.ts(166,11): TS2322 Type 'any' is not assignable to type 'never'.
[typecheck]   src/generated/content-draft.routes.ts(237,9): TS2322 Type 'Record<string, unknown>' is not assignable to type '(Without<ContentDraftCreateInput, ContentDraftUncheckedCreateInput> & ContentDraftUncheckedCreateInput) | (Without<...> & ContentDraftCreateInput)'.
[typecheck]   src/generated/contract-record.routes.ts(166,11): TS2322 Type 'any' is not assignable to type 'never'.
[typecheck]   src/generated/contract-record.routes.ts(237,9): TS2322 Type 'Record<string, unknown>' is not assignable to type '(Without<ContractRecordCreateInput, ContractRecordUncheckedCreateInput> & ContractRecordUncheckedCreateInput) | (Without<...> & ContractRecordCreateInput)'.
[typecheck]   …and 58 more
[typecheck] ✗ tsc --noEmit found 68 type error(s) — these compile under Vite but will crash at runtime:
[typecheck]   src/generated/audit-entry.routes.ts(166,11): TS2322 Type 'any' is not assignable to type 'never'.
[typecheck]   src/generated/audit-entry.routes.ts(237,9): TS2322 Type 'Record<string, unknown>' is not assignable to type '(Without<AuditEntryCreateInput, AuditEntryUncheckedCreateInput> & AuditEntryUncheckedCreateInput) | (Without<...> & AuditEntryCreateInput)'.
[typecheck]   src/generated/capture-session.routes.ts(166,11): TS2322 Type 'any' is not assignable to type 'never'.
[typecheck]   src/generated/capture-session.routes.ts(237,9): TS2322 Type 'Record<string, unknown>' is not assignable to type '(Without<CaptureSessionCreateInput, CaptureSessionUncheckedCreateInput> & CaptureSessionUncheckedCreateInput) | (Without<...> & CaptureSessionCreateInput)'.
[typecheck]   src/generated/competition-task.routes.ts(166,11): TS2322 Type 'any' is not assignable to type 'never'.
[typecheck]   src/generated/competition-task.routes.ts(237,9): TS2322 Type 'Record<string, unknown>' is not assignable to type '(Without<CompetitionTaskCreateInput, CompetitionTaskUncheckedCreateInput> & CompetitionTaskUncheckedCreateInput) | (Without<...> & CompetitionTaskCreateInput)'.
[typecheck]   src/generated/content-draft.routes.ts(166,11): TS2322 Type 'any' is not assignable to type 'never'.
[typecheck]   src/generated/content-draft.routes.ts(237,9): TS2322 Type 'Record<string, unknown>' is not assignable to type '(Without<ContentDraftCreateInput, ContentDraftUncheckedCreateInput> & ContentDraftUncheckedCreateInput) | (Without<...> & ContentDraftCreateInput)'.
[typecheck]   src/generated/contract-record.routes.ts(166,11): TS2322 Type 'any' is not assignable to type 'never'.
[typecheck]   src/generated/contract-record.routes.ts(237,9): TS2322 Type 'Record<string, unknown>' is not assignable to type '(Without<ContractRecordCreateInput, ContractRecordUncheckedCreateInput> & ContractRecordUncheckedCreateInput) | (Without<...> & ContractRecordCreateInput)'.
[typecheck]   …and 58 more
[stdout] build started...
[api-stdout] 🚀 Server running on http://localhost:3001
[api-stdout] 🚀 Server running on http://localhost:3001
[api-stderr] 49 | app.get('*', serveStatic({ path: './dist/index.html' }))
50 | 
51 | const port = Number(process.env.PORT) || 3001
52 | console.log(`🚀 Server running on http://localhost:${port}`)
53 | 
54 | Bun.serve({ port, fetch: app.fetch })
         ^
error: Failed to start server. Is port 3001 in use?
 syscall: "listen",
   errno: 0,
    code: "EADDRINUSE"

      at /app/workspace/server.tsx:54:5

Bun v1.3.11 (Linux x64)
[api-stdout] 🚀 Server running on http://localhost:3001
[stdout] ✓ 1 modules transformed.
[stdout] dist/index.html                     0.43 kB │ gzip:   0.30 kB
[stdout] dist/assets/index-CUccYbPk.css    121.17 kB │ gzip:  15.76 kB
[stdout] dist/assets/index-DZ7YUQQs.js   2,922.81 kB │ gzip: 523.58 kB
[stdout] built in 12368ms.
[api-stdout] 🚀 Server running on http://localhost:3001
[api-stdout] 🚀 Server running on http://localhost:3001
[api-stderr] 49 | app.get('*', serveStatic({ path: './dist/index.html' }))
50 | 
51 | const port = Number(process.env.PORT) || 3001
52 | console.log(`🚀 Server running on http://localhost:${port}`)
53 | 
54 | Bun.serve({ port, fetch: app.fetch })
         ^
error: Failed to start server. Is port 3001 in use?
 syscall: "listen",
   errno: 0,
    code: "EADDRINUSE"

      at /app/workspace/server.tsx:54:5

Bun v1.3.11 (Linux x64)
[stdout] build started...
[api-stdout] 🚀 Server running on http://localhost:3001
[stdout] ✓ 1 modules transformed.
[typecheck] ✗ tsc --noEmit found 68 type error(s) — these compile under Vite but will crash at runtime:
[typecheck]   src/generated/audit-entry.routes.ts(166,11): TS2322 Type 'any' is not assignable to type 'never'.
[typecheck]   src/generated/audit-entry.routes.ts(237,9): TS2322 Type 'Record<string, unknown>' is not assignable to type '(Without<AuditEntryCreateInput, AuditEntryUncheckedCreateInput> & AuditEntryUncheckedCreateInput) | (Without<...> & AuditEntryCreateInput)'.
[typecheck]   src/generated/capture-session.routes.ts(166,11): TS2322 Type 'any' is not assignable to type 'never'.
[typecheck]   src/generated/capture-session.routes.ts(237,9): TS2322 Type 'Record<string, unknown>' is not assignable to type '(Without<CaptureSessionCreateInput, CaptureSessionUncheckedCreateInput> & CaptureSessionUncheckedCreateInput) | (Without<...> & CaptureSessionCreateInput)'.
[typecheck]   src/generated/competition-task.routes.ts(166,11): TS2322 Type 'any' is not assignable to type 'never'.
[typecheck]   src/generated/competition-task.routes.ts(237,9): TS2322 Type 'Record<string, unknown>' is not assignable to type '(Without<CompetitionTaskCreateInput, CompetitionTaskUncheckedCreateInput> & CompetitionTaskUncheckedCreateInput) | (Without<...> & CompetitionTaskCreateInput)'.
[typecheck]   src/generated/content-draft.routes.ts(166,11): TS2322 Type 'any' is not assignable to type 'never'.
[typecheck]   src/generated/content-draft.routes.ts(237,9): TS2322 Type 'Record<string, unknown>' is not assignable to type '(Without<ContentDraftCreateInput, ContentDraftUncheckedCreateInput> & ContentDraftUncheckedCreateInput) | (Without<...> & ContentDraftCreateInput)'.
[typecheck]   src/generated/contract-record.routes.ts(166,11): TS2322 Type 'any' is not assignable to type 'never'.
[typecheck]   src/generated/contract-record.routes.ts(237,9): TS2322 Type 'Record<string, unknown>' is not assignable to type '(Without<ContractRecordCreateInput, ContractRecordUncheckedCreateInput> & ContractRecordUncheckedCreateInput) | (Without<...> & ContractRecordCreateInput)'.
[typecheck]   …and 58 more
[stdout] dist/index.html                     0.43 kB │ gzip:   0.30 kB
dist/assets/index-CUccYbPk.css    121.17 kB │ gzip:  15.76 kB
[stdout] dist/assets/index-c2CF40Zc.js   2,922.76 kB │ gzip: 523.58 kB
[stdout] built in 14483ms.
[typecheck] ✗ tsc --noEmit found 68 type error(s) — these compile under Vite but will crash at runtime:
[typecheck]   src/generated/audit-entry.routes.ts(166,11): TS2322 Type 'any' is not assignable to type 'never'.
[typecheck]   src/generated/audit-entry.routes.ts(237,9): TS2322 Type 'Record<string, unknown>' is not assignable to type '(Without<AuditEntryCreateInput, AuditEntryUncheckedCreateInput> & AuditEntryUncheckedCreateInput) | (Without<...> & AuditEntryCreateInput)'.
[typecheck]   src/generated/capture-session.routes.ts(166,11): TS2322 Type 'any' is not assignable to type 'never'.
[typecheck]   src/generated/capture-session.routes.ts(237,9): TS2322 Type 'Record<string, unknown>' is not assignable to type '(Without<CaptureSessionCreateInput, CaptureSessionUncheckedCreateInput> & CaptureSessionUncheckedCreateInput) | (Without<...> & CaptureSessionCreateInput)'.
[typecheck]   src/generated/competition-task.routes.ts(166,11): TS2322 Type 'any' is not assignable to type 'never'.
[typecheck]   src/generated/competition-task.routes.ts(237,9): TS2322 Type 'Record<string, unknown>' is not assignable to type '(Without<CompetitionTaskCreateInput, CompetitionTaskUncheckedCreateInput> & CompetitionTaskUncheckedCreateInput) | (Without<...> & CompetitionTaskCreateInput)'.
[typecheck]   src/generated/content-draft.routes.ts(166,11): TS2322 Type 'any' is not assignable to type 'never'.
[typecheck]   src/generated/content-draft.routes.ts(237,9): TS2322 Type 'Record<string, unknown>' is not assignable to type '(Without<ContentDraftCreateInput, ContentDraftUncheckedCreateInput> & ContentDraftUncheckedCreateInput) | (Without<...> & ContentDraftCreateInput)'.
[typecheck]   src/generated/contract-record.routes.ts(166,11): TS2322 Type 'any' is not assignable to type 'never'.
[typecheck]   src/generated/contract-record.routes.ts(237,9): TS2322 Type 'Record<string, unknown>' is not assignable to type '(Without<ContractRecordCreateInput, ContractRecordUncheckedCreateInput> & ContractRecordUncheckedCreateInput) | (Without<...> & ContractRecordCreateInput)'.
[typecheck]   …and 58 more
[stdout] build started...
[stdout] ✓ 2 modules transformed.
[stdout] dist/index.html                     0.43 kB │ gzip:   0.30 kB
dist/assets/index-D5lHmIok.css    127.11 kB │ gzip:  16.35 kB
[stdout] dist/assets/index-CWK-Rhip.js   2,922.81 kB │ gzip: 523.56 kB
[stdout] built in 14412ms.
[stdout] build started...
[stdout] ✓ 80 modules transformed.
[stdout] dist/index.html                           0.43 kB │ gzip:   0.30 kB
[stdout] dist/assets/index-D5lHmIok.css          127.11 kB │ gzip:  16.35 kB
[stdout] dist/assets/ocr-pipeline-BKJGJ0w7.js      9.57 kB │ gzip:   2.92 kB
[stdout] dist/assets/index-BGObELb7.js            52.84 kB │ gzip:  14.86 kB
[stdout] dist/assets/index-DzTFSJXM.js         3,073.76 kB │ gzip: 556.41 kB
[stdout] built in 18844ms.
[typecheck] ✗ tsc --noEmit found 76 type error(s) — these compile under Vite but will crash at runtime:
[typecheck]   src/App.tsx(29,46): TS2304 Cannot find name 'FileText'.
[typecheck]   src/components/auri/DocumentHub.tsx(9,23): TS7016 Could not find a declaration file for module 'qrcode'. '/app/workspace/node_modules/qrcode/lib/index.js' implicitly has an 'any' type.
[typecheck]   src/components/auri/DocumentHub.tsx(87,14): TS2322 Type 'ForwardRefExoticComponent<Omit<LucideProps, "ref"> & RefAttributes<SVGSVGElement>>' is not assignable to type 'ReactNode'.
[typecheck]   src/components/auri/DocumentHub.tsx(234,29): TS2322 Type 'ForwardRefExoticComponent<Omit<LucideProps, "ref"> & RefAttributes<SVGSVGElement>>' is not assignable to type 'ReactNode'.
[typecheck]   src/components/auri/DocumentHub.tsx(379,29): TS2322 Type 'ForwardRefExoticComponent<Omit<LucideProps, "ref"> & RefAttributes<SVGSVGElement>>' is not assignable to type 'ReactNode'.
[typecheck]   src/components/auri/DocumentHub.tsx(559,29): TS2322 Type 'ForwardRefExoticComponent<Omit<LucideProps, "ref"> & RefAttributes<SVGSVGElement>>' is not assignable to type 'ReactNode'.
[typecheck]   src/components/auri/DocumentHub.tsx(619,27): TS2322 Type 'ForwardRefExoticComponent<Omit<LucideProps, "ref"> & RefAttributes<SVGSVGElement>>' is not assignable to type 'ReactNode'.
[typecheck]   src/components/auri/DocumentHub.tsx(684,29): TS2322 Type 'ForwardRefExoticComponent<Omit<LucideProps, "ref"> & RefAttributes<SVGSVGElement>>' is not assignable to type 'ReactNode'.
[typecheck]   src/generated/audit-entry.routes.ts(166,11): TS2322 Type 'any' is not assignable to type 'never'.
[typecheck]   src/generated/audit-entry.routes.ts(237,9): TS2322 Type 'Record<string, unknown>' is not assignable to type '(Without<AuditEntryCreateInput, AuditEntryUncheckedCreateInput> & AuditEntryUncheckedCreateInput) | (Without<...> & AuditEntryCreateInput)'.
[typecheck]   …and 66 more
[stdout] build started...
[stdout] ✓ 3 modules transformed.
[typecheck] ✗ tsc --noEmit found 76 type error(s) — these compile under Vite but will crash at runtime:
[typecheck]   src/App.tsx(29,46): TS2304 Cannot find name 'FileText'.
[typecheck]   src/components/auri/DocumentHub.tsx(9,23): TS7016 Could not find a declaration file for module 'qrcode'. '/app/workspace/node_modules/qrcode/lib/index.js' implicitly has an 'any' type.
[typecheck]   src/components/auri/DocumentHub.tsx(87,14): TS2322 Type 'ForwardRefExoticComponent<Omit<LucideProps, "ref"> & RefAttributes<SVGSVGElement>>' is not assignable to type 'ReactNode'.
[typecheck]   src/components/auri/DocumentHub.tsx(234,29): TS2322 Type 'ForwardRefExoticComponent<Omit<LucideProps, "ref"> & RefAttributes<SVGSVGElement>>' is not assignable to type 'ReactNode'.
[typecheck]   src/components/auri/DocumentHub.tsx(379,29): TS2322 Type 'ForwardRefExoticComponent<Omit<LucideProps, "ref"> & RefAttributes<SVGSVGElement>>' is not assignable to type 'ReactNode'.
[typecheck]   src/components/auri/DocumentHub.tsx(559,29): TS2322 Type 'ForwardRefExoticComponent<Omit<LucideProps, "ref"> & RefAttributes<SVGSVGElement>>' is not assignable to type 'ReactNode'.
[typecheck]   src/components/auri/DocumentHub.tsx(619,27): TS2322 Type 'ForwardRefExoticComponent<Omit<LucideProps, "ref"> & RefAttributes<SVGSVGElement>>' is not assignable to type 'ReactNode'.
[typecheck]   src/components/auri/DocumentHub.tsx(684,29): TS2322 Type 'ForwardRefExoticComponent<Omit<LucideProps, "ref"> & RefAttributes<SVGSVGElement>>' is not assignable to type 'ReactNode'.
[typecheck]   src/generated/audit-entry.routes.ts(166,11): TS2322 Type 'any' is not assignable to type 'never'.
[typecheck]   src/generated/audit-entry.routes.ts(237,9): TS2322 Type 'Record<string, unknown>' is not assignable to type '(Without<AuditEntryCreateInput, AuditEntryUncheckedCreateInput> & AuditEntryUncheckedCreateInput) | (Without<...> & AuditEntryCreateInput)'.
[typecheck]   …and 66 more
[stdout] dist/index.html                           0.43 kB │ gzip:   0.30 kB
[stdout] dist/assets/index-D5lHmIok.css          127.11 kB │ gzip:  16.35 kB
[stdout] dist/assets/ocr-pipeline-DNh1KqLk.js      9.57 kB │ gzip:   2.92 kB
[stdout] dist/assets/index-ndp23PKS.js            52.84 kB │ gzip:  14.86 kB
[stdout] dist/assets/index-Cjq77KN5.js         3,073.81 kB │ gzip: 556.42 kB
[stdout] built in 20897ms.
[stdout] build started...
[stdout] ✓ 2 modules transformed.
[stdout] dist/index.html                           0.43 kB │ gzip:   0.30 kB
dist/assets/index-D5lHmIok.css          127.11 kB │ gzip:  16.35 kB
[stdout] dist/assets/ocr-pipeline-BL35malw.js      9.57 kB │ gzip:   2.92 kB
dist/assets/index-DdwZXDk9.js            52.84 kB │ gzip:  14.86 kB
dist/assets/index-LOxSCVEp.js         3,074.13 kB │ gzip: 556.49 kB
[stdout] built in 17361ms.
[typecheck] ✗ tsc --noEmit found 74 type error(s) — these compile under Vite but will crash at runtime:
[typecheck]   src/components/auri/DocumentHub.tsx(87,14): TS2322 Type 'ForwardRefExoticComponent<Omit<LucideProps, "ref"> & RefAttributes<SVGSVGElement>>' is not assignable to type 'ReactNode'.
[typecheck]   src/components/auri/DocumentHub.tsx(234,29): TS2322 Type 'ForwardRefExoticComponent<Omit<LucideProps, "ref"> & RefAttributes<SVGSVGElement>>' is not assignable to type 'ReactNode'.
[typecheck]   src/components/auri/DocumentHub.tsx(379,29): TS2322 Type 'ForwardRefExoticComponent<Omit<LucideProps, "ref"> & RefAttributes<SVGSVGElement>>' is not assignable to type 'ReactNode'.
[typecheck]   src/components/auri/DocumentHub.tsx(559,29): TS2322 Type 'ForwardRefExoticComponent<Omit<LucideProps, "ref"> & RefAttributes<SVGSVGElement>>' is not assignable to type 'ReactNode'.
[typecheck]   src/components/auri/DocumentHub.tsx(619,27): TS2322 Type 'ForwardRefExoticComponent<Omit<LucideProps, "ref"> & RefAttributes<SVGSVGElement>>' is not assignable to type 'ReactNode'.
[typecheck]   src/components/auri/DocumentHub.tsx(684,29): TS2322 Type 'ForwardRefExoticComponent<Omit<LucideProps, "ref"> & RefAttributes<SVGSVGElement>>' is not assignable to type 'ReactNode'.
[typecheck]   src/generated/audit-entry.routes.ts(166,11): TS2322 Type 'any' is not assignable to type 'never'.
[typecheck]   src/generated/audit-entry.routes.ts(237,9): TS2322 Type 'Record<string, unknown>' is not assignable to type '(Without<AuditEntryCreateInput, AuditEntryUncheckedCreateInput> & AuditEntryUncheckedCreateInput) | (Without<...> & AuditEntryCreateInput)'.
[typecheck]   src/generated/capture-session.routes.ts(166,11): TS2322 Type 'any' is not assignable to type 'never'.
[typecheck]   src/generated/capture-session.routes.ts(237,9): TS2322 Type 'Record<string, unknown>' is not assignable to type '(Without<CaptureSessionCreateInput, CaptureSessionUncheckedCreateInput> & CaptureSessionUncheckedCreateInput) | (Without<...> & CaptureSessionCreateInput)'.
[typecheck]   …and 64 more
[typecheck] ✗ tsc --noEmit found 74 type error(s) — these compile under Vite but will crash at runtime:
[typecheck]   src/components/auri/DocumentHub.tsx(87,14): TS2322 Type 'ForwardRefExoticComponent<Omit<LucideProps, "ref"> & RefAttributes<SVGSVGElement>>' is not assignable to type 'ReactNode'.
[typecheck]   src/components/auri/DocumentHub.tsx(234,29): TS2322 Type 'ForwardRefExoticComponent<Omit<LucideProps, "ref"> & RefAttributes<SVGSVGElement>>' is not assignable to type 'ReactNode'.
[typecheck]   src/components/auri/DocumentHub.tsx(379,29): TS2322 Type 'ForwardRefExoticComponent<Omit<LucideProps, "ref"> & RefAttributes<SVGSVGElement>>' is not assignable to type 'ReactNode'.
[typecheck]   src/components/auri/DocumentHub.tsx(559,29): TS2322 Type 'ForwardRefExoticComponent<Omit<LucideProps, "ref"> & RefAttributes<SVGSVGElement>>' is not assignable to type 'ReactNode'.
[typecheck]   src/components/auri/DocumentHub.tsx(619,27): TS2322 Type 'ForwardRefExoticComponent<Omit<LucideProps, "ref"> & RefAttributes<SVGSVGElement>>' is not assignable to type 'ReactNode'.
[typecheck]   src/components/auri/DocumentHub.tsx(684,29): TS2322 Type 'ForwardRefExoticComponent<Omit<LucideProps, "ref"> & RefAttributes<SVGSVGElement>>' is not assignable to type 'ReactNode'.
[typecheck]   src/generated/audit-entry.routes.ts(166,11): TS2322 Type 'any' is not assignable to type 'never'.
[typecheck]   src/generated/audit-entry.routes.ts(237,9): TS2322 Type 'Record<string, unknown>' is not assignable to type '(Without<AuditEntryCreateInput, AuditEntryUncheckedCreateInput> & AuditEntryUncheckedCreateInput) | (Without<...> & AuditEntryCreateInput)'.
[typecheck]   src/generated/capture-session.routes.ts(166,11): TS2322 Type 'any' is not assignable to type 'never'.
[typecheck]   src/generated/capture-session.routes.ts(237,9): TS2322 Type 'Record<string, unknown>' is not assignable to type '(Without<CaptureSessionCreateInput, CaptureSessionUncheckedCreateInput> & CaptureSessionUncheckedCreateInput) | (Without<...> & CaptureSessionCreateInput)'.
[typecheck]   …and 64 more
[stdout] build started...
[stdout] ✓ 1 modules transformed.
[stdout] dist/index.html                           0.43 kB │ gzip:   0.30 kB
[stdout] dist/assets/index-D5lHmIok.css          127.11 kB │ gzip:  16.35 kB
dist/assets/ocr-pipeline-BLasq9F_.js      9.57 kB │ gzip:   2.92 kB
dist/assets/index-k3yg36V2.js            52.84 kB │ gzip:  14.86 kB
dist/assets/index-3ZjI8T1j.js         3,074.18 kB │ gzip: 556.50 kB
[stdout] built in 12110ms.
[stdout] build started...
[stdout] ✓ 0 modules transformed.
[stdout] dist/index.html                           0.43 kB │ gzip:   0.30 kB
[stdout] dist/assets/index-D5lHmIok.css          127.11 kB │ gzip:  16.35 kB
[stdout] dist/assets/ocr-pipeline-BL35malw.js      9.57 kB │ gzip:   2.92 kB
[stdout] dist/assets/index-DdwZXDk9.js            52.84 kB │ gzip:  14.86 kB
[stdout] dist/assets/index-LOxSCVEp.js         3,074.13 kB │ gzip: 556.49 kB
[stdout] built in 18409ms.
[stdout] build started...
[typecheck] ✗ tsc --noEmit found 74 type error(s) — these compile under Vite but will crash at runtime:
[typecheck]   src/components/auri/DocumentHub.tsx(87,14): TS2322 Type 'ForwardRefExoticComponent<Omit<LucideProps, "ref"> & RefAttributes<SVGSVGElement>>' is not assignable to type 'ReactNode'.
[typecheck]   src/components/auri/DocumentHub.tsx(234,29): TS2322 Type 'ForwardRefExoticComponent<Omit<LucideProps, "ref"> & RefAttributes<SVGSVGElement>>' is not assignable to type 'ReactNode'.
[typecheck]   src/components/auri/DocumentHub.tsx(379,29): TS2322 Type 'ForwardRefExoticComponent<Omit<LucideProps, "ref"> & RefAttributes<SVGSVGElement>>' is not assignable to type 'ReactNode'.
[typecheck]   src/components/auri/DocumentHub.tsx(559,29): TS2322 Type 'ForwardRefExoticComponent<Omit<LucideProps, "ref"> & RefAttributes<SVGSVGElement>>' is not assignable to type 'ReactNode'.
[typecheck]   src/components/auri/DocumentHub.tsx(619,27): TS2322 Type 'ForwardRefExoticComponent<Omit<LucideProps, "ref"> & RefAttributes<SVGSVGElement>>' is not assignable to type 'ReactNode'.
[typecheck]   src/components/auri/DocumentHub.tsx(684,29): TS2322 Type 'ForwardRefExoticComponent<Omit<LucideProps, "ref"> & RefAttributes<SVGSVGElement>>' is not assignable to type 'ReactNode'.
[typecheck]   src/generated/audit-entry.routes.ts(166,11): TS2322 Type 'any' is not assignable to type 'never'.
[typecheck]   src/generated/audit-entry.routes.ts(237,9): TS2322 Type 'Record<string, unknown>' is not assignable to type '(Without<AuditEntryCreateInput, AuditEntryUncheckedCreateInput> & AuditEntryUncheckedCreateInput) | (Without<...> & AuditEntryCreateInput)'.
[typecheck]   src/generated/capture-session.routes.ts(166,11): TS2322 Type 'any' is not assignable to type 'never'.
[typecheck]   src/generated/capture-session.routes.ts(237,9): TS2322 Type 'Record<string, unknown>' is not assignable to type '(Without<CaptureSessionCreateInput, CaptureSessionUncheckedCreateInput> & CaptureSessionUncheckedCreateInput) | (Without<...> & CaptureSessionCreateInput)'.
[typecheck]   …and 64 more
[stdout] ✓ 0 modules transformed.
[stdout] dist/index.html                           0.43 kB │ gzip:   0.30 kB
dist/assets/index-D5lHmIok.css          127.11 kB │ gzip:  16.35 kB
dist/assets/ocr-pipeline-BLasq9F_.js      9.57 kB │ gzip:   2.92 kB
dist/assets/index-k3yg36V2.js            52.84 kB │ gzip:  14.86 kB
dist/assets/index-3ZjI8T1j.js         3,074.18 kB │ gzip: 556.50 kB
[stdout] built in 18962ms.
[typecheck] ✗ tsc --noEmit found 74 type error(s) — these compile under Vite but will crash at runtime:
[typecheck]   src/components/auri/DocumentHub.tsx(87,14): TS2322 Type 'ForwardRefExoticComponent<Omit<LucideProps, "ref"> & RefAttributes<SVGSVGElement>>' is not assignable to type 'ReactNode'.
[typecheck]   src/components/auri/DocumentHub.tsx(234,29): TS2322 Type 'ForwardRefExoticComponent<Omit<LucideProps, "ref"> & RefAttributes<SVGSVGElement>>' is not assignable to type 'ReactNode'.
[typecheck]   src/components/auri/DocumentHub.tsx(379,29): TS2322 Type 'ForwardRefExoticComponent<Omit<LucideProps, "ref"> & RefAttributes<SVGSVGElement>>' is not assignable to type 'ReactNode'.
[typecheck]   src/components/auri/DocumentHub.tsx(559,29): TS2322 Type 'ForwardRefExoticComponent<Omit<LucideProps, "ref"> & RefAttributes<SVGSVGElement>>' is not assignable to type 'ReactNode'.
[typecheck]   src/components/auri/DocumentHub.tsx(619,27): TS2322 Type 'ForwardRefExoticComponent<Omit<LucideProps, "ref"> & RefAttributes<SVGSVGElement>>' is not assignable to type 'ReactNode'.
[typecheck]   src/components/auri/DocumentHub.tsx(684,29): TS2322 Type 'ForwardRefExoticComponent<Omit<LucideProps, "ref"> & RefAttributes<SVGSVGElement>>' is not assignable to type 'ReactNode'.
[typecheck]   src/generated/audit-entry.routes.ts(166,11): TS2322 Type 'any' is not assignable to type 'never'.
[typecheck]   src/generated/audit-entry.routes.ts(237,9): TS2322 Type 'Record<string, unknown>' is not assignable to type '(Without<AuditEntryCreateInput, AuditEntryUncheckedCreateInput> & AuditEntryUncheckedCreateInput) | (Without<...> & AuditEntryCreateInput)'.
[typecheck]   src/generated/capture-session.routes.ts(166,11): TS2322 Type 'any' is not assignable to type 'never'.
[typecheck]   src/generated/capture-session.routes.ts(237,9): TS2322 Type 'Record<string, unknown>' is not assignable to type '(Without<CaptureSessionCreateInput, CaptureSessionUncheckedCreateInput> & CaptureSessionUncheckedCreateInput) | (Without<...> & CaptureSessionCreateInput)'.
[typecheck]   …and 64 more
[stdout] build started...
[stdout] ✓ 1 modules transformed.
[typecheck] ✗ tsc --noEmit found 74 type error(s) — these compile under Vite but will crash at runtime:
[typecheck]   src/components/auri/DocumentHub.tsx(87,14): TS2322 Type 'ForwardRefExoticComponent<Omit<LucideProps, "ref"> & RefAttributes<SVGSVGElement>>' is not assignable to type 'ReactNode'.
[typecheck]   src/components/auri/DocumentHub.tsx(234,29): TS2322 Type 'ForwardRefExoticComponent<Omit<LucideProps, "ref"> & RefAttributes<SVGSVGElement>>' is not assignable to type 'ReactNode'.
[typecheck]   src/components/auri/DocumentHub.tsx(379,29): TS2322 Type 'ForwardRefExoticComponent<Omit<LucideProps, "ref"> & RefAttributes<SVGSVGElement>>' is not assignable to type 'ReactNode'.
[typecheck]   src/components/auri/DocumentHub.tsx(559,29): TS2322 Type 'ForwardRefExoticComponent<Omit<LucideProps, "ref"> & RefAttributes<SVGSVGElement>>' is not assignable to type 'ReactNode'.
[typecheck]   src/components/auri/DocumentHub.tsx(619,27): TS2322 Type 'ForwardRefExoticComponent<Omit<LucideProps, "ref"> & RefAttributes<SVGSVGElement>>' is not assignable to type 'ReactNode'.
[typecheck]   src/components/auri/DocumentHub.tsx(684,29): TS2322 Type 'ForwardRefExoticComponent<Omit<LucideProps, "ref"> & RefAttributes<SVGSVGElement>>' is not assignable to type 'ReactNode'.
[typecheck]   src/generated/audit-entry.routes.ts(166,11): TS2322 Type 'any' is not assignable to type 'never'.
[typecheck]   src/generated/audit-entry.routes.ts(237,9): TS2322 Type 'Record<string, unknown>' is not assignable to type '(Without<AuditEntryCreateInput, AuditEntryUncheckedCreateInput> & AuditEntryUncheckedCreateInput) | (Without<...> & AuditEntryCreateInput)'.
[typecheck]   src/generated/capture-session.routes.ts(166,11): TS2322 Type 'any' is not assignable to type 'never'.
[typecheck]   src/generated/capture-session.routes.ts(237,9): TS2322 Type 'Record<string, unknown>' is not assignable to type '(Without<CaptureSessionCreateInput, CaptureSessionUncheckedCreateInput> & CaptureSessionUncheckedCreateInput) | (Without<...> & CaptureSessionCreateInput)'.
[typecheck]   …and 64 more
[stdout] dist/index.html                           0.43 kB │ gzip:   0.30 kB
dist/assets/index-D5lHmIok.css          127.11 kB │ gzip:  16.35 kB
[stdout] dist/assets/ocr-pipeline-BL35malw.js      9.57 kB │ gzip:   2.92 kB
dist/assets/index-DdwZXDk9.js            52.84 kB │ gzip:  14.86 kB
dist/assets/index-LOxSCVEp.js         3,074.13 kB │ gzip: 556.49 kB
[stdout] built in 17277ms.
[typecheck] ✗ tsc --noEmit found 74 type error(s) — these compile under Vite but will crash at runtime:
[typecheck]   src/components/auri/DocumentHub.tsx(87,14): TS2322 Type 'ForwardRefExoticComponent<Omit<LucideProps, "ref"> & RefAttributes<SVGSVGElement>>' is not assignable to type 'ReactNode'.
[typecheck]   src/components/auri/DocumentHub.tsx(234,29): TS2322 Type 'ForwardRefExoticComponent<Omit<LucideProps, "ref"> & RefAttributes<SVGSVGElement>>' is not assignable to type 'ReactNode'.
[typecheck]   src/components/auri/DocumentHub.tsx(379,29): TS2322 Type 'ForwardRefExoticComponent<Omit<LucideProps, "ref"> & RefAttributes<SVGSVGElement>>' is not assignable to type 'ReactNode'.
[typecheck]   src/components/auri/DocumentHub.tsx(559,29): TS2322 Type 'ForwardRefExoticComponent<Omit<LucideProps, "ref"> & RefAttributes<SVGSVGElement>>' is not assignable to type 'ReactNode'.
[typecheck]   src/components/auri/DocumentHub.tsx(619,27): TS2322 Type 'ForwardRefExoticComponent<Omit<LucideProps, "ref"> & RefAttributes<SVGSVGElement>>' is not assignable to type 'ReactNode'.
[typecheck]   src/components/auri/DocumentHub.tsx(684,29): TS2322 Type 'ForwardRefExoticComponent<Omit<LucideProps, "ref"> & RefAttributes<SVGSVGElement>>' is not assignable to type 'ReactNode'.
[typecheck]   src/generated/audit-entry.routes.ts(166,11): TS2322 Type 'any' is not assignable to type 'never'.
[typecheck]   src/generated/audit-entry.routes.ts(237,9): TS2322 Type 'Record<string, unknown>' is not assignable to type '(Without<AuditEntryCreateInput, AuditEntryUncheckedCreateInput> & AuditEntryUncheckedCreateInput) | (Without<...> & AuditEntryCreateInput)'.
[typecheck]   src/generated/capture-session.routes.ts(166,11): TS2322 Type 'any' is not assignable to type 'never'.
[typecheck]   src/generated/capture-session.routes.ts(237,9): TS2322 Type 'Record<string, unknown>' is not assignable to type '(Without<CaptureSessionCreateInput, CaptureSessionUncheckedCreateInput> & CaptureSessionUncheckedCreateInput) | (Without<...> & CaptureSessionCreateInput)'.
[typecheck]   …and 64 more
[stdout] build started...
[stdout] ✓ 1 modules transformed.
[stdout] dist/index.html                           0.43 kB │ gzip:   0.30 kB
dist/assets/index-D5lHmIok.css          127.11 kB │ gzip:  16.35 kB
dist/assets/ocr-pipeline-BLasq9F_.js      9.57 kB │ gzip:   2.92 kB
[stdout] dist/assets/index-k3yg36V2.js            52.84 kB │ gzip:  14.86 kB
dist/assets/index-3ZjI8T1j.js         3,074.18 kB │ gzip: 556.50 kB
[stdout] built in 11240ms.
[typecheck] ✗ tsc --noEmit found 74 type error(s) — these compile under Vite but will crash at runtime:
[typecheck]   src/components/auri/DocumentHub.tsx(87,14): TS2322 Type 'ForwardRefExoticComponent<Omit<LucideProps, "ref"> & RefAttributes<SVGSVGElement>>' is not assignable to type 'ReactNode'.
[typecheck]   src/components/auri/DocumentHub.tsx(234,29): TS2322 Type 'ForwardRefExoticComponent<Omit<LucideProps, "ref"> & RefAttributes<SVGSVGElement>>' is not assignable to type 'ReactNode'.
[typecheck]   src/components/auri/DocumentHub.tsx(379,29): TS2322 Type 'ForwardRefExoticComponent<Omit<LucideProps, "ref"> & RefAttributes<SVGSVGElement>>' is not assignable to type 'ReactNode'.
[typecheck]   src/components/auri/DocumentHub.tsx(559,29): TS2322 Type 'ForwardRefExoticComponent<Omit<LucideProps, "ref"> & RefAttributes<SVGSVGElement>>' is not assignable to type 'ReactNode'.
[typecheck]   src/components/auri/DocumentHub.tsx(619,27): TS2322 Type 'ForwardRefExoticComponent<Omit<LucideProps, "ref"> & RefAttributes<SVGSVGElement>>' is not assignable to type 'ReactNode'.
[typecheck]   src/components/auri/DocumentHub.tsx(684,29): TS2322 Type 'ForwardRefExoticComponent<Omit<LucideProps, "ref"> & RefAttributes<SVGSVGElement>>' is not assignable to type 'ReactNode'.
[typecheck]   src/generated/audit-entry.routes.ts(166,11): TS2322 Type 'any' is not assignable to type 'never'.
[typecheck]   src/generated/audit-entry.routes.ts(237,9): TS2322 Type 'Record<string, unknown>' is not assignable to type '(Without<AuditEntryCreateInput, AuditEntryUncheckedCreateInput> & AuditEntryUncheckedCreateInput) | (Without<...> & AuditEntryCreateInput)'.
[typecheck]   src/generated/capture-session.routes.ts(166,11): TS2322 Type 'any' is not assignable to type 'never'.
[typecheck]   src/generated/capture-session.routes.ts(237,9): TS2322 Type 'Record<string, unknown>' is not assignable to type '(Without<CaptureSessionCreateInput, CaptureSessionUncheckedCreateInput> & CaptureSessionUncheckedCreateInput) | (Without<...> & CaptureSessionCreateInput)'.
[typecheck]   …and 64 more
[stdout] build started...
[api-stdout] 🚀 Server running on http://localhost:3001
[stdout] ✓ 1 modules transformed.
[stdout] dist/index.html                           0.43 kB │ gzip:   0.30 kB
[stdout] dist/assets/index-D5lHmIok.css          127.11 kB │ gzip:  16.35 kB
[stdout] dist/assets/ocr-pipeline-BL35malw.js      9.57 kB │ gzip:   2.92 kB
[stdout] dist/assets/index-DdwZXDk9.js            52.84 kB │ gzip:  14.86 kB
[stdout] dist/assets/index-LOxSCVEp.js         3,074.13 kB │ gzip: 556.49 kB
[stdout] built in 14625ms.
[stdout] build started...
[stdout] ✓ 0 modules transformed.
[stdout] dist/index.html                           0.43 kB │ gzip:   0.30 kB
dist/assets/index-D5lHmIok.css          127.11 kB │ gzip:  16.35 kB
dist/assets/ocr-pipeline-BLasq9F_.js      9.57 kB │ gzip:   2.92 kB
dist/assets/index-k3yg36V2.js            52.84 kB │ gzip:  14.86 kB
dist/assets/index-3ZjI8T1j.js         3,074.18 kB │ gzip: 556.50 kB
[stdout] built in 15736ms.
[typecheck] ✗ tsc --noEmit found 77 type error(s) — these compile under Vite but will crash at runtime:
[typecheck]   src/components/auri/DocumentHub.tsx(87,14): TS2322 Type 'ForwardRefExoticComponent<Omit<LucideProps, "ref"> & RefAttributes<SVGSVGElement>>' is not assignable to type 'ReactNode'.
[typecheck]   src/components/auri/DocumentHub.tsx(234,29): TS2322 Type 'ForwardRefExoticComponent<Omit<LucideProps, "ref"> & RefAttributes<SVGSVGElement>>' is not assignable to type 'ReactNode'.
[typecheck]   src/components/auri/DocumentHub.tsx(379,29): TS2322 Type 'ForwardRefExoticComponent<Omit<LucideProps, "ref"> & RefAttributes<SVGSVGElement>>' is not assignable to type 'ReactNode'.
[typecheck]   src/components/auri/DocumentHub.tsx(559,29): TS2322 Type 'ForwardRefExoticComponent<Omit<LucideProps, "ref"> & RefAttributes<SVGSVGElement>>' is not assignable to type 'ReactNode'.
[typecheck]   src/components/auri/DocumentHub.tsx(619,27): TS2322 Type 'ForwardRefExoticComponent<Omit<LucideProps, "ref"> & RefAttributes<SVGSVGElement>>' is not assignable to type 'ReactNode'.
[typecheck]   src/components/auri/DocumentHub.tsx(684,29): TS2322 Type 'ForwardRefExoticComponent<Omit<LucideProps, "ref"> & RefAttributes<SVGSVGElement>>' is not assignable to type 'ReactNode'.
[typecheck]   src/generated/audit-entry.routes.ts(166,11): TS2322 Type 'any' is not assignable to type 'never'.
[typecheck]   src/generated/audit-entry.routes.ts(237,9): TS2322 Type 'Record<string, unknown>' is not assignable to type '(Without<AuditEntryCreateInput, AuditEntryUncheckedCreateInput> & AuditEntryUncheckedCreateInput) | (Without<...> & AuditEntryCreateInput)'.
[typecheck]   src/generated/capture-session.routes.ts(166,11): TS2322 Type 'any' is not assignable to type 'never'.
[typecheck]   src/generated/capture-session.routes.ts(237,9): TS2322 Type 'Record<string, unknown>' is not assignable to type '(Without<CaptureSessionCreateInput, CaptureSessionUncheckedCreateInput> & CaptureSessionUncheckedCreateInput) | (Without<...> & CaptureSessionCreateInput)'.
[typecheck]   …and 67 more
[stdout] build started...
[typecheck] ✗ tsc --noEmit found 77 type error(s) — these compile under Vite but will crash at runtime:
[typecheck]   src/components/auri/DocumentHub.tsx(87,14): TS2322 Type 'ForwardRefExoticComponent<Omit<LucideProps, "ref"> & RefAttributes<SVGSVGElement>>' is not assignable to type 'ReactNode'.
[typecheck]   src/components/auri/DocumentHub.tsx(234,29): TS2322 Type 'ForwardRefExoticComponent<Omit<LucideProps, "ref"> & RefAttributes<SVGSVGElement>>' is not assignable to type 'ReactNode'.
[typecheck]   src/components/auri/DocumentHub.tsx(379,29): TS2322 Type 'ForwardRefExoticComponent<Omit<LucideProps, "ref"> & RefAttributes<SVGSVGElement>>' is not assignable to type 'ReactNode'.
[typecheck]   src/components/auri/DocumentHub.tsx(559,29): TS2322 Type 'ForwardRefExoticComponent<Omit<LucideProps, "ref"> & RefAttributes<SVGSVGElement>>' is not assignable to type 'ReactNode'.
[typecheck]   src/components/auri/DocumentHub.tsx(619,27): TS2322 Type 'ForwardRefExoticComponent<Omit<LucideProps, "ref"> & RefAttributes<SVGSVGElement>>' is not assignable to type 'ReactNode'.
[typecheck]   src/components/auri/DocumentHub.tsx(684,29): TS2322 Type 'ForwardRefExoticComponent<Omit<LucideProps, "ref"> & RefAttributes<SVGSVGElement>>' is not assignable to type 'ReactNode'.
[typecheck]   src/generated/audit-entry.routes.ts(166,11): TS2322 Type 'any' is not assignable to type 'never'.
[typecheck]   src/generated/audit-entry.routes.ts(237,9): TS2322 Type 'Record<string, unknown>' is not assignable to type '(Without<AuditEntryCreateInput, AuditEntryUncheckedCreateInput> & AuditEntryUncheckedCreateInput) | (Without<...> & AuditEntryCreateInput)'.
[typecheck]   src/generated/capture-session.routes.ts(166,11): TS2322 Type 'any' is not assignable to type 'never'.
[typecheck]   src/generated/capture-session.routes.ts(237,9): TS2322 Type 'Record<string, unknown>' is not assignable to type '(Without<CaptureSessionCreateInput, CaptureSessionUncheckedCreateInput> & CaptureSessionUncheckedCreateInput) | (Without<...> & CaptureSessionCreateInput)'.
[typecheck]   …and 67 more
[stdout] ✓ 2 modules transformed.
[stdout] dist/index.html                           0.43 kB │ gzip:   0.30 kB
[stdout] dist/assets/index-D5lHmIok.css          127.11 kB │ gzip:  16.35 kB
dist/assets/ocr-pipeline-DaggvJRS.js      9.57 kB │ gzip:   2.91 kB
dist/assets/index-s-ocJn0-.js            52.84 kB │ gzip:  14.86 kB
dist/assets/index-DHVCvIf4.js         3,075.26 kB │ gzip: 556.56 kB
[stdout] built in 12839ms.
[stdout] build started...
[stdout] ✓ 1 modules transformed.
[stdout] dist/index.html                           0.43 kB │ gzip:   0.30 kB
dist/assets/index-D5lHmIok.css          127.11 kB │ gzip:  16.35 kB
dist/assets/ocr-pipeline-f5Grnx0c.js      9.57 kB │ gzip:   2.91 kB
dist/assets/index-Cn7_q5tm.js            52.84 kB │ gzip:  14.86 kB
dist/assets/index-CvjkbR9W.js         3,075.55 kB │ gzip: 556.57 kB
[stdout] built in 17179ms.
[typecheck] ✗ tsc --noEmit found 71 type error(s) — these compile under Vite but will crash at runtime:
[typecheck]   src/generated/audit-entry.routes.ts(166,11): TS2322 Type 'any' is not assignable to type 'never'.
[typecheck]   src/generated/audit-entry.routes.ts(237,9): TS2322 Type 'Record<string, unknown>' is not assignable to type '(Without<AuditEntryCreateInput, AuditEntryUncheckedCreateInput> & AuditEntryUncheckedCreateInput) | (Without<...> & AuditEntryCreateInput)'.
[typecheck]   src/generated/capture-session.routes.ts(166,11): TS2322 Type 'any' is not assignable to type 'never'.
[typecheck]   src/generated/capture-session.routes.ts(237,9): TS2322 Type 'Record<string, unknown>' is not assignable to type '(Without<CaptureSessionCreateInput, CaptureSessionUncheckedCreateInput> & CaptureSessionUncheckedCreateInput) | (Without<...> & CaptureSessionCreateInput)'.
[typecheck]   src/generated/competition-task.routes.ts(166,11): TS2322 Type 'any' is not assignable to type 'never'.
[typecheck]   src/generated/competition-task.routes.ts(237,9): TS2322 Type 'Record<string, unknown>' is not assignable to type '(Without<CompetitionTaskCreateInput, CompetitionTaskUncheckedCreateInput> & CompetitionTaskUncheckedCreateInput) | (Without<...> & CompetitionTaskCreateInput)'.
[typecheck]   src/generated/content-draft.routes.ts(166,11): TS2322 Type 'any' is not assignable to type 'never'.
[typecheck]   src/generated/content-draft.routes.ts(237,9): TS2322 Type 'Record<string, unknown>' is not assignable to type '(Without<ContentDraftCreateInput, ContentDraftUncheckedCreateInput> & ContentDraftUncheckedCreateInput) | (Without<...> & ContentDraftCreateInput)'.
[typecheck]   src/generated/contract-record.routes.ts(166,11): TS2322 Type 'any' is not assignable to type 'never'.
[typecheck]   src/generated/contract-record.routes.ts(237,9): TS2322 Type 'Record<string, unknown>' is not assignable to type '(Without<ContractRecordCreateInput, ContractRecordUncheckedCreateInput> & ContractRecordUncheckedCreateInput) | (Without<...> & ContractRecordCreateInput)'.
[typecheck]   …and 61 more
[typecheck] ✗ tsc --noEmit found 71 type error(s) — these compile under Vite but will crash at runtime:
[typecheck]   src/generated/audit-entry.routes.ts(166,11): TS2322 Type 'any' is not assignable to type 'never'.
[typecheck]   src/generated/audit-entry.routes.ts(237,9): TS2322 Type 'Record<string, unknown>' is not assignable to type '(Without<AuditEntryCreateInput, AuditEntryUncheckedCreateInput> & AuditEntryUncheckedCreateInput) | (Without<...> & AuditEntryCreateInput)'.
[typecheck]   src/generated/capture-session.routes.ts(166,11): TS2322 Type 'any' is not assignable to type 'never'.
[typecheck]   src/generated/capture-session.routes.ts(237,9): TS2322 Type 'Record<string, unknown>' is not assignable to type '(Without<CaptureSessionCreateInput, CaptureSessionUncheckedCreateInput> & CaptureSessionUncheckedCreateInput) | (Without<...> & CaptureSessionCreateInput)'.
[typecheck]   src/generated/competition-task.routes.ts(166,11): TS2322 Type 'any' is not assignable to type 'never'.
[typecheck]   src/generated/competition-task.routes.ts(237,9): TS2322 Type 'Record<string, unknown>' is not assignable to type '(Without<CompetitionTaskCreateInput, CompetitionTaskUncheckedCreateInput> & CompetitionTaskUncheckedCreateInput) | (Without<...> & CompetitionTaskCreateInput)'.
[typecheck]   src/generated/content-draft.routes.ts(166,11): TS2322 Type 'any' is not assignable to type 'never'.
[typecheck]   src/generated/content-draft.routes.ts(237,9): TS2322 Type 'Record<string, unknown>' is not assignable to type '(Without<ContentDraftCreateInput, ContentDraftUncheckedCreateInput> & ContentDraftUncheckedCreateInput) | (Without<...> & ContentDraftCreateInput)'.
[typecheck]   src/generated/contract-record.routes.ts(166,11): TS2322 Type 'any' is not assignable to type 'never'.
[typecheck]   src/generated/contract-record.routes.ts(237,9): TS2322 Type 'Record<string, unknown>' is not assignable to type '(Without<ContractRecordCreateInput, ContractRecordUncheckedCreateInput> & ContractRecordUncheckedCreateInput) | (Without<...> & ContractRecordCreateInput)'.
[typecheck]   …and 61 more
[stdout] build started...
[api-stdout] 🚀 Server running on http://localhost:3001
[api-stdout] 🚀 Server running on http://localhost:3001
[api-stderr] 49 | app.get('*', serveStatic({ path: './dist/index.html' }))
50 | 
51 | const port = Number(process.env.PORT) || 3001
52 | console.log(`🚀 Server running on http://localhost:${port}`)
53 | 
54 | Bun.serve({ port, fetch: app.fetch })
         ^
error: Failed to start server. Is port 3001 in use?
 syscall: "listen",
   errno: 0,
    code: "EADDRINUSE"

      at /app/workspace/server.tsx:54:5
[api-stderr] Bun v1.3.11 (Linux x64)
[api-stdout] 🚀 Server running on http://localhost:3001
[stdout] ✓ 1 modules transformed.
[stdout] dist/index.html                           0.43 kB │ gzip:   0.30 kB
[stdout] dist/assets/index-D5lHmIok.css          127.11 kB │ gzip:  16.35 kB
[stdout] dist/assets/ocr-pipeline-wZzvOBKo.js      9.57 kB │ gzip:   2.91 kB
[stdout] dist/assets/index-BLcanZOj.js            52.84 kB │ gzip:  14.85 kB
[stdout] dist/assets/index-BMoehsrj.js         3,075.50 kB │ gzip: 556.57 kB
[stdout] built in 13648ms.
[stdout] build started...
[stdout] ✓ 0 modules transformed.
[stdout] dist/index.html                           0.43 kB │ gzip:   0.30 kB
[stdout] dist/assets/index-D5lHmIok.css          127.11 kB │ gzip:  16.35 kB
[stdout] dist/assets/ocr-pipeline-f5Grnx0c.js      9.57 kB │ gzip:   2.91 kB
[stdout] dist/assets/index-Cn7_q5tm.js            52.84 kB │ gzip:  14.86 kB
[stdout] dist/assets/index-CvjkbR9W.js         3,075.55 kB │ gzip: 556.57 kB
[stdout] built in 14709ms.
[typecheck] ✗ tsc --noEmit found 71 type error(s) — these compile under Vite but will crash at runtime:
[typecheck]   src/generated/audit-entry.routes.ts(166,11): TS2322 Type 'any' is not assignable to type 'never'.
[typecheck]   src/generated/audit-entry.routes.ts(237,9): TS2322 Type 'Record<string, unknown>' is not assignable to type '(Without<AuditEntryCreateInput, AuditEntryUncheckedCreateInput> & AuditEntryUncheckedCreateInput) | (Without<...> & AuditEntryCreateInput)'.
[typecheck]   src/generated/capture-session.routes.ts(166,11): TS2322 Type 'any' is not assignable to type 'never'.
[typecheck]   src/generated/capture-session.routes.ts(237,9): TS2322 Type 'Record<string, unknown>' is not assignable to type '(Without<CaptureSessionCreateInput, CaptureSessionUncheckedCreateInput> & CaptureSessionUncheckedCreateInput) | (Without<...> & CaptureSessionCreateInput)'.
[typecheck]   src/generated/competition-task.routes.ts(166,11): TS2322 Type 'any' is not assignable to type 'never'.
[typecheck]   src/generated/competition-task.routes.ts(237,9): TS2322 Type 'Record<string, unknown>' is not assignable to type '(Without<CompetitionTaskCreateInput, CompetitionTaskUncheckedCreateInput> & CompetitionTaskUncheckedCreateInput) | (Without<...> & CompetitionTaskCreateInput)'.
[typecheck]   src/generated/content-draft.routes.ts(166,11): TS2322 Type 'any' is not assignable to type 'never'.
[typecheck]   src/generated/content-draft.routes.ts(237,9): TS2322 Type 'Record<string, unknown>' is not assignable to type '(Without<ContentDraftCreateInput, ContentDraftUncheckedCreateInput> & ContentDraftUncheckedCreateInput) | (Without<...> & ContentDraftCreateInput)'.
[typecheck]   src/generated/contract-record.routes.ts(166,11): TS2322 Type 'any' is not assignable to type 'never'.
[typecheck]   src/generated/contract-record.routes.ts(237,9): TS2322 Type 'Record<string, unknown>' is not assignable to type '(Without<ContractRecordCreateInput, ContractRecordUncheckedCreateInput> & ContractRecordUncheckedCreateInput) | (Without<...> & ContractRecordCreateInput)'.
[typecheck]   …and 61 more
[typecheck] ✗ tsc --noEmit found 71 type error(s) — these compile under Vite but will crash at runtime:
[typecheck]   src/generated/audit-entry.routes.ts(166,11): TS2322 Type 'any' is not assignable to type 'never'.
[typecheck]   src/generated/audit-entry.routes.ts(237,9): TS2322 Type 'Record<string, unknown>' is not assignable to type '(Without<AuditEntryCreateInput, AuditEntryUncheckedCreateInput> & AuditEntryUncheckedCreateInput) | (Without<...> & AuditEntryCreateInput)'.
[typecheck]   src/generated/capture-session.routes.ts(166,11): TS2322 Type 'any' is not assignable to type 'never'.
[typecheck]   src/generated/capture-session.routes.ts(237,9): TS2322 Type 'Record<string, unknown>' is not assignable to type '(Without<CaptureSessionCreateInput, CaptureSessionUncheckedCreateInput> & CaptureSessionUncheckedCreateInput) | (Without<...> & CaptureSessionCreateInput)'.
[typecheck]   src/generated/competition-task.routes.ts(166,11): TS2322 Type 'any' is not assignable to type 'never'.
[typecheck]   src/generated/competition-task.routes.ts(237,9): TS2322 Type 'Record<string, unknown>' is not assignable to type '(Without<CompetitionTaskCreateInput, CompetitionTaskUncheckedCreateInput> & CompetitionTaskUncheckedCreateInput) | (Without<...> & CompetitionTaskCreateInput)'.
[typecheck]   src/generated/content-draft.routes.ts(166,11): TS2322 Type 'any' is not assignable to type 'never'.
[typecheck]   src/generated/content-draft.routes.ts(237,9): TS2322 Type 'Record<string, unknown>' is not assignable to type '(Without<ContentDraftCreateInput, ContentDraftUncheckedCreateInput> & ContentDraftUncheckedCreateInput) | (Without<...> & ContentDraftCreateInput)'.
[typecheck]   src/generated/contract-record.routes.ts(166,11): TS2322 Type 'any' is not assignable to type 'never'.
[typecheck]   src/generated/contract-record.routes.ts(237,9): TS2322 Type 'Record<string, unknown>' is not assignable to type '(Without<ContractRecordCreateInput, ContractRecordUncheckedCreateInput> & ContractRecordUncheckedCreateInput) | (Without<...> & ContractRecordCreateInput)'.
[typecheck]   …and 61 more
[stdout] build started...
[stdout] ✓ 2 modules transformed.
[stdout] dist/index.html                           0.43 kB │ gzip:   0.30 kB
dist/assets/index-v-UxnzKO.css          129.94 kB │ gzip:  16.53 kB
[stdout] dist/assets/ocr-pipeline-CAD3XpLn.js      9.57 kB │ gzip:   2.92 kB
dist/assets/index-CCGqbzfB.js            52.84 kB │ gzip:  14.86 kB
dist/assets/index-BG8VGcYy.js         3,075.50 kB │ gzip: 556.57 kB
[stdout] built in 14453ms.
[stdout] build started...
[stdout] ✓ 3 modules transformed.
[typecheck] ✗ tsc --noEmit found 71 type error(s) — these compile under Vite but will crash at runtime:
[typecheck]   src/generated/audit-entry.routes.ts(166,11): TS2322 Type 'any' is not assignable to type 'never'.
[typecheck]   src/generated/audit-entry.routes.ts(237,9): TS2322 Type 'Record<string, unknown>' is not assignable to type '(Without<AuditEntryCreateInput, AuditEntryUncheckedCreateInput> & AuditEntryUncheckedCreateInput) | (Without<...> & AuditEntryCreateInput)'.
[typecheck]   src/generated/capture-session.routes.ts(166,11): TS2322 Type 'any' is not assignable to type 'never'.
[typecheck]   src/generated/capture-session.routes.ts(237,9): TS2322 Type 'Record<string, unknown>' is not assignable to type '(Without<CaptureSessionCreateInput, CaptureSessionUncheckedCreateInput> & CaptureSessionUncheckedCreateInput) | (Without<...> & CaptureSessionCreateInput)'.
[typecheck]   src/generated/competition-task.routes.ts(166,11): TS2322 Type 'any' is not assignable to type 'never'.
[typecheck]   src/generated/competition-task.routes.ts(237,9): TS2322 Type 'Record<string, unknown>' is not assignable to type '(Without<CompetitionTaskCreateInput, CompetitionTaskUncheckedCreateInput> & CompetitionTaskUncheckedCreateInput) | (Without<...> & CompetitionTaskCreateInput)'.
[typecheck]   src/generated/content-draft.routes.ts(166,11): TS2322 Type 'any' is not assignable to type 'never'.
[typecheck]   src/generated/content-draft.routes.ts(237,9): TS2322 Type 'Record<string, unknown>' is not assignable to type '(Without<ContentDraftCreateInput, ContentDraftUncheckedCreateInput> & ContentDraftUncheckedCreateInput) | (Without<...> & ContentDraftCreateInput)'.
[typecheck]   src/generated/contract-record.routes.ts(166,11): TS2322 Type 'any' is not assignable to type 'never'.
[typecheck]   src/generated/contract-record.routes.ts(237,9): TS2322 Type 'Record<string, unknown>' is not assignable to type '(Without<ContractRecordCreateInput, ContractRecordUncheckedCreateInput> & ContractRecordUncheckedCreateInput) | (Without<...> & ContractRecordCreateInput)'.
[typecheck]   …and 61 more
[api-stdout] 🚀 Server running on http://localhost:3001
[api-stdout] 🚀 Server running on http://localhost:3001
[api-stdout] 🚀 Server running on http://localhost:3001
[api-stdout] 🚀 Server running on http://localhost:3001
[api-stdout] 🚀 Server running on http://localhost:3001
[stdout] vite v7.3.1 building client environment for production...
[stdout] watching for file changes...
[stdout] build started...
[stdout] transforming...
[api-stdout] 🚀 Server running on http://localhost:3001
[stdout] ✓ 2447 modules transformed.
[stdout] rendering chunks...
[stdout] computing gzip size...
[stdout] dist/index.html                           0.43 kB │ gzip:   0.30 kB
[stdout] dist/assets/index-BEgg8jNX.css          123.77 kB │ gzip:  16.06 kB
[stdout] dist/assets/ocr-pipeline-BrTwDbkx.js      9.57 kB │ gzip:   2.91 kB
dist/assets/index-De_eujtS.js            52.84 kB │ gzip:  14.86 kB
dist/assets/index-BlceVJxD.js         3,111.24 kB │ gzip: 561.19 kB
[stdout] built in 20512ms.
[typecheck] ✗ tsc --noEmit found 71 type error(s) — these compile under Vite but will crash at runtime:
[typecheck]   src/generated/audit-entry.routes.ts(166,11): TS2322 Type 'any' is not assignable to type 'never'.
[typecheck]   src/generated/audit-entry.routes.ts(237,9): TS2322 Type 'Record<string, unknown>' is not assignable to type '(Without<AuditEntryCreateInput, AuditEntryUncheckedCreateInput> & AuditEntryUncheckedCreateInput) | (Without<...> & AuditEntryCreateInput)'.
[typecheck]   src/generated/capture-session.routes.ts(166,11): TS2322 Type 'any' is not assignable to type 'never'.
[typecheck]   src/generated/capture-session.routes.ts(237,9): TS2322 Type 'Record<string, unknown>' is not assignable to type '(Without<CaptureSessionCreateInput, CaptureSessionUncheckedCreateInput> & CaptureSessionUncheckedCreateInput) | (Without<...> & CaptureSessionCreateInput)'.
[typecheck]   src/generated/competition-task.routes.ts(166,11): TS2322 Type 'any' is not assignable to type 'never'.
[typecheck]   src/generated/competition-task.routes.ts(237,9): TS2322 Type 'Record<string, unknown>' is not assignable to type '(Without<CompetitionTaskCreateInput, CompetitionTaskUncheckedCreateInput> & CompetitionTaskUncheckedCreateInput) | (Without<...> & CompetitionTaskCreateInput)'.
[typecheck]   src/generated/content-draft.routes.ts(166,11): TS2322 Type 'any' is not assignable to type 'never'.
[typecheck]   src/generated/content-draft.routes.ts(237,9): TS2322 Type 'Record<string, unknown>' is not assignable to type '(Without<ContentDraftCreateInput, ContentDraftUncheckedCreateInput> & ContentDraftUncheckedCreateInput) | (Without<...> & ContentDraftCreateInput)'.
[typecheck]   src/generated/contract-record.routes.ts(166,11): TS2322 Type 'any' is not assignable to type 'never'.
[typecheck]   src/generated/contract-record.routes.ts(237,9): TS2322 Type 'Record<string, unknown>' is not assignable to type '(Without<ContractRecordCreateInput, ContractRecordUncheckedCreateInput> & ContractRecordUncheckedCreateInput) | (Without<...> & ContractRecordCreateInput)'.
[typecheck]   …and 61 more
[api-stdout] 🚀 Server running on http://localhost:3001
[api-stdout] 🚀 Server running on http://localhost:3001
[api-stdout] 🚀 Server running on http://localhost:3001
[api-stdout] 🚀 Server running on http://localhost:3001
[api-stdout] 🚀 Server running on http://localhost:3001
[api-stdout] 🚀 Server running on http://localhost:3001
[api-stdout] 🚀 Server running on http://localhost:3001
[api-stdout] 🚀 Server running on http://localhost:3001
[api-stdout] 🚀 Server running on http://localhost:3001
[api-stdout] 🚀 Server running on http://localhost:3001
[api-stdout] 🚀 Server running on http://localhost:3001
[api-stdout] 🚀 Server running on http://localhost:3001
[api-stdout] 🚀 Server running on http://localhost:3001
[api-stdout] 🚀 Server running on http://localhost:3001
[stdout] build started...
[api-stdout] 🚀 Server running on http://localhost:3001
[stdout] ✓ 2 modules transformed.
[stdout] dist/index.html                           0.43 kB │ gzip:   0.30 kB
[stdout] dist/assets/index-BEgg8jNX.css          123.77 kB │ gzip:  16.06 kB
[stdout] dist/assets/ocr-pipeline-Y1W1063H.js      9.57 kB │ gzip:   2.92 kB
[stdout] dist/assets/index-BYlm3g_J.js            52.84 kB │ gzip:  14.85 kB
[stdout] dist/assets/index-DISCsu-r.js         3,111.19 kB │ gzip: 561.19 kB
[stdout] built in 19251ms.
[typecheck] ✗ tsc --noEmit found 71 type error(s) — these compile under Vite but will crash at runtime:
[typecheck]   src/generated/audit-entry.routes.ts(166,11): TS2322 Type 'any' is not assignable to type 'never'.
[typecheck]   src/generated/audit-entry.routes.ts(237,9): TS2322 Type 'Record<string, unknown>' is not assignable to type '(Without<AuditEntryCreateInput, AuditEntryUncheckedCreateInput> & AuditEntryUncheckedCreateInput) | (Without<...> & AuditEntryCreateInput)'.
[typecheck]   src/generated/capture-session.routes.ts(166,11): TS2322 Type 'any' is not assignable to type 'never'.
[typecheck]   src/generated/capture-session.routes.ts(237,9): TS2322 Type 'Record<string, unknown>' is not assignable to type '(Without<CaptureSessionCreateInput, CaptureSessionUncheckedCreateInput> & CaptureSessionUncheckedCreateInput) | (Without<...> & CaptureSessionCreateInput)'.
[typecheck]   src/generated/competition-task.routes.ts(166,11): TS2322 Type 'any' is not assignable to type 'never'.
[typecheck]   src/generated/competition-task.routes.ts(237,9): TS2322 Type 'Record<string, unknown>' is not assignable to type '(Without<CompetitionTaskCreateInput, CompetitionTaskUncheckedCreateInput> & CompetitionTaskUncheckedCreateInput) | (Without<...> & CompetitionTaskCreateInput)'.
[typecheck]   src/generated/content-draft.routes.ts(166,11): TS2322 Type 'any' is not assignable to type 'never'.
[typecheck]   src/generated/content-draft.routes.ts(237,9): TS2322 Type 'Record<string, unknown>' is not assignable to type '(Without<ContentDraftCreateInput, ContentDraftUncheckedCreateInput> & ContentDraftUncheckedCreateInput) | (Without<...> & ContentDraftCreateInput)'.
[typecheck]   src/generated/contract-record.routes.ts(166,11): TS2322 Type 'any' is not assignable to type 'never'.
[typecheck]   src/generated/contract-record.routes.ts(237,9): TS2322 Type 'Record<string, unknown>' is not assignable to type '(Without<ContractRecordCreateInput, ContractRecordUncheckedCreateInput> & ContractRecordUncheckedCreateInput) | (Without<...> & ContractRecordCreateInput)'.
[typecheck]   …and 61 more
[api-stdout] 🚀 Server running on http://localhost:3001
[stdout] build started...
[stdout] ✓ 1 modules transformed.
[stdout] dist/index.html                           0.43 kB │ gzip:   0.30 kB
[stdout] dist/assets/index-BEgg8jNX.css          123.77 kB │ gzip:  16.06 kB
[stdout] dist/assets/ocr-pipeline-BrTwDbkx.js      9.57 kB │ gzip:   2.91 kB
[stdout] dist/assets/index-De_eujtS.js            52.84 kB │ gzip:  14.86 kB
[stdout] dist/assets/index-BlceVJxD.js         3,111.24 kB │ gzip: 561.19 kB
[stdout] built in 19300ms.
[typecheck] ✗ tsc --noEmit found 71 type error(s) — these compile under Vite but will crash at runtime:
[typecheck]   src/generated/audit-entry.routes.ts(166,11): TS2322 Type 'any' is not assignable to type 'never'.
[typecheck]   src/generated/audit-entry.routes.ts(237,9): TS2322 Type 'Record<string, unknown>' is not assignable to type '(Without<AuditEntryCreateInput, AuditEntryUncheckedCreateInput> & AuditEntryUncheckedCreateInput) | (Without<...> & AuditEntryCreateInput)'.
[typecheck]   src/generated/capture-session.routes.ts(166,11): TS2322 Type 'any' is not assignable to type 'never'.
[typecheck]   src/generated/capture-session.routes.ts(237,9): TS2322 Type 'Record<string, unknown>' is not assignable to type '(Without<CaptureSessionCreateInput, CaptureSessionUncheckedCreateInput> & CaptureSessionUncheckedCreateInput) | (Without<...> & CaptureSessionCreateInput)'.
[typecheck]   src/generated/competition-task.routes.ts(166,11): TS2322 Type 'any' is not assignable to type 'never'.
[typecheck]   src/generated/competition-task.routes.ts(237,9): TS2322 Type 'Record<string, unknown>' is not assignable to type '(Without<CompetitionTaskCreateInput, CompetitionTaskUncheckedCreateInput> & CompetitionTaskUncheckedCreateInput) | (Without<...> & CompetitionTaskCreateInput)'.
[typecheck]   src/generated/content-draft.routes.ts(166,11): TS2322 Type 'any' is not assignable to type 'never'.
[typecheck]   src/generated/content-draft.routes.ts(237,9): TS2322 Type 'Record<string, unknown>' is not assignable to type '(Without<ContentDraftCreateInput, ContentDraftUncheckedCreateInput> & ContentDraftUncheckedCreateInput) | (Without<...> & ContentDraftCreateInput)'.
[typecheck]   src/generated/contract-record.routes.ts(166,11): TS2322 Type 'any' is not assignable to type 'never'.
[typecheck]   src/generated/contract-record.routes.ts(237,9): TS2322 Type 'Record<string, unknown>' is not assignable to type '(Without<ContractRecordCreateInput, ContractRecordUncheckedCreateInput> & ContractRecordUncheckedCreateInput) | (Without<...> & ContractRecordCreateInput)'.
[typecheck]   …and 61 more
[stdout] build started...
[api-stdout] 🚀 Server running on http://localhost:3001
[stdout] ✓ 1 modules transformed.
[stdout] dist/index.html                           0.43 kB │ gzip:   0.30 kB
[stdout] dist/assets/index-BEgg8jNX.css          123.77 kB │ gzip:  16.06 kB
dist/assets/ocr-pipeline-Y1W1063H.js      9.57 kB │ gzip:   2.92 kB
dist/assets/index-BYlm3g_J.js            52.84 kB │ gzip:  14.85 kB
dist/assets/index-DISCsu-r.js         3,111.19 kB │ gzip: 561.19 kB
[stdout] built in 19904ms.
[typecheck] ✗ tsc --noEmit found 71 type error(s) — these compile under Vite but will crash at runtime:
[typecheck]   src/generated/audit-entry.routes.ts(166,11): TS2322 Type 'any' is not assignable to type 'never'.
[typecheck]   src/generated/audit-entry.routes.ts(237,9): TS2322 Type 'Record<string, unknown>' is not assignable to type '(Without<AuditEntryCreateInput, AuditEntryUncheckedCreateInput> & AuditEntryUncheckedCreateInput) | (Without<...> & AuditEntryCreateInput)'.
[typecheck]   src/generated/capture-session.routes.ts(166,11): TS2322 Type 'any' is not assignable to type 'never'.
[typecheck]   src/generated/capture-session.routes.ts(237,9): TS2322 Type 'Record<string, unknown>' is not assignable to type '(Without<CaptureSessionCreateInput, CaptureSessionUncheckedCreateInput> & CaptureSessionUncheckedCreateInput) | (Without<...> & CaptureSessionCreateInput)'.
[typecheck]   src/generated/competition-task.routes.ts(166,11): TS2322 Type 'any' is not assignable to type 'never'.
[typecheck]   src/generated/competition-task.routes.ts(237,9): TS2322 Type 'Record<string, unknown>' is not assignable to type '(Without<CompetitionTaskCreateInput, CompetitionTaskUncheckedCreateInput> & CompetitionTaskUncheckedCreateInput) | (Without<...> & CompetitionTaskCreateInput)'.
[typecheck]   src/generated/content-draft.routes.ts(166,11): TS2322 Type 'any' is not assignable to type 'never'.
[typecheck]   src/generated/content-draft.routes.ts(237,9): TS2322 Type 'Record<string, unknown>' is not assignable to type '(Without<ContentDraftCreateInput, ContentDraftUncheckedCreateInput> & ContentDraftUncheckedCreateInput) | (Without<...> & ContentDraftCreateInput)'.
[typecheck]   src/generated/contract-record.routes.ts(166,11): TS2322 Type 'any' is not assignable to type 'never'.
[typecheck]   src/generated/contract-record.routes.ts(237,9): TS2322 Type 'Record<string, unknown>' is not assignable to type '(Without<ContractRecordCreateInput, ContractRecordUncheckedCreateInput> & ContractRecordUncheckedCreateInput) | (Without<...> & ContractRecordCreateInput)'.
[typecheck]   …and 61 more
[api-stdout] 🚀 Server running on http://localhost:3001
[api-stdout] 🚀 Server running on http://localhost:3001
[api-stdout] 🚀 Server running on http://localhost:3001
[stdout] build started...
[stdout] ✓ 1 modules transformed.
[stdout] dist/index.html                           0.43 kB │ gzip:   0.30 kB
dist/assets/index-BEgg8jNX.css          123.77 kB │ gzip:  16.06 kB
dist/assets/ocr-pipeline-BrTwDbkx.js      9.57 kB │ gzip:   2.91 kB
dist/assets/index-De_eujtS.js            52.84 kB │ gzip:  14.86 kB
dist/assets/index-BlceVJxD.js         3,111.24 kB │ gzip: 561.19 kB
[stdout] built in 21073ms.
[typecheck] ✗ tsc --noEmit found 71 type error(s) — these compile under Vite but will crash at runtime:
[typecheck]   src/generated/audit-entry.routes.ts(166,11): TS2322 Type 'any' is not assignable to type 'never'.
[typecheck]   src/generated/audit-entry.routes.ts(237,9): TS2322 Type 'Record<string, unknown>' is not assignable to type '(Without<AuditEntryCreateInput, AuditEntryUncheckedCreateInput> & AuditEntryUncheckedCreateInput) | (Without<...> & AuditEntryCreateInput)'.
[typecheck]   src/generated/capture-session.routes.ts(166,11): TS2322 Type 'any' is not assignable to type 'never'.
[typecheck]   src/generated/capture-session.routes.ts(237,9): TS2322 Type 'Record<string, unknown>' is not assignable to type '(Without<CaptureSessionCreateInput, CaptureSessionUncheckedCreateInput> & CaptureSessionUncheckedCreateInput) | (Without<...> & CaptureSessionCreateInput)'.
[typecheck]   src/generated/competition-task.routes.ts(166,11): TS2322 Type 'any' is not assignable to type 'never'.
[typecheck]   src/generated/competition-task.routes.ts(237,9): TS2322 Type 'Record<string, unknown>' is not assignable to type '(Without<CompetitionTaskCreateInput, CompetitionTaskUncheckedCreateInput> & CompetitionTaskUncheckedCreateInput) | (Without<...> & CompetitionTaskCreateInput)'.
[typecheck]   src/generated/content-draft.routes.ts(166,11): TS2322 Type 'any' is not assignable to type 'never'.
[typecheck]   src/generated/content-draft.routes.ts(237,9): TS2322 Type 'Record<string, unknown>' is not assignable to type '(Without<ContentDraftCreateInput, ContentDraftUncheckedCreateInput> & ContentDraftUncheckedCreateInput) | (Without<...> & ContentDraftCreateInput)'.
[typecheck]   src/generated/contract-record.routes.ts(166,11): TS2322 Type 'any' is not assignable to type 'never'.
[typecheck]   src/generated/contract-record.routes.ts(237,9): TS2322 Type 'Record<string, unknown>' is not assignable to type '(Without<ContractRecordCreateInput, ContractRecordUncheckedCreateInput> & ContractRecordUncheckedCreateInput) | (Without<...> & ContractRecordCreateInput)'.
[typecheck]   …and 61 more
[api-stdout] 🚀 Server running on http://localhost:3001
[api-stdout] 🚀 Server running on http://localhost:3001
[stdout] build started...
[stdout] ✓ 1 modules transformed.
[stdout] dist/index.html                           0.43 kB │ gzip:   0.30 kB
[stdout] dist/assets/index-BEgg8jNX.css          123.77 kB │ gzip:  16.06 kB
dist/assets/ocr-pipeline-Y1W1063H.js      9.57 kB │ gzip:   2.92 kB
dist/assets/index-BYlm3g_J.js            52.84 kB │ gzip:  14.85 kB
dist/assets/index-DISCsu-r.js         3,111.19 kB │ gzip: 561.19 kB
[stdout] built in 21431ms.
[typecheck] ✗ tsc --noEmit found 71 type error(s) — these compile under Vite but will crash at runtime:
[typecheck]   src/generated/audit-entry.routes.ts(166,11): TS2322 Type 'any' is not assignable to type 'never'.
[typecheck]   src/generated/audit-entry.routes.ts(237,9): TS2322 Type 'Record<string, unknown>' is not assignable to type '(Without<AuditEntryCreateInput, AuditEntryUncheckedCreateInput> & AuditEntryUncheckedCreateInput) | (Without<...> & AuditEntryCreateInput)'.
[typecheck]   src/generated/capture-session.routes.ts(166,11): TS2322 Type 'any' is not assignable to type 'never'.
[typecheck]   src/generated/capture-session.routes.ts(237,9): TS2322 Type 'Record<string, unknown>' is not assignable to type '(Without<CaptureSessionCreateInput, CaptureSessionUncheckedCreateInput> & CaptureSessionUncheckedCreateInput) | (Without<...> & CaptureSessionCreateInput)'.
[typecheck]   src/generated/competition-task.routes.ts(166,11): TS2322 Type 'any' is not assignable to type 'never'.
[typecheck]   src/generated/competition-task.routes.ts(237,9): TS2322 Type 'Record<string, unknown>' is not assignable to type '(Without<CompetitionTaskCreateInput, CompetitionTaskUncheckedCreateInput> & CompetitionTaskUncheckedCreateInput) | (Without<...> & CompetitionTaskCreateInput)'.
[typecheck]   src/generated/content-draft.routes.ts(166,11): TS2322 Type 'any' is not assignable to type 'never'.
[typecheck]   src/generated/content-draft.routes.ts(237,9): TS2322 Type 'Record<string, unknown>' is not assignable to type '(Without<ContentDraftCreateInput, ContentDraftUncheckedCreateInput> & ContentDraftUncheckedCreateInput) | (Without<...> & ContentDraftCreateInput)'.
[typecheck]   src/generated/contract-record.routes.ts(166,11): TS2322 Type 'any' is not assignable to type 'never'.
[typecheck]   src/generated/contract-record.routes.ts(237,9): TS2322 Type 'Record<string, unknown>' is not assignable to type '(Without<ContractRecordCreateInput, ContractRecordUncheckedCreateInput> & ContractRecordUncheckedCreateInput) | (Without<...> & ContractRecordCreateInput)'.
[typecheck]   …and 61 more
[api-stdout] 🚀 Server running on http://localhost:3001
[api-stdout] 🚀 Server running on http://localhost:3001
[stdout] build started...
[stdout] ✓ 1 modules transformed.
[stdout] dist/index.html                           0.43 kB │ gzip:   0.30 kB
[stdout] dist/assets/index-BEgg8jNX.css          123.77 kB │ gzip:  16.06 kB
[stdout] dist/assets/ocr-pipeline-BrTwDbkx.js      9.57 kB │ gzip:   2.91 kB
[stdout] dist/assets/index-De_eujtS.js            52.84 kB │ gzip:  14.86 kB
dist/assets/index-BlceVJxD.js         3,111.24 kB │ gzip: 561.19 kB
[stdout] built in 18702ms.
[typecheck] ✗ tsc --noEmit found 71 type error(s) — these compile under Vite but will crash at runtime:
[typecheck]   src/generated/audit-entry.routes.ts(166,11): TS2322 Type 'any' is not assignable to type 'never'.
[typecheck]   src/generated/audit-entry.routes.ts(237,9): TS2322 Type 'Record<string, unknown>' is not assignable to type '(Without<AuditEntryCreateInput, AuditEntryUncheckedCreateInput> & AuditEntryUncheckedCreateInput) | (Without<...> & AuditEntryCreateInput)'.
[typecheck]   src/generated/capture-session.routes.ts(166,11): TS2322 Type 'any' is not assignable to type 'never'.
[typecheck]   src/generated/capture-session.routes.ts(237,9): TS2322 Type 'Record<string, unknown>' is not assignable to type '(Without<CaptureSessionCreateInput, CaptureSessionUncheckedCreateInput> & CaptureSessionUncheckedCreateInput) | (Without<...> & CaptureSessionCreateInput)'.
[typecheck]   src/generated/competition-task.routes.ts(166,11): TS2322 Type 'any' is not assignable to type 'never'.
[typecheck]   src/generated/competition-task.routes.ts(237,9): TS2322 Type 'Record<string, unknown>' is not assignable to type '(Without<CompetitionTaskCreateInput, CompetitionTaskUncheckedCreateInput> & CompetitionTaskUncheckedCreateInput) | (Without<...> & CompetitionTaskCreateInput)'.
[typecheck]   src/generated/content-draft.routes.ts(166,11): TS2322 Type 'any' is not assignable to type 'never'.
[typecheck]   src/generated/content-draft.routes.ts(237,9): TS2322 Type 'Record<string, unknown>' is not assignable to type '(Without<ContentDraftCreateInput, ContentDraftUncheckedCreateInput> & ContentDraftUncheckedCreateInput) | (Without<...> & ContentDraftCreateInput)'.
[typecheck]   src/generated/contract-record.routes.ts(166,11): TS2322 Type 'any' is not assignable to type 'never'.
[typecheck]   src/generated/contract-record.routes.ts(237,9): TS2322 Type 'Record<string, unknown>' is not assignable to type '(Without<ContractRecordCreateInput, ContractRecordUncheckedCreateInput> & ContractRecordUncheckedCreateInput) | (Without<...> & ContractRecordCreateInput)'.
[typecheck]   …and 61 more
[api-stdout] 🚀 Server running on http://localhost:3001
[api-stdout] 🚀 Server running on http://localhost:3001
[api-stdout] 🚀 Server running on http://localhost:3001
[api-stdout] 🚀 Server running on http://localhost:3001
[api-stdout] 🚀 Server running on http://localhost:3001
[api-stdout] 🚀 Server running on http://localhost:3001
[stdout] build started...
[stdout] ✓ 1 modules transformed.
[stdout] dist/index.html                           0.43 kB │ gzip:   0.30 kB
dist/assets/index-BEgg8jNX.css          123.77 kB │ gzip:  16.06 kB
dist/assets/ocr-pipeline-Y1W1063H.js      9.57 kB │ gzip:   2.92 kB
dist/assets/index-BYlm3g_J.js            52.84 kB │ gzip:  14.85 kB
dist/assets/index-DISCsu-r.js         3,111.19 kB │ gzip: 561.19 kB
[stdout] built in 18283ms.
[typecheck] ✗ tsc --noEmit found 71 type error(s) — these compile under Vite but will crash at runtime:
[typecheck]   src/generated/audit-entry.routes.ts(166,11): TS2322 Type 'any' is not assignable to type 'never'.
[typecheck]   src/generated/audit-entry.routes.ts(237,9): TS2322 Type 'Record<string, unknown>' is not assignable to type '(Without<AuditEntryCreateInput, AuditEntryUncheckedCreateInput> & AuditEntryUncheckedCreateInput) | (Without<...> & AuditEntryCreateInput)'.
[typecheck]   src/generated/capture-session.routes.ts(166,11): TS2322 Type 'any' is not assignable to type 'never'.
[typecheck]   src/generated/capture-session.routes.ts(237,9): TS2322 Type 'Record<string, unknown>' is not assignable to type '(Without<CaptureSessionCreateInput, CaptureSessionUncheckedCreateInput> & CaptureSessionUncheckedCreateInput) | (Without<...> & CaptureSessionCreateInput)'.
[typecheck]   src/generated/competition-task.routes.ts(166,11): TS2322 Type 'any' is not assignable to type 'never'.
[typecheck]   src/generated/competition-task.routes.ts(237,9): TS2322 Type 'Record<string, unknown>' is not assignable to type '(Without<CompetitionTaskCreateInput, CompetitionTaskUncheckedCreateInput> & CompetitionTaskUncheckedCreateInput) | (Without<...> & CompetitionTaskCreateInput)'.
[typecheck]   src/generated/content-draft.routes.ts(166,11): TS2322 Type 'any' is not assignable to type 'never'.
[typecheck]   src/generated/content-draft.routes.ts(237,9): TS2322 Type 'Record<string, unknown>' is not assignable to type '(Without<ContentDraftCreateInput, ContentDraftUncheckedCreateInput> & ContentDraftUncheckedCreateInput) | (Without<...> & ContentDraftCreateInput)'.
[typecheck]   src/generated/contract-record.routes.ts(166,11): TS2322 Type 'any' is not assignable to type 'never'.
[typecheck]   src/generated/contract-record.routes.ts(237,9): TS2322 Type 'Record<string, unknown>' is not assignable to type '(Without<ContractRecordCreateInput, ContractRecordUncheckedCreateInput> & ContractRecordUncheckedCreateInput) | (Without<...> & ContractRecordCreateInput)'.
[typecheck]   …and 61 more
[api-stdout] 🚀 Server running on http://localhost:3001
[api-stdout] 🚀 Server running on http://localhost:3001
[stdout] build started...
[api-stdout] 🚀 Server running on http://localhost:3001
[stdout] ✓ 1 modules transformed.
[stdout] dist/index.html                           0.43 kB │ gzip:   0.30 kB
[stdout] dist/assets/index-BEgg8jNX.css          123.77 kB │ gzip:  16.06 kB
[stdout] dist/assets/ocr-pipeline-BrTwDbkx.js      9.57 kB │ gzip:   2.91 kB
[stdout] dist/assets/index-De_eujtS.js            52.84 kB │ gzip:  14.86 kB
[stdout] dist/assets/index-BlceVJxD.js         3,111.24 kB │ gzip: 561.19 kB
[stdout] built in 21041ms.
[typecheck] ✗ tsc --noEmit found 71 type error(s) — these compile under Vite but will crash at runtime:
[typecheck]   src/generated/audit-entry.routes.ts(166,11): TS2322 Type 'any' is not assignable to type 'never'.
[typecheck]   src/generated/audit-entry.routes.ts(237,9): TS2322 Type 'Record<string, unknown>' is not assignable to type '(Without<AuditEntryCreateInput, AuditEntryUncheckedCreateInput> & AuditEntryUncheckedCreateInput) | (Without<...> & AuditEntryCreateInput)'.
[typecheck]   src/generated/capture-session.routes.ts(166,11): TS2322 Type 'any' is not assignable to type 'never'.
[typecheck]   src/generated/capture-session.routes.ts(237,9): TS2322 Type 'Record<string, unknown>' is not assignable to type '(Without<CaptureSessionCreateInput, CaptureSessionUncheckedCreateInput> & CaptureSessionUncheckedCreateInput) | (Without<...> & CaptureSessionCreateInput)'.
[typecheck]   src/generated/competition-task.routes.ts(166,11): TS2322 Type 'any' is not assignable to type 'never'.
[typecheck]   src/generated/competition-task.routes.ts(237,9): TS2322 Type 'Record<string, unknown>' is not assignable to type '(Without<CompetitionTaskCreateInput, CompetitionTaskUncheckedCreateInput> & CompetitionTaskUncheckedCreateInput) | (Without<...> & CompetitionTaskCreateInput)'.
[typecheck]   src/generated/content-draft.routes.ts(166,11): TS2322 Type 'any' is not assignable to type 'never'.
[typecheck]   src/generated/content-draft.routes.ts(237,9): TS2322 Type 'Record<string, unknown>' is not assignable to type '(Without<ContentDraftCreateInput, ContentDraftUncheckedCreateInput> & ContentDraftUncheckedCreateInput) | (Without<...> & ContentDraftCreateInput)'.
[typecheck]   src/generated/contract-record.routes.ts(166,11): TS2322 Type 'any' is not assignable to type 'never'.
[typecheck]   src/generated/contract-record.routes.ts(237,9): TS2322 Type 'Record<string, unknown>' is not assignable to type '(Without<ContractRecordCreateInput, ContractRecordUncheckedCreateInput> & ContractRecordUncheckedCreateInput) | (Without<...> & ContractRecordCreateInput)'.
[typecheck]   …and 61 more
[api-stdout] 🚀 Server running on http://localhost:3001
[stdout] build started...
[stdout] ✓ 1 modules transformed.
[stdout] dist/index.html                           0.43 kB │ gzip:   0.30 kB
[stdout] dist/assets/index-BEgg8jNX.css          123.77 kB │ gzip:  16.06 kB
[stdout] dist/assets/ocr-pipeline-Y1W1063H.js      9.57 kB │ gzip:   2.92 kB
[stdout] dist/assets/index-BYlm3g_J.js            52.84 kB │ gzip:  14.85 kB
[stdout] dist/assets/index-DISCsu-r.js         3,111.19 kB │ gzip: 561.19 kB
[stdout] built in 20916ms.
[typecheck] ✗ tsc --noEmit found 71 type error(s) — these compile under Vite but will crash at runtime:
[typecheck]   src/generated/audit-entry.routes.ts(166,11): TS2322 Type 'any' is not assignable to type 'never'.
[typecheck]   src/generated/audit-entry.routes.ts(237,9): TS2322 Type 'Record<string, unknown>' is not assignable to type '(Without<AuditEntryCreateInput, AuditEntryUncheckedCreateInput> & AuditEntryUncheckedCreateInput) | (Without<...> & AuditEntryCreateInput)'.
[typecheck]   src/generated/capture-session.routes.ts(166,11): TS2322 Type 'any' is not assignable to type 'never'.
[typecheck]   src/generated/capture-session.routes.ts(237,9): TS2322 Type 'Record<string, unknown>' is not assignable to type '(Without<CaptureSessionCreateInput, CaptureSessionUncheckedCreateInput> & CaptureSessionUncheckedCreateInput) | (Without<...> & CaptureSessionCreateInput)'.
[typecheck]   src/generated/competition-task.routes.ts(166,11): TS2322 Type 'any' is not assignable to type 'never'.
[typecheck]   src/generated/competition-task.routes.ts(237,9): TS2322 Type 'Record<string, unknown>' is not assignable to type '(Without<CompetitionTaskCreateInput, CompetitionTaskUncheckedCreateInput> & CompetitionTaskUncheckedCreateInput) | (Without<...> & CompetitionTaskCreateInput)'.
[typecheck]   src/generated/content-draft.routes.ts(166,11): TS2322 Type 'any' is not assignable to type 'never'.
[typecheck]   src/generated/content-draft.routes.ts(237,9): TS2322 Type 'Record<string, unknown>' is not assignable to type '(Without<ContentDraftCreateInput, ContentDraftUncheckedCreateInput> & ContentDraftUncheckedCreateInput) | (Without<...> & ContentDraftCreateInput)'.
[typecheck]   src/generated/contract-record.routes.ts(166,11): TS2322 Type 'any' is not assignable to type 'never'.
[typecheck]   src/generated/contract-record.routes.ts(237,9): TS2322 Type 'Record<string, unknown>' is not assignable to type '(Without<ContractRecordCreateInput, ContractRecordUncheckedCreateInput> & ContractRecordUncheckedCreateInput) | (Without<...> & ContractRecordCreateInput)'.
[typecheck]   …and 61 more
[api-stdout] 🚀 Server running on http://localhost:3001
[api-stdout] 🚀 Server running on http://localhost:3001
[api-stdout] 🚀 Server running on http://localhost:3001
